dataset_id__Mareckova,cell_type,pathway,set_size__Mareckova,ES__Mareckova,NES__Mareckova,nominal_p_value__Mareckova,leading_edge_genes__Mareckova,within_cell_type_FDR__Mareckova,global_dataset_FDR__Mareckova,significant_within_cell_type_fdr_0_25__Mareckova,significant_global_dataset_fdr_0_25__Mareckova,dataset_id__Huang,set_size__Huang,ES__Huang,NES__Huang,nominal_p_value__Huang,leading_edge_genes__Huang,within_cell_type_FDR__Huang,global_dataset_FDR__Huang,significant_within_cell_type_fdr_0_25__Huang,significant_global_dataset_fdr_0_25__Huang,direction_concordant,significant_both_within_fdr_0_25,concordance_class
Mareckova_E-MTAB-14039,dStromal_early,HALLMARK_ADIPOGENESIS,183,-0.26563140442988764,-1.3068101323609018,0.018461538461538463,NKIRAS1;CAT;ATP5PO;SLC5A6;HIBCH;GBE1;UCK1;PPP1R15B;ACADS;ETFB;SOD1;ECHS1;UBC;TKT;ACOX1;PRDX3;NDUFAB1;SSPN;CMPK1;PIM3;JAGN1;POR;CYC1;IDH3G;GHITM;SUCLG1;SCP2;LAMA4;NDUFS3;DHRS7B;BAZ2A;BCL6;QDPR;PREB;FAH;DRAM2;MTCH2;MGST3;COQ9;CD151;RAB34;SLC66A3;PHYH;DECR1;COQ5;IDH3A;OMD;ELMOD3;SOWAHC;PGM1;PHLDB1;DNAJB9;SULT1A1;SAMM50;DNAJC15,0.048582995951417005,0.053511705685618735,True,True,Huang_GSE214411,188,-0.18127658799170066,-0.8799838075958227,0.7827586206896552,ATP1B3;GPAM;DHCR7;UQCR10;CAT;MGLL;GPX3;MIGA2;FZD4;CPT2;MTCH2;SLC25A10;DGAT1;MYLK;GPAT4;CAVIN2;UCK1;NMT1;IMMT;COQ9;ECHS1;TST;ABCB8;ELOVL6;RETSAT;UCP2,0.8327219369038885,0.8175024759160889,False,False,True,False,not_significant_in_both
Mareckova_E-MTAB-14039,dStromal_early,HALLMARK_ALLOGRAFT_REJECTION,94,0.3835823095036496,1.6034051678073866,0.004885993485342019,CD74;HLA-DRA;SRGN;CDKN2A;IRF8;F2R;HLA-DMA;IGSF6;LIF;ETS1;ICAM1;STAT1;CCND2;GBP2;EIF3J;CXCL13;CSK;LYN,0.02035830618892508,0.02298762499521091,True,True,Huang_GSE214411,123,0.36004432659725083,1.720635615063783,0.004987531172069825,TGFB1;NPM1;DYRK3;ACHE;IL2RB;IRF8;GZMB;ABI1;KLRD1;CD40;AKT1;IFNGR2;PTPRC;BCL3;RPL39;IFNGR1;PRKCG;DEGS1;SOCS1;IL11;EIF3D;IL15;CFP;CD247;IGSF6;HIF1A;UBE2N;UBE2D1;EGFR;PSMB10;IL1B;IL4R;CCND3;MAP3K7;CD8B;CD3D,0.013958682300390844,0.010025188285567489,True,True,True,True,concordant_positive
Mareckova_E-MTAB-14039,dStromal_early,HALLMARK_ANDROGEN_RESPONSE,94,0.3828747964145635,1.6004477057054458,0.006514657980456026,SGK1;SCD;GUCY1A1;CCND1;DHCR24;IQGAP2;KRT8;KLK2;MAF;ABCC4;SPDEF;HOMER2;PDLIM5;B4GALT1;INSIG1;INPP4B;FADS1;SRF;GSR;RRP12;ARID5B;SAT1;STEAP4;ACTN1;PA2G4;PTK2B;ITGAV;ZMIZ1;ELK4;NCOA4,0.02171552660152009,0.02659044073655521,True,True,Huang_GSE214411,97,0.3209190255821035,1.450843840402524,0.01598173515981735,SAT1;SGK1;SLC38A2;UAP1;GSR;RPS6KA3;AKAP12;IDI1;INSIG1;VAPA;SMS;AKT1;ADAMTS1;SEC24D;SRP19;PLPP1;NDRG1;DNAJB9;SELENOP;ITGAV;NKX3-1;ACSL3;MAF;ALDH1A3;SRF;ELL2;HMGCS1;RRP12;ARID5B;GNAI3;ELK4;CCND3;B4GALT1;PIAS1;PGM3;RAB4A;STEAP4,0.03632212536322125,0.02828625692003071,True,True,True,True,concordant_positive
Mareckova_E-MTAB-14039,dStromal_early,HALLMARK_ANGIOGENESIS,24,0.6341947630278383,1.9651634446222985,0.0018050541516245488,SPP1;POSTN;STC1;FSTL1;CCND2;TNFRSF21;FGFR1;APP;SERPINA5;ITGAV;NRP1;VAV2;LUM;VEGFA;KCNJ8;MSX1,0.009025270758122744,0.011757789535567314,True,True,Huang_GSE214411,28,-0.20109192835693845,-0.6763035740703564,0.9142857142857143,VCAN;KCNJ8;SPP1;SERPINA5,0.9142857142857143,0.9235209235209235,False,False,False,False,not_significant_in_both
Mareckova_E-MTAB-14039,dStromal_early,HALLMARK_APICAL_JUNCTION,141,0.4415917912096674,1.9542209623577251,0.0015527950310559005,VWF;CDH1;MPZL2;CLDN4;ITGA2;TRO;CNN2;CLDN7;ITGA9;MYH9;JUP;ITGA3;SRC;ACTN4;CNTN1;ICAM1;EPB41L2;CX3CL1;GTF2F1;ZYX;RSU1;B4GALT1;MYL9;SIRPA;INSIG1;SYMPK;TGFBI;CALB2;SDC3;CD34;PPP2R2C;MYH10;CD276;NF2;ITGB1;PFN1;ACTN1;JAM3;MSN;SHROOM2;PIK3R3;LAMA3;LAYN;STX4;VAV2;PTEN;PIK3CB;MMP2;BAIAP2;EXOC4;ADAM9;CTNND1;NLGN3;DHX16;RHOF;WNK4,0.009025270758122744,0.011689070718877849,True,True,Huang_GSE214411,154,-0.17607816593657566,-0.8310442620770337,0.8704663212435233,EPB41L2;HADH;TMEM8B;TJP1;HRAS;MYL9;VCAN;BMP1;LDLRAP1;PIK3R3;SKAP2;TAOK2;NEXN;LAMA3;YWHAH;ITGB1;THY1;INPPL1;TUBG1;NECTIN1;SHROOM2;ITGA2;VWF,0.8882309400444115,0.8872245427048826,False,False,False,False,not_significant_in_both
Mareckova_E-MTAB-14039,dStromal_early,HALLMARK_APICAL_SURFACE,27,0.4534223972908631,1.4226224789021178,0.07536764705882353,FLOT2;ATP8B1;CX3CL1;EFNA5;B4GALT1;LYN;HSPB1;APP;ADIPOR2;SHROOM2;AKAP7;SRPX,0.15073529411764705,0.16384271099744244,True,True,Huang_GSE214411,32,-0.27981930570163926,-0.9672763966637843,0.4897579143389199,AKAP7;NCOA6;TMEM8B;ATP8B1;THY1;BRCA1;SHROOM2;NTNG1,0.6278947619729742,0.5472155467473966,False,False,False,False,not_significant_in_both
Mareckova_E-MTAB-14039,dStromal_early,HALLMARK_APOPTOSIS,133,0.2682867021973027,1.174354744921084,0.17475728155339806,KRT18;CLU;CCND1;TNFSF10;BMF;F2R;TOP2A;DPYD;RETSAT;BGN;CASP8;CDK2;CCND2;PAK1;HSPB1;PDCD4;ERBB2;APP;HGF;SC5D;GSR;SAT1;PDGFRB;ADD1;CASP7;PMAIP1;NEFH;MADD;CDKN1A;PEA15;MMP2;EBP;LUM;IER3;ROCK1;BCL2L1;ANXA1;ISG20,0.2592044011849344,0.28852822860313493,False,False,Huang_GSE214411,146,0.42343289853143756,2.057415865677073,0.0025575447570332483,SMAD7;EMP1;PPP3R1;EGR3;CDKN1A;DNAJA1;GADD45A;BMP2;PDGFRB;SAT1;TIMP3;AVPR1A;GSR;VDAC2;BTG3;PLAT;TNFRSF12A;DCN;BCL2L11;GCH1;TGFBR3;HMGB2;HMOX1;RARA;PEA15;LMNA;ANXA1;CTNNB1;LGALS3;PMAIP1;IER3;ATF3;WEE1;IFNGR1;ENO2;BTG2;ETF1;CASP7;SQSTM1;CASP3;BCL2L10;SLC20A1;BNIP3L;CASP1;HGF,0.010993843447669306,0.006809090135330666,True,True,True,False,not_significant_in_both
Mareckova_E-MTAB-14039,dStromal_early,HALLMARK_BILE_ACID_METABOLISM,78,-0.3029450255963854,-1.3039656304878282,0.06510416666666667,CAT;GCLM;GNPAT;SLC35B2;FDXR;PEX11A;SOD1;CYP46A1;IDH2;PEX7;CYP27A1;PRDX5;SCP2;HSD17B11;MLYCD;HACL1;IDI1;ISOC1;SOAT2;PEX16;PEX11G;PEX13;PAOX;DIO2;PHYH;PNPLA8;ACSL1;HSD17B6;EFHC1;PXMP2;SLC27A5;ALDH9A1,0.146484375,0.15052986512524086,True,True,Huang_GSE214411,82,0.2186373398167778,0.955217043690147,0.5497737556561086,SLC23A2;CH25H;ABCA8;IDI1;ABCA1;PNPLA8;HSD17B6;NPC1;SLC35B2;HSD17B11;TTR;ABCA2;SCP2;PXMP2;PEX7,0.6704557995806203,0.60084563459684,False,False,False,False,not_significant_in_both
Mareckova_E-MTAB-14039,dStromal_early,HALLMARK_CHOLESTEROL_HOMEOSTASIS,67,0.3283466301343483,1.2835934401096962,0.10099337748344371,CLU;SCD;STARD4;FADS2;PLSCR1;SREBF2;LGMN;PDK3;TMEM97;LDLR;CD9;ANTXR2;CHKA;SC5D;TP53INP1;CYP51A1,0.18702477311748833,0.19706024874818287,True,True,Huang_GSE214411,70,0.214017742487165,0.9013557767973448,0.6785714285714286,ERRFI1;AVPR1A;LSS;IDI1;TNFRSF12A;CTNNB1;LGALS3;ATF3;FBXO6;ABCA2;TRIB3;STX5;HMGCS1;NFIL3;PDK3;PLAUR;PLSCR1;LDLR;ATF5;ALDOC;PNRC1;SCD;PPARG;FASN,0.7875264270613108,0.727074208717446,False,False,True,False,not_significant_in_both
Mareckova_E-MTAB-14039,dStromal_early,HALLMARK_COAGULATION,84,0.4354841903514959,1.7765571403003542,0.0017035775127768314,DUSP6;VWF;CTSV;CLU;ITGA2;MMP11;C3;MMP14;P2RY1;APOC1;HTRA1;A2M;LTA4H;LGMN;ANG;TFPI2;MMP7;PROS1;CFI;CD9;CTSK;RGN,0.009025270758122744,0.011689070718877849,True,True,Huang_GSE214411,94,0.2752880376190168,1.2308442276249398,0.13580246913580246,THBS1;SERPINE1;DUSP14;APOC1;TIMP3;MMP14;PLAT;FYN;PREP;FN1;ANXA1;ARF4;GNB2;CTSH;CTSK;F3;MAFF;LEFTY2;F10;S100A13,0.21903624054161688,0.1781015988666262,True,True,True,True,concordant_positive
Mareckova_E-MTAB-14039,dStromal_early,HALLMARK_COMPLEMENT,135,0.24714655084718365,1.0892018308016072,0.28110599078341014,DUSP6;CTSV;CLU;ERAP2;C3;CASP10;MMP14;APOC1;PLSCR1;SRC;LTA4H;LGMN;ANG;TFPI2,0.3698763036623818,0.4133911629167796,False,False,Huang_GSE214411,152,0.30604421098458184,1.4731428815878742,0.007653061224489796,SERPINE1;APOC1;DUSP5;FDX1;DYRK2;MMP14;PIM1;PLAT;ACTN2;GZMB;FYN;PREP;CEBPB;FN1;CXCL1;PPP4C;LGALS3;GNB2;FCER1G;CD55;CTSH;CASP7;CASP3;PPP2CB;F3;DOCK10;PIK3CA;MAFF;CASP1;XPNPEP1;HSPA1A;KYNU;F10;S100A13;CBLB;RCE1;RAF1;APOBEC3G;GNAI3;TIMP2;GNB4;ERAP2;EHD1;PLAUR;LAMP2;PLSCR1;CASP9,0.019132653061224487,0.014508172937421415,True,True,True,False,not_significant_in_both
Mareckova_E-MTAB-14039,dStromal_early,HALLMARK_DNA_REPAIR,143,-0.2492982206689175,-1.2022959864511253,0.11351351351351352,GTF2B;TAF9;MRPL40;ADRM1;FEN1;POLR2E;EDF1;POLR3C;RALA;ERCC1;POLR1D;NELFCD;MPG;NT5C;CLP1;GTF2H5;GTF2A2;DAD1;TSG101;TMED2;RFC2;AK1;POLR2K;BRF2;SDCBP;DGCR8;VPS37D;ERCC4;NME3;SAC3D1;MPC2;POLR3GL;POLR2C;SUPT4H1;GMPR2;TAF12;HPRT1;ADA,0.19571295433364402,0.21519149481234792,True,True,Huang_GSE214411,143,-0.1889172226371314,-0.8820091433159503,0.7532679738562091,FEN1;TP53;LIG1;NME1;SAC3D1;GTF2H3;DDB1;USP11;VPS37B;NELFB;NCBP2;SEC61A1;TARBP2;ADA;RBX1;SMAD5;SUPT4H1;POLR3C;POLR2I;TYMS;CSTF3;GUK1;TAF1C;ERCC5;SNAPC5;VPS28;APRT;POLR2D;CLP1;POLA2;ZWINT;UMPS;HCLS1;SNAPC4;CETN2;DDB2;POLR3GL;POLD3;RFC3;CANT1;NPR2;XPC;POLA1,0.8187695368002272,0.7929136566907465,False,False,True,False,not_significant_in_both
Mareckova_E-MTAB-14039,dStromal_early,HALLMARK_E2F_TARGETS,182,0.35541671779137685,1.6366225195100768,0.0015015015015015015,BIRC5;PTTG1;CDKN2A;TRIP13;MKI67;ATAD2;TOP2A;CDC20;CCNB2;CDK1;SHMT1;CDKN3;RFC3;ORC2;MCM5;RFC1;CKS2;MTHFD2;TCF19;RAD51AP1;AURKA;SPAG5;TACC3;RRM2;CENPM;CCP110;GINS4;CENPE;HELLS;NBN;STAG1;MCM4;POLD3;HMMR;GINS1;NCAPD2;MCM7;PA2G4;MAD2L1;UBE2T;LIG1;MCM2;PLK4;RACGAP1;CHEK2;TK1;HUS1;SMC4;MELK;CDKN1A;ZW10;DEK;TP53;MCM3,0.009025270758122744,0.011689070718877849,True,True,Huang_GSE214411,186,-0.28427502563690177,-1.3638615671259136,0.022727272727272728,AURKB;JPT1;PPP1R8;GINS4;HELLS;PLK1;MAD2L1;RRM2;RAD51C;NCAPD2;HNRNPD;MCM5;SMC3;TMPO;DCTPP1;POP7;LMNB1;HMGB3;ORC6;POLA2;CENPE;ZW10;RPA1;TACC3;CTCF;CIT;TUBB;TCF19;GINS3;BRCA2;TUBG1;CSE1L;POLD3;TOP2A;BRCA1;RFC3;MKI67;ILF3;UBE2T;RAD51AP1;SMC1A;DLGAP5;DIAPH3;MCM3;XPO1;TIMELESS;RAD21,0.047348484848484855,0.038358266206367474,True,True,False,True,discordant
Mareckova_E-MTAB-14039,dStromal_early,HALLMARK_EPITHELIAL_MESENCHYMAL_TRANSITION,176,0.3510967523560151,1.6147660972988578,0.0015600624024961,SPP1;POSTN;FBN2;ITGA2;SDC4;NTM;MYLK;MFAP5;FAP;MMP14;HTRA1;PTHLH;SNTB1;FSTL1;BGN;GLIPR1;LAMA2;GJA1;ID2;FBLN5;CAP2;TFPI2;SFRP1;ACTA2;MYL9;IGFBP3;COL6A3;ITGB5;NOTCH2;TGFBI;COL11A1;IGFBP4;CALD1;TGM2;THBS1;ITGB1;TAGLN;PRRX1;MCM7;COLGALT1;LOXL1;SAT1;MGP;PDGFRB;ITGAV;COL5A1;FMOD;SFRP4,0.009025270758122744,0.011689070718877849,True,True,Huang_GSE214411,182,0.29088482377879904,1.4575288687340369,0.00954653937947494,TGFB1;THBS1;SERPINE1;VIM;GADD45A;SERPINE2;PDGFRB;SAT1;TIMP3;IGFBP3;MMP14;FZD8;GEM;CCN2;ID2;ELN;TNFRSF12A;DCN;PTX3;TGFBR3;FN1;ITGA5;CXCL1;FGF2;VEGFA;GAS1;SDC4;ENO2;PDLIM4;MATN2;COPA;COL12A1;IL15;TGM2;GADD45B;EMP3;ITGAV;FAP;RGS4;WIPF1;COL5A2;AREG;VEGFC;CD44;SLC6A8,0.022729855665416528,0.017667584399522974,True,True,True,True,concordant_positive
Mareckova_E-MTAB-14039,dStromal_early,HALLMARK_ESTROGEN_RESPONSE_EARLY,157,0.29113881895017635,1.2923412828463485,0.0703125,KRT18;CCND1;ABAT;ELF3;MYBL1;PODXL;HSPB8;KRT8;CLDN7;SCNN1A;ZNF185;GJA1;FLNB;MREG;MUC1;B4GALT1;SLC7A5;WWC1;KAZN;MYBBP1A;DEPTOR;CALB2;SLC22A5;IGFBP4;MED24;TGM2;SLC24A3;CANT1;IGF1R;RRP12;GAB2;TPD52L1;WFS1;CELSR1;TFAP2C;IL6ST;TIAM1;ALDH3B1;RAPGEFL1;AKAP1;AMFR;RPS6KA2;PMAIP1,0.146484375,0.15980113636363635,True,True,Huang_GSE214411,168,0.22614256180074288,1.1228961199917649,0.17974683544303796,MYC;HES1;EGR3;KLF10;KLF4;HSPB8;ADD3;NXT1;TIPARP;BHLHE40;AMFR;TOB1;SLC19A2;SLC2A1;IGF1R;ABLIM1;RARA;UGCG;LRIG1;XBP1;GREB1;GLA;PMAIP1;NBL1;SIAH2;TGM2;FRK;ISG20L2;AQP3;TSKU;FOS;SLC7A5;MED13L;RRP12;AREG;CD44;TMEM164,0.27234369006520903,0.229569444757039,False,True,True,False,not_significant_in_both
Mareckova_E-MTAB-14039,dStromal_early,HALLMARK_ESTROGEN_RESPONSE_LATE,142,0.34010430952193416,1.5059594987791327,0.007898894154818325,AGR2;CXCL14;CDH1;ASS1;SGK1;CCND1;PERP;HSPB8;TOP2A;CDC20;SCNN1A;STIL;HOMER2;ID2;TFPI2;FLNB;SLC29A1;SLC7A5;PDCD4;CD9;SNX10;SLC22A5;IGFBP4;CDC6;SLC24A3;SERPINA5;XRCC3;TST;ATP2B4;CA2;DLG5;PLXNB1;TPD52L1;WFS1;TFAP2C;IL6ST;PLK4;TIAM1;ALDH3B1;RAPGEFL1;AMFR;RPS6KA2;PLAAT3;MOCS2;ITPK1;HSPA4L;DHCR7;RABEP1;ANXA9;MYOF;DNAJC12,0.0232320416318186,0.028464483440786753,True,True,Huang_GSE214411,163,-0.22465901931374044,-1.0672899583272724,0.30633802816901406,RAPGEFL1;XRCC3;CELSR2;SORD;WFS1;AGR2;FARP1;PKP3;PGR;TOP2A;SLC26A2;SERPINA5;TFF3;MOCS2;UNC13B;HOMER2;SEMA3B;TST;CA12;CCND1;RPS6KA2;SLC1A4;SCNN1A,0.4232771054116761,0.3668718900227714,False,False,False,False,not_significant_in_both
Mareckova_E-MTAB-14039,dStromal_early,HALLMARK_FATTY_ACID_METABOLISM,129,-0.33419917299710816,-1.5868237464828496,0.002631578947368421,LDHA;ALDH1A1;LGALS1;HSD17B10;CBR1;AADAT;SDHC;MCEE;ACADM;FASN;IDH3B;ACAA2;BPHL;HSP90AA1;CRAT;ETFDH;ECI1;APEX1;NTHL1;GABARAPL1;HIBCH;MDH1;PPARA;ACADS;RDH11;NSDHL;ECHS1;PTPRG;UGDH;PTS;ACOX1;GLUL;GSTZ1;IDH3G;ACAT2;FH;ERP29;SUCLG1;D2HGDH;UROS;ALDH3A2;HSD17B11;MLYCD;EPHX1;SUCLA2;PDHB;HCCS;SDHD;PRDX6;IDI1;HMGCL;PDHA1;ENO3;ACAA1;GCDH;ECI2;SMS;ACADVL;DECR1;ACSL1;SDHA;GRHPR;HADHB;OSTC;ODC1;ALDH9A1;ACOT2;CA4,0.011961722488038277,0.01564455569461827,True,True,Huang_GSE214411,133,0.2324411452720111,1.1117197669791528,0.21794871794871795,APEX1;MCEE;UGDH;IDI1;PRDX6;SMS;ALDOA;MDH1;GABARAPL1;TP53INP2;SUCLG2;ENO2;LDHA;PTS;ACADVL;EPHX1;HSP90AA1;DLST;HSPH1;HSD17B11;AUH;HADHB;GLUL;ACADM;HMGCS1;SDHD;LTC4S;SDHA;CPOX;GRHPR;ACOX1,0.3205128205128205,0.2741493307531043,False,False,False,False,not_significant_in_both
Mareckova_E-MTAB-14039,dStromal_early,HALLMARK_G2M_CHECKPOINT,174,0.42805518380519847,1.938169348190056,0.0014947683109118087,NUSAP1;BIRC5;UBE2C;PTTG1;KNL1;CCND1;MT2A;CENPF;TPX2;PRC1;MKI67;SLC38A1;CCNA2;TOP2A;CDC20;CCNB2;CDK1;KIF20B;STIL;KIF23;CDKN3;CDC7;MCM5;CKS2;EFNA5;DBF4;AURKA;NUP50;E2F1;RBL1;TACC3;MEIS2;SLC7A5;NOTCH2;CENPE;INCENP;KIF11;CDC6;STAG1;RPS6KA5;HMMR;TTK;TENT4A;HIRA;MAD2L1;MCM2;CBX1;PLK4;RACGAP1;HIF1A;TOP1;NCL;UPF1;HUS1;SMC4,0.009025270758122744,0.011689070718877849,True,True,Huang_GSE214411,177,-0.279826845401005,-1.3427753006371346,0.0296875,NUP50;E2F1;HNRNPU;ATRX;CBX1;SMC2;STMN1;KIF20B;AURKB;JPT1;SMARCC1;NUSAP1;HMGN2;GINS2;DTYMK;PRC1;PLK1;MAD2L1;TRAIP;HNRNPD;MCM5;TMPO;LMNB1;HMGB3;ORC6;POLA2;CENPE;TACC3;CTCF;UPF1;NUMA1;DBF4;KIF23;BRCA2;TOP2A;MKI67;KIF15;ILF3;CASP8AP2;SMC1A;TPX2;INCENP;CHAF1A;MCM3;MARCKS;XPO1;RBL1;CCND1;RAD21;CENPF;KNL1,0.05709134615384615,0.04788306451612903,True,True,False,True,discordant
Mareckova_E-MTAB-14039,dStromal_early,HALLMARK_GLYCOLYSIS,161,-0.19990988299979295,-0.980911835427977,0.5070422535211268,TALDO1;GALK2;MPI;B4GALT2;GALE;RPE;ENO1;SAP30;MDH1;SDC2;UGP2;NASP;LHPP;PPP2CB;SOD1;NSDHL;PAXIP1;PHKA2;GLCE;GMPPA;CASP6;CLN6;SLC35A3;PSMC4;KDELR3;AGL;RBCK1;FKBP4;HAX1;CD44;DDIT4;GALK1;ALDH7A1;B4GALT4;AKR1A1;B4GALT7;ANKZF1;GUSB;TFF3;COPB2;ABCB6;CHST12;PGAM1;P4HA2;CACNA1H;NOL3;CHST2;ALDH9A1;TXN;NT5E,0.5668422372711311,0.6221377343817507,False,False,Huang_GSE214411,167,0.23610140300368992,1.1635856654651928,0.15789473684210525,SLC16A3;PHKA2;IGFBP3;EGLN3;GNE;IRS2;DCN;VLDLR;ANGPTL4;ALDOA;FAM162A;AK3;VEGFA;ENO1;MDH1;ALDH7A1;GALK2;IER3;ENO2;LDHA;CITED2;P4HA1;HOMER1;PPP2CB;SLC35A3;AK4;PGK1;MXI1;EXT2;UGP2;EGFR;HAX1;TPST1;SAP30;PGM2;ARPP19;CD44;B4GALT4;PDK3;CACNA1H;B4GALT1;BPNT1;IDUA;HK2;PRPS1;CDK1,0.24671052631578946,0.20308004738534438,True,True,False,False,not_significant_in_both
Mareckova_E-MTAB-14039,dStromal_early,HALLMARK_HEDGEHOG_SIGNALING,28,0.376868031820519,1.2429439559870277,0.17625899280575538,DPYSL2;MYH9;NRP2;ETS2;CNTFR;AMOT;CRMP1;CELSR1;NRP1,0.2592044011849344,0.28894916853402525,False,False,Huang_GSE214411,29,0.20659427223259375,0.7430812975102027,0.8641425389755011,ACHE;VLDLR;VEGFA;PML,0.8882309400444115,0.884131366338646,False,False,True,False,not_significant_in_both
Mareckova_E-MTAB-14039,dStromal_early,HALLMARK_HEME_METABOLISM,152,-0.24158068484814044,-1.178835112754238,0.1239193083573487,ADIPOR1;PC;ATP6V0A1;ARHGEF12;GMPS;BLVRB;ATG4A;SLC25A38;FBXO7;KLF3;VEZF1;ARL2BP;PPP2R5B;PGLS;SELENBP1;CTNS;UBAC1;DCAF10;NARF;MARK3;LAMP2;USP15;FOXJ2;RAD23A;FBXO9;KDM7A;RCL1;RNF123;CAT;GCLM;PPOX;BNIP3L;NR3C1;ISCA1;HAGH;AGPAT4;SLC2A1;EZH1;CDR2;CDC27;RBM5;EPOR;BPGM;DAAM1;HTRA2;SLC25A37;SPTB;RNF19A;UROS;MKRN1;PRDX2;MOSPD1;YPEL5;MGST3;ASNS;SDCBP;GDE1;MBOAT2;TMEM9B;ABCB6;ELL2;GLRX5;P4HA2;SMOX;PSMD9;HEBP1;AQP3,0.20283479960899317,0.22659022659022657,True,True,Huang_GSE214411,159,0.29032889784656535,1.4373898220910764,0.007228915662650603,TENT5C;SLC25A37;HEBP1;ADIPOR1;CLIC2;ISCA1;MAP2K3;SLC2A1;NARF;BACH1;HTRA2;NUDT4;SLC25A38;SDCBP;FECH;RBM38;TOP1;YPEL5;FBXO7;BTG2;MXI1;BNIP3L;AGPAT4;FN3K;AQP3;SLC10A3;SLC4A1;LPIN2;MBOAT2;FOXJ2;NEK7;ELL2;MPP1;GCLM;KHNYN;KDM7A;RANBP10;CDR2;SLC6A8;CPOX;ALDH1L1;EPOR;MKRN1;CCND3;RAD23A;GLRX5;LAMP2;ARHGEF12;MFHAS1;CIR1,0.019023462270133164,0.013835245287369576,True,True,False,True,discordant
Mareckova_E-MTAB-14039,dStromal_early,HALLMARK_HYPOXIA,161,0.20868804067977503,0.9406447209982993,0.6043276661514683,MT1E;STC1;TES;SDC4;PAM;MT2A;GYS1;SLC37A4;MYH9;BGN;ETS1;AK4;PHKG1;PDK3;NEDD4L;P4HA1;GPI;IGFBP3;TGFBI;AMPD3;SDC3;TGM2;HK2;CXCR4;KIF5A;LXN;CHST3;FOXO3;COL5A1;GCNT2;NFIL3;TPD52;IRS2;PFKP;CDKN1A;GLRX;SRPX;SLC25A1,0.6568778979907264,0.6906601898873923,False,False,Huang_GSE214411,173,0.45823007089747103,2.2758099939544922,0.002403846153846154,ADM;IDS;SLC2A3;ERRFI1;SERPINE1;CDKN1A;JMJD6;PDK1;TIPARP;BTG1;CDKN1C;BHLHE40;IGFBP3;CCN2;FOSL2;PFKFB3;PIM1;IRS2;AKAP12;SLC6A6;DCN;VLDLR;SLC2A1;ANGPTL4;HAS1;HMOX1;ALDOA;FAM162A;VEGFA;GBE1;ENO1;NDRG1;TGFB3;IER3;SDC4;ATF3;KDM3A;ENO2;LDHA;TPST2;CITED2;P4HA1;RBPJ;ZFP36;SIAH2;F3;TGM2;AK4;PGK1;MXI1;MAFF;BNIP3L;XPNPEP1;UGP2;PGM1;FOS;EGFR;WSB1;SAP30;PGM2;KLF6;KLHL24;NFIL3;GPI;GRHPR;DDIT3;PDK3;NOCT;PRKCA;HK2;PLAUR;DTNA;GAPDH;RORA;CDKN1B,0.010993843447669306,0.006809090135330666,True,True,True,False,not_significant_in_both
Mareckova_E-MTAB-14039,dStromal_early,HALLMARK_IL2_STAT5_SIGNALING,150,0.2878567140647319,1.2752302213681674,0.0696594427244582,SPP1;IRF8;TNFSF10;IL18R1;PLSCR1;ENPP1;LIF;AHR;PRNP;SLC39A8;MAPKAPK2;LCLAT1;CCND2;TNFRSF21;GUCY1B1;P4HA1;MUC1;SYNGR2;GBP4;CDCP1;MYO1E;SLC1A5;SWAP70;IL1RL1;CDC6;TGM2;HK2;IGF1R;CA2;SPRED2;TNFRSF1B;ANXA4;TIAM1;MXD1;ITGAV;PENK;NFIL3;SPRY4;PRAF2;NRP1;COCH;SH3BGRL2,0.146484375,0.15922158337019018,True,True,Huang_GSE214411,167,0.360059576307755,1.7744924696556197,0.002506265664160401,MYC;EMP1;SLC2A3;PLAGL1;BMP2;IL18R1;CDKN1C;BHLHE40;IL2RB;CD48;PIM1;IRF8;IL1RL1;MXD1;IGF1R;DENND5A;HOPX;CD83;LRIG1;PHLDA1;IL3RA;XBP1;PLPP1;GABARAPL1;NDRG1;POU2F1;NFKBIZ;IFNGR1;SNX9;P4HA1;SOCS1;GLIPR2;CASP3;TGM2;MAFF;SLC1A5;MAPKAPK2;GADD45B;SPRED2;ITGAV;CAPN3;KLF6;NFIL3;CD44;GBP4;GPX4;AHNAK;IL4R;CCND3;MAP3K8;HK2;GSTO1;PLSCR1;ECM1;RORA;SMPDL3A;TWSG1;SPRY4;LIF;TNFRSF21;LCLAT1;SWAP70,0.010993843447669306,0.006809090135330666,True,True,True,True,concordant_positive
Mareckova_E-MTAB-14039,dStromal_early,HALLMARK_IL6_JAK_STAT3_SIGNALING,54,0.2772748726676119,1.0303992216275941,0.43423423423423424,ITGA4;IL18R1;A2M;STAT2;STAT1;TNFRSF21;CXCL13;CNTFR;CD9;IL1R1;OSMR;TNFRSF1B;IL6ST;PTPN1;MYD88;MAP3K8;LEPR;CSF1;GRB2;IL13RA1,0.5049235281793422,0.5567105567105567,False,False,Huang_GSE214411,65,0.4522687383122712,1.9016072496614773,0.0024752475247524753,TGFB1;IL18R1;PIM1;TNFRSF12A;OSMR;CXCL1;HMOX1;IFNGR2;STAT3;ACVR1B;IL3RA;IL1R1;IFNGR1;SOCS1;IL15RA;SOCS3;HAX1;PTPN1;CD44;IL1B;IL4R;IRF9;MAP3K8,0.010993843447669306,0.006809090135330666,True,True,True,False,not_significant_in_both
Mareckova_E-MTAB-14039,dStromal_early,HALLMARK_INFLAMMATORY_RESPONSE,98,0.2713154712096333,1.1261452058408263,0.2570951585976628,IFITM1;TNFSF10;MMP14;IL18R1;BST2;LIF;AHR;ICAM1;CX3CL1;LDLR;LYN;IL1R1;OSMR;TNFRSF1B;SEMA4D;SPHK1;MXD1;HIF1A;RIPK2;ABCA1,0.3474258899968416,0.38801209264681374,False,False,Huang_GSE214411,128,0.5216896873766871,2.48326705286532,0.002638522427440633,MYC;ADM;SERPINE1;HBEGF;CDKN1A;NAMPT;IL18R1;CALCRL;TNFAIP6;MMP14;IL2RB;CD48;ATP2A2;OSMR;ABCA1;GCH1;MXD1;ABI1;AXL;ITGA5;CD40;HRH1;TNFSF9;BDKRB1;IFNGR2;ACVR1B;SPHK1;FZD5;IL1R1;GPR183;BTG2;CD55;PDPN;NFKB1;IL15RA;EDN1;IL15;F3;PTGER4;HIF1A;EMP3;SRI;KLF6;RAF1;IL1B;IL4R;RGS1;GNAI3;CCL20,0.010993843447669306,0.006809090135330666,True,True,True,False,not_significant_in_both
Mareckova_E-MTAB-14039,dStromal_early,HALLMARK_INTERFERON_ALPHA_RESPONSE,84,0.5008978758668703,2.0434121780961045,0.0017035775127768314,IFITM1;CD74;EPSTI1;HERC6;IFI44L;RSAD2;MX1;PLSCR1;BST2;CASP8;STAT2;GBP2;NUB1;UBA7;GBP4;IFI27;TRIM14;CMTR1;SP110;USP18;TRIM25;GMPR;DDX60;RNF31;RIPK2;IFI44;HLA-C;IFITM2;SLC25A28,0.009025270758122744,0.011689070718877849,True,True,Huang_GSE214411,89,-0.38668781439390515,-1.6645026635957008,0.0033613445378151263,IFI44L;RSAD2;TRIM26;RTP4;C1S;MX1;STAT2;PSMB9;LGALS3BP;IFIH1;PSME1;ISG20;IFI35;IFIT2;PARP12;PARP14;TDRD7;UBA7;PSMA3;MOV10;CNP;TRIM21;TXNIP;HLA-C;GMPR;PSME2;PARP9;LY6E;DHX58;IFITM2;USP18;IFITM3;IFI44;NUB1;TRIM25;HERC6;CASP8;SAMD9;CD74;TRIM5;IFIT3;ISG15;IFI27;TRIM14;CMTR1,0.012147716229348881,0.007236937328122739,True,True,False,True,discordant
Mareckova_E-MTAB-14039,dStromal_early,HALLMARK_INTERFERON_GAMMA_RESPONSE,148,0.41319677553264855,1.830262034860619,0.0015384615384615385,CD74;HLA-DRB1;EPSTI1;VAMP8;IRF8;MX2;HERC6;MT2A;IFI44L;TNFSF10;HLA-DMA;RSAD2;MX1;PLSCR1;BST2;OAS2;SAMHD1;XAF1;CASP8;ICAM1;STAT2;MTHFD2;STAT1;P2RY14;GBP4;OAS3;ST3GAL5;IFI27;TRIM14;IFIT1;CMTR1;SP110;USP18;TRIM25;ARID5B;DDX60;RNF31;HIF1A;CASP7;RIPK2;IFI44;PTPN1;IFITM2;SLC25A28;PFKP;SERPING1;MYD88;CDKN1A;ADAR,0.009025270758122744,0.011689070718877849,True,True,Huang_GSE214411,167,0.2038713508635731,1.0047453274141327,0.42857142857142855,CDKN1A;NAMPT;BTG1;TNFAIP6;IL2RB;MTHFD2;PIM1;IRF8;XCL1;GCH1;CD40;STAT3;LATS2;IFI30;APOL6;SPPL2A;CASP7;NFKB1;SOCS1;IL15RA;PML;CASP3;IL15;SOCS3;CASP1;HIF1A;PELI1;UPP1;PTPN1;PSMB10;SRI;NUP93;ARID5B;GBP4;PTGS2;IL4R;IRF9;SLC25A28;CD69;PLSCR1;SAMD9L;SP110;RAPGEF6;PSMB2,0.5639097744360901,0.4884004884004884,False,False,True,False,not_significant_in_both
Mareckova_E-MTAB-14039,dStromal_early,HALLMARK_KRAS_SIGNALING_DN,82,0.2979104478261967,1.2067642861732035,0.16057233704292528,EDAR;SGK1;IFI44L;FGF22;RSAD2;MX1;PTGFR;PDE6B;CLSTN3;PLAG1;KCNMB1;CNTFR;SPHK2;CYP39A1;MSH5;NRIP2;SLC16A7;MAST3;CDKAL1;SPTBN2;KCND1;EPHA5;YPEL1;EFHD1,0.25089427662957076,0.2764436339561059,False,False,Huang_GSE214411,91,0.19735655259307605,0.9064125251698468,0.679814385150812,TENT5C;SKIL;EFHD1;SGK1;NRIP2;STAG3;MTHFR;SNN;BTG2;RGS11;EDN1;CPEB3;NR4A2;SELENOP,0.7875264270613108,0.727074208717446,False,False,True,False,not_significant_in_both
Mareckova_E-MTAB-14039,dStromal_early,HALLMARK_KRAS_SIGNALING_UP,135,0.406605962670314,1.7919568670379555,0.0015360983102918587,SPP1;DUSP6;TSPAN1;MPZL2;ACE;ITGA2;MMP11;IL33;IRF8;GUCY1A1;APOD;SLPI;JUP;F13A1;LIF;ADGRL4;GABRA3;TSPAN7;ETS1;GALNT3;ST6GAL1;CCND2;ID2;ALDH1A2;ETV1;IGFBP3;GPRC5B;LCP1;TRIB2;FGF9;PRDM1;CXCR4;PRRX1;ETV5;CA2;SNAP91;PEG3;TNFRSF1B;ADGRA2;ANO1,0.009025270758122744,0.011689070718877849,True,True,Huang_GSE214411,153,0.2670972640051851,1.3003723245153835,0.045346062052505964,EMP1;MAFB;TMEM176B;GPRC5B;KLF4;HBEGF;TMEM176A;BMP2;TRIB1;IGFBP3;IRF8;ID2;GFPT2;AKAP12;SPRY2;PLAT;ALDH1A2;ANO1;TMEM100;ANGPTL4;PTBP2;ADGRA2;FCER1G;TFPI;FBXO4;CD37;KIF5C;PRELID3B;WDR33;ADAM17;ALDH1A3;USP12;F2RL1;VWA5A;IL1B;ZNF277;PTGS2;IGF2;NGF;CCL20;TOR1AIP2;ADAM8,0.08097511080804635,0.07003252826641848,True,True,True,True,concordant_positive
Mareckova_E-MTAB-14039,dStromal_early,HALLMARK_MITOTIC_SPINDLE,185,0.3625156376503288,1.669398553520717,0.0014903129657228018,NUSAP1;BIRC5;FGD4;SORBS2;CENPF;TPX2;PRC1;EZR;TOP2A;CCNB2;CDK1;KIF20B;MYH9;CNTRL;ACTN4;ANLN;KIF23;LLGL1;RFC1;PDLIM5;EPB41L2;PXN;AURKA;FLNB;CD2AP;SUN2;PREX1;ARHGAP29;NOTCH2;CENPE;MYO1E;INCENP;FGD6;CNTROB;STK38L;KIF11;MYH10;MID1;CEP192;TTK,0.009025270758122744,0.011689070718877849,True,True,Huang_GSE214411,190,-0.3235888174891176,-1.557745868028283,0.003401360544217687,SPTBN1;SORBS2;FLNA;TBCD;NUSAP1;EPB41L2;PRC1;PLK1;ALS2;CDC42EP2;DOCK4;CNTRL;SMC3;TLK1;DST;LMNB1;TUBGCP6;CEP192;CENPE;PIF1;RHOT2;PALLD;ALMS1;PCNT;TAOK2;NUMA1;KIF23;ARHGEF3;FARP1;MAP3K11;ARHGAP29;KPTN;BRCA2;TOP2A;CCDC88A;GEMIN4;KIF15;SHROOM2;SMC1A;TPX2;DLGAP5;INCENP;CDK5RAP2;CKAP5;MARCKS;SOS1;CENPF;APC;TUBGCP5,0.012147716229348881,0.007236937328122739,True,True,False,True,discordant
Mareckova_E-MTAB-14039,dStromal_early,HALLMARK_MTORC1_SIGNALING,185,0.26273495474780306,1.2099046437229346,0.09985096870342772,STC1;TES;SCD;STARD4;DHCR24;FADS2;SLC37A4;DHFR;AK4;LTA4H;LGMN;IDH1;MTHFD2;AURKA;P4HA1;GPI;TMEM97;INSIG1;RRM2;LDLR;SLC7A5;FADS1;CD9;HSP90B1;PSME3;SLC1A5;ADIPOR2;SC5D;HK2;CYP51A1;MCM4;MAP2K3;CXCR4;GSR,0.18702477311748833,0.19675067724813344,True,True,Huang_GSE214411,193,0.29190466366912493,1.4628421817597204,0.005025125628140704,SLC2A3;ADD3;CDKN1A;NAMPT;PDK1;IFRD1;BHLHE40;EGLN3;MTHFD2;GSR;IDI1;HPRT1;MAP2K3;SLC6A6;VLDLR;ATP2A2;INSIG1;SLC2A1;CACYBP;EDEM1;ALDOA;UBE2D3;UFM1;GBE1;XBP1;ENO1;GLA;SHMT2;IFI30;LDHA;PSMG1;BTG2;ETF1;P4HA1;PPA1;NFKBIB;SQSTM1;HSPE1;CFP;AK4;PGK1;SLC1A5;ATP6V1D;COPS5;SERP1;PGM1;TRIB3,0.013958682300390844,0.010050251256281407,True,True,True,True,concordant_positive
Mareckova_E-MTAB-14039,dStromal_early,HALLMARK_MYC_TARGETS_V1,194,-0.2967622152952215,-1.4712304062619124,0.005934718100890208,RPL14;PTGES3;CUL1;PRPF31;SRM;PPM1G;PSMA1;SNRPD1;MRPL9;EIF4E;TUFM;RPS5;EIF2S1;CCT4;CCT7;PRDX3;CLNS1A;NDUFAB1;SNRPA1;ABCE1;PSMD3;CYC1;PSMA6;RPS3;EIF3B;PSMD8;PSMC4;ILF2;UBA2;U2AF1;CCT3;HNRNPA1;SRSF3;TCP1;CAD;COPS5;RPL18;PSMA2;SNRPD3;SRSF2;SSBP1;NPM1;YWHAQ;RPS2;HDDC2;PSMC6;PSMD7;RACK1;EXOSC7;EIF4A1;VDAC3;CTPS1;SLC25A3;AP3S1;MYC;SRSF7;EIF3D;ODC1;HPRT1;KPNA2;RPS10;PRPS2,0.02171552660152009,0.025254119578256205,True,True,Huang_GSE214411,194,0.3196431843585671,1.6094017740616275,0.002352941176470588,MYC;NPM1;APEX1;DDX21;IFRD1;CCT4;HPRT1;PCBP1;EIF4H;EIF4E;RPL14;DUT;RANBP1;RPL34;PRDX3;RPL22;KPNA2;CLNS1A;ILF2;PABPC1;TCP1;EIF1AX;PABPC4;LDHA;ETF1;EIF4A1;TFDP1;NAP1L1;HSPE1;EIF3D;HDAC2;PGK1;RRM1;COPS5;DDX18;SRSF7;SSB;HNRNPC;RAD23B;PHB2;PTGES3;CNBP;HNRNPA1;XPOT;PRPS2;RPL18;CUL1;HNRNPA2B1;HSP90AB1;GLO1;SNRPD2;NDUFAB1;SNRPA1;PSMB2;RNPS1;HSPD1;CDK2;AIMP2;C1QBP;EEF1B2,0.010993843447669306,0.006809090135330666,True,True,False,True,discordant
Mareckova_E-MTAB-14039,dStromal_early,HALLMARK_MYC_TARGETS_V2,56,-0.17659301351711187,-0.7138980198016607,0.9484777517564403,RRP9;RABEPK;NOP56;FARSA;MRTO4;AIMP2;RCL1;GRWD1;SRM;NOC4L;NDUFAF4;NIP7;PPAN;TFB2M;NPM1;BYSL;IMP4;MYC;WDR74,0.9484777517564403,0.9629215753872491,False,False,Huang_GSE214411,55,0.21491320999230548,0.8642666909233654,0.7379310344827587,MYC;TFB2M;NPM1,0.8187695368002272,0.7808794015690568,False,False,False,False,not_significant_in_both
Mareckova_E-MTAB-14039,dStromal_early,HALLMARK_MYOGENESIS,127,0.2781843652695932,1.215706460459452,0.12575757575757576,CLU;SCD;MYLK;APOD;HSPB8;EPHB3;MEF2C;MYH9;HRC;SPDEF;AGRN;LAMA2;PRNP;CKMT2;FOXO4;HDAC5;NQO1;SYNGR2;IGFBP3;COL6A3;ITGB5;APP;ITGB1;TAGLN;COX7A1;TPD52L1;SORBS1;SPHK1;COL15A1;SH2B1;SLC6A8;CDKN1A;KLF5;COL4A2;FDPS;IGFBP7;NAV2;KIFC3;TPM3;SVIL;PLXNB2,0.20283479960899317,0.22659022659022657,True,True,Huang_GSE214411,149,0.33158852675025274,1.612142984905878,0.0024752475247524753,TGFB1;FHL1;HBEGF;HSPB8;DES;CDKN1A;ACHE;IFRD1;BHLHE40;IGFBP3;LSP1;WWTR1;CTF1;ACTN2;EIF4A2;FXYD1;ABLIM1;PTGIS;FGF2;HSPB2;LDB3;CNN3;SPHK1;MEF2D;TNNT3;IGF1;CRYAB;GADD45B;COL15A1;NCAM1;GNAO1;GABARAPL2;MEF2A;SLC6A8;MYL6B;CACNA1H;MAPRE3;BDKRB2;SOD3;NOTCH1;DTNA;SMTN,0.010993843447669306,0.006809090135330666,True,True,True,True,concordant_positive
Mareckova_E-MTAB-14039,dStromal_early,HALLMARK_NOTCH_SIGNALING,30,0.32653838640170363,1.095828550535463,0.3252788104089219,CCND1;FBXW11;NOTCH3;ST3GAL6;MAML2;NOTCH2,0.4065985130111524,0.4533621690896712,False,False,Huang_GSE214411,32,0.5330833763359527,1.9148833948880655,0.004301075268817204,HES1;DLL1;DTX1;FZD7;WNT2;FZD5;PPARD;MAML2;TCF7L2;KAT2A;SAP30;APH1A;CUL1;PRKCA;NOTCH1;NOTCH2,0.013958682300390844,0.008868196430550937,True,True,True,False,not_significant_in_both
Mareckova_E-MTAB-14039,dStromal_early,HALLMARK_OXIDATIVE_PHOSPHORYLATION,200,-0.30457834576975024,-1.519703063421333,0.006430868167202572,NDUFB2;SDHC;PMPCA;GRPEL1;ACADM;NDUFV2;IDH3B;ATP5MG;ACAA2;NDUFB8;NDUFS4;COX7A2;MRPL34;ISCU;ATP5MC1;MRPS22;ACAT1;ETFDH;NDUFA6;ATP6V1F;MRPL15;ECI1;GLUD1;NDUFS6;TIMM13;ATP5PF;ATP5PO;ATP5MC3;ISCA1;UQCRH;MDH1;MPC1;ATP6V0E1;NDUFC2;ATP6V1G1;ETFB;ECHS1;ATP6V0C;MRPS30;MRPS11;IDH2;PRDX3;NDUFAB1;HTRA2;POR;TOMM22;CYC1;ATP5F1B;IDH3G;FH;SLC25A5;COX11;SUCLG1;UQCRFS1;NDUFS3;RHOT1;BDH2;SUCLA2;LDHB;COX4I1;PDHB;HCCS;SLC25A11;OAT;SDHD;COX7A2L;ABCB7;PDHA1;NDUFA9;MGST3;ACAA1;PHYH;VDAC3;ACADVL;DECR1;SLC25A3;VDAC2;NDUFV1;CYCS;NDUFS2;SDHA;ATP6V1D;HADHB;MTRF1;IDH3A;NQO2;NDUFB5;FDX1;UQCRC2;MTX2,0.02171552660152009,0.02659044073655521,True,True,Huang_GSE214411,200,0.2603732212177941,1.3121350733514459,0.019464720194647202,FDX1;MRPS22;SLC25A5;TIMM9;UQCRB;UQCRH;VDAC2;OAT;ATP5MG;ISCA1;MTX2;GLUD1;HTRA2;PRDX3;ETFA;NDUFB4;MDH1;COX7C;NDUFB5;LDHA;NDUFS4;ACADVL;NDUFB6;CASP7;DLST;NDUFA5;ATP5MC2;HADHB;ATP6V1G1;MTRR;CYCS;ATP6V1D;SDHB;BDH2;ACADM;PHB2;SDHD;SDHA;ATP5F1C;ATP6V1C1;GPI;GPX4,0.042314609118798266,0.03399951125702568,True,True,False,True,discordant
Mareckova_E-MTAB-14039,dStromal_early,HALLMARK_P53_PATHWAY,167,0.1935323000890173,0.8732276477254505,0.7615262321144675,S100A10;VAMP8;CDKN2A;PERP;ABAT;KRT17;F2R;TM4SF1;FGF13;RETSAT;GM2A;LIF;POM121;CCND2;CCP110;DNTTIP2;DDB2;APP;ERCC5;CDKN2B;TPD52L1;SAT1;PRKAB1;SPHK1;MXD1;FOXO3;RALGDS;ELP1;NOL8;BLCAP;HSPA4L;CDKN1A,0.777067583790273,0.8122946475887652,False,False,Huang_GSE214411,180,0.338275183979172,1.708256434545324,0.0024630541871921183,TGFB1;ZFP36L1;RRAD;KLF4;HBEGF;CDKN1A;IER5;SLC3A2;GADD45A;BMP2;SAT1;BTG1;CDKN2AIP;EPHA2;TOB1;MKNK2;HEXIM1;PPM1D;SLC19A2;RPL36;PDGFA;MXD1;CTSF;HMOX1;TNFSF9;FAM162A;SLC35D1;PLK3;ACVR1B;IFI30;SPHK1;NDRG1;IER3;SERTAD3;ATF3;BTG2;EPHX1;SOCS1;RAP2B;CASP1;PLK2;BAIAP2;CSRNP2;TRIB3;UPP1;FOS;VWA5A;CDKN2B;STOM;RPS12;CCNK;RPL18;DDIT3;CCND3;NOTCH1;DRAM1;SESN1,0.010993843447669306,0.006809090135330666,True,True,True,False,not_significant_in_both
Mareckova_E-MTAB-14039,dStromal_early,HALLMARK_PANCREAS_BETA_CELLS,15,-0.5442137156761453,-1.5797332359560052,0.034261241970021415,SRP9;SPCS1;SRPRB;NKX6-1;PAK3;SEC11A;MAFB;CHGA,0.08157438564290813,0.09075825687422891,True,True,Huang_GSE214411,18,0.3565862655039054,1.107637232076382,0.31322505800464034,MAFB;AKT3;STXBP1;FOXO1,0.4232771054116761,0.37288697381504804,False,False,False,False,not_significant_in_both
Mareckova_E-MTAB-14039,dStromal_early,HALLMARK_PEROXISOME,87,-0.26186465200553766,-1.145781958718511,0.2025,CAT;GNPAT;SLC35B2;PEX11B;PEX11A;RDH11;SOD1;IDH2;ACOX1;CADM1;ERCC1;PRDX5;CLN6;SCP2;HSD17B11;MLYCD;FIS1;IDI1;ISOC1;CACNA1B;HMGCL;PEX13;CRABP2;ACAA1;PEX2;ECI2;SLC25A17;ACSL1;CTPS1;ALDH9A1,0.2892857142857143,0.3227091633466136,False,False,Huang_GSE214411,88,-0.22839678386292706,-0.9856248729084055,0.5042158516020236,GSTK1;PRDX1;DHRS3;TSPO;CRAT;ISOC1;MLYCD;SLC25A19;IDE;SEMA3C;CLN6;PEX11A;VPS4B;SMARCC1;GNPAT;ALDH9A1;ACAA1;ACSL5;HRAS;CAT;FIS1;YWHAH;PEX11B;TOP2A;ABCD2;EHHADH;RETSAT,0.6302698145025295,0.5602398351133596,False,False,True,False,not_significant_in_both
Mareckova_E-MTAB-14039,dStromal_early,HALLMARK_PI3K_AKT_MTOR_SIGNALING,91,0.2783530467611491,1.1572704029790017,0.21766561514195584,FGF22;CDK1;PLCB1;RPS6KA1;CAMK4;MAPKAP1;STAT2;CDK2;MAP2K6;E2F1;ADCY2;HSP90B1;GNA14;MAP2K3;CXCR4;PFN1;TIAM1;PIK3R3;MYD88;CDKN1A;PTEN,0.30231335436382756,0.3427804962865446,False,False,Huang_GSE214411,94,0.2802466919108223,1.2530149367652441,0.11358024691358025,CDKN1A;PDK1;MKNK2;RPS6KA3;MAPK1;EIF4E;ARF1;MAP2K3;ARPC3;SLC2A1;AKT1;PIKFYVE;UBE2D3;ATF1;CSNK2B;NFKBIB;SQSTM1;MAPK8;UBE2N;TRIB3;CAB39;EGFR;RAF1;PAK4;DDIT3;NGF;MAP3K7;CDK1;DUSP3;CDKN1B;TBK1,0.18930041152263374,0.15297002951323938,True,True,True,False,not_significant_in_both
Mareckova_E-MTAB-14039,dStromal_early,HALLMARK_PROTEIN_SECRETION,93,-0.19699994226987505,-0.8755054469228436,0.72544080604534,USO1;GOSR2;RAB14;SOD1;SSPN;VAMP3;ADAM10;BNIP3;TMED10;AP2S1;AP2M1;RER1;TSG101;TMED2;CLTA;SNX2;DST;CD63;CLN5;YIPF6;COPB2;AP3S1;SEC24D,0.7556675062972292,0.7872097449562239,False,False,Huang_GSE214411,93,0.201533637750598,0.9047945356266469,0.6930232558139535,RPS6KA3;BNIP3;MAPK1;ARF1;ABCA1;STX12;SEC24D;ADAM10;GLA;AP1G1;ATP1A1;STX16;OCRL;CLN5;MON2;EGFR;RAB22A;ARFGEF2,0.7875264270613108,0.7392248062015504,False,False,False,False,not_significant_in_both
Mareckova_E-MTAB-14039,dStromal_early,HALLMARK_REACTIVE_OXYGEN_SPECIES_PATHWAY,45,-0.22623921150202214,-0.8925586491972652,0.6851851851851852,FTL;PDLIM1;GLRX2;PRDX4;NDUFA6;ATOX1;CAT;GCLM;SELENOS;STK25;HMOX2;SOD1;TXNRD2;EGLN2;PRDX2;PRDX6;NDUFS2;JUNB;TXN,0.7289204097714737,0.7550249974492399,False,False,Huang_GSE214411,45,0.2858026902173106,1.0955864224944203,0.28602620087336245,LSP1;GSR;PRDX6;SCAF4;NDUFB4;FTL;GLRX2;GCLM;ABCC1;GPX4;CDKN2D;JUNB,0.4086088583905178,0.343575016064099,False,False,False,False,not_significant_in_both
Mareckova_E-MTAB-14039,dStromal_early,HALLMARK_SPERMATOGENESIS,65,0.2824125693449757,1.0993392608814638,0.31088082901554404,ACE;CCNB2;CDK1;CAMK4;CDKN3;DBF4;CSNK2A2;TLE4;AURKA;NPHP1;PARP2;NF2;RAD17;TTK;SNAP91;JAM3,0.3985651654045436,0.4441154700222058,False,False,Huang_GSE214411,70,-0.31633122063398544,-1.3030538836970744,0.09386281588447654,POMC;IDE;PCSK1N;TEKT2;NEFH;VDAC3;GMCL1;MAP7;SEPTIN4;PHKG2;CLPB;DBF4;PHF7;COIL;MTOR;CAMK4;SNAP91;ACE;PARP2,0.16183244118013196,0.13127666557269446,True,True,False,False,not_significant_in_both
Mareckova_E-MTAB-14039,dStromal_early,HALLMARK_TGF_BETA_SIGNALING,53,-0.26470421351110773,-1.0443164967724057,0.37708830548926014,ID1;KLF10;FKBP1A;SMAD3;CDK9;FNTA;JUNB;SMURF2;SMAD7,0.4489146493919764,0.49780634388021144,False,False,Huang_GSE214411,54,0.5421612343382742,2.212093630386544,0.002325581395348837,SMAD7;TGFB1;THBS1;KLF10;SERPINE1;TGIF1;BMP2;SKIL;CDKN1C;ID2;WWTR1;SMURF2;IFNGR2;UBE2D3;CTNNB1;SLC20A1;SMAD3;ID1;LEFTY2;SKI;SMAD6,0.010993843447669306,0.006809090135330666,True,True,False,False,not_significant_in_both
Mareckova_E-MTAB-14039,dStromal_early,HALLMARK_TNFA_SIGNALING_VIA_NFKB,154,-0.30486808816039634,-1.4746628090628127,0.008875739644970414,NAMPT;SPSB1;TRIB1;MCL1;NR4A1;NFAT5;YRDC;KLF6;RNF19B;EHD1;HBEGF;SLC2A6;DENND5A;MAFF;ZFP36;BTG1;RELB;CCNL1;KLF2;PANX1;KLF10;CD44;BCL6;F3;DNAJB4;JAG1;ACKR3;EIF1;SMAD3;TIPARP;GADD45B;KLF4;PLAU;IER2;MYC;EGR1;ATP2B1;FOS;RHOB;TNIP2;JUNB;IER5;PLAUR;CEBPB;FOSB;SOCS3;JUN;DUSP1,0.02465483234714004,0.030605998775760052,True,True,Huang_GSE214411,180,0.6517055539004546,3.291048999763228,0.0024630541871921183,MYC;EGR2;PHLDA2;SPSB1;SLC2A3;HES1;EGR3;KLF10;SERPINE1;KLF4;HBEGF;LITAF;TGIF1;CDKN1A;IER5;DUSP5;FOSB;EGR1;GADD45A;BMP2;NAMPT;SAT1;TIPARP;TRIB1;BTG1;SGK1;PER1;BHLHE40;EIF1;TNFAIP6;GEM;BCL6;FOSL2;PFKFB3;ID2;GFPT2;IRS2;BTG3;ZC3H12A;DNAJB4;SIK1;MAP2K3;PTX3;ABCA1;GCH1;MXD1;CEBPB;NR4A3;CXCL1;DENND5A;TNFSF9;IFNGR2;CD83;PHLDA1;VEGFA;BCL3;NR4A1;SPHK1;IER3;SDC4;ATF3;GPR183;CLCF1;SNN;KDM6B;BTG2;PLPP3;KLF9;BIRC2;CCNL1;NFKB1;IL15RA;SQSTM1;EDN1;ZFP36;F3;SOCS3;RELB;MAFF;NR4A2;PTGER4;SMAD3;DUSP2;KYNU;PLK2;GADD45B;FOS;F2RL1;TRIP10;REL;KLF6;AREG;NFIL3;CD44;IL1B;PTGS2;CCL20;PANX1;B4GALT1;MAP3K8;JUNB;FOSL1;NFE2L2;DRAM1;EHD1;PLAUR;CEBPD;CD69;YRDC;MCL1;TSC22D1;NFAT5;ETS2;ACKR3;ICAM1;B4GALT5;LDLR;LIF;KLF2;TUBB2A;RNF19B;TNFAIP3;CCN1,0.010993843447669306,0.006809090135330666,True,True,False,True,discordant
Mareckova_E-MTAB-14039,dStromal_early,HALLMARK_UNFOLDED_PROTEIN_RESPONSE,105,-0.3453841465875646,-1.559433820714872,0.0072992700729927005,EIF4A3;DCP1A;GOSR2;PDIA6;SPCS1;SRPRB;EIF4E;EIF2S1;CNOT4;KIF5B;EXOSC4;DKC1;BAG3;CEBPG;KDELR3;LSM1;RPS14;EXOSC1;DDIT4;HERPUD1;PREB;CNOT2;SERP1;EIF4A2;ASNS;NPM1;XBP1;EIF4A1;SEC11A;ATP6V0D1;YIF1A;NFYB;FUS;WIPI1;DNAJB9;CEBPB;EXOSC9,0.02281021897810219,0.027544415369783776,True,True,Huang_GSE214411,106,0.30067362394078034,1.3743182531704918,0.040865384615384616,NPM1;DCP1A;BAG3;MTHFD2;KHSRP;EIF4E;EIF4A2;EIF2AK3;CEBPB;SLC30A5;ERN1;EDEM1;EIF4A3;VEGFA;XBP1;DNAJA4;ATF3;PAIP1;CEBPG;EIF4A1;HERPUD1;FUS;EXOSC5;DNAJB9;SERP1;EXOSC9;ATF4;CNOT2;NFYA;SLC7A5;WIPI1,0.07567663817663817,0.0637441733841516,True,True,False,True,discordant
Mareckova_E-MTAB-14039,dStromal_early,HALLMARK_UV_RESPONSE_DN,134,0.3165132254752804,1.4133561056172126,0.02377179080824089,MT1E;PTPRM;TGFBR2;EFEMP1;CACNA1A;PTGFR;ADGRL2;WDR37;PDLIM5;APBB2;GJA1;SCN8A;FBLN5;CAP2;INSIG1;CELF2;INPP4B;LDLR;RUNX1;NOTCH2;SFMBT1;ERBB2;COL11A1;KIT;IGF1R;ATP2B4;TENT4A;PDGFRB;ANXA4;ZMIZ1;PRDM2;PIK3R3;NRP1;YTHDC1;VAV2;PTEN;SYNE1;NFKB1;TFPI;MMP16;PIAS3;ATP2C1;AMPH;ABCC1;SYNJ2,0.059429477020602216,0.06649451974333116,True,True,Huang_GSE214411,137,0.27998080028706773,1.365649216583901,0.02403846153846154,MYC;SMAD7;MTA1;SERPINE1;ADD3;PDGFRB;RND3;BHLHE40;AKT3;WDR37;KCNMA1;RUNX1;VLDLR;INSIG1;FYN;TGFBR3;IGF1R;RBPMS;TFPI;CITED2;PLPP3;NFKB1;TENT4A;F3;SMAD3;ID1;RGS4;NEK7;SRI;COL5A2,0.04807692307692308,0.04023173479240425,True,True,True,True,concordant_positive
Mareckova_E-MTAB-14039,dStromal_early,HALLMARK_UV_RESPONSE_UP,132,-0.222834046427981,-1.046655248796369,0.3564102564102564,HSPA13;STK25;NR4A1;FEN1;IGFBP2;PDAP1;TMBIM6;MGAT1;CDC34;BTG1;AP2S1;CEBPG;FKBP4;BID;EPHX1;POLG2;CLCN2;BCL2L11;PPP1R2;ASNS;ACAA1;NPTXR;NXF1;CLTB;NAT1;HLA-F;CCNE1;HSPA2;FOS;AQP3;RHOB;JUNB;SULT1A1;FOSB,0.43464665415884934,0.48163548163548164,False,False,Huang_GSE214411,142,0.3742545605436407,1.8162395288013333,0.0024691358024691358,DLG4;RRAD;GRINA;FOSB;DNAJA1;BMP2;DDX21;BTG1;CDKN1C;GLS;MMP14;AMD1;BTG3;DNAJB1;POLG2;EIF2S3;BCL2L11;GCH1;SLC6A12;HSPA13;HMOX1;ALDOA;NR4A1;ATF3;ENO2;NUP58;CEBPG;BTG2;EPHX1;NPTX2;CLCN2;SQSTM1;CASP3;AQP3;GGH;NXF1;AGO2;FOS;KLHDC3;CDKN2B;ATP6V1C1;SLC6A8;CCND3;JUNB;STIP1;TMBIM6,0.010993843447669306,0.006809090135330666,True,True,False,False,not_significant_in_both
Mareckova_E-MTAB-14039,dStromal_early,HALLMARK_WNT_BETA_CATENIN_SIGNALING,37,-0.2584248080475353,-0.956904232224175,0.510158013544018,JAG1;WNT6;TCF7;MYC;GNAI1,0.5668422372711311,0.6240464997480343,False,False,Huang_GSE214411,39,0.49873807937145476,1.8847904702899003,0.0022988505747126436,MYC;CSNK1E;DLL1;DVL2;MAML1;FZD8;CTNNB1;PPARD;RBPJ;HDAC2;NUMB;KAT2A;ADAM17;CUL1;NOTCH1;TCF7;AXIN1;HDAC5,0.010993843447669306,0.006809090135330666,True,True,False,False,not_significant_in_both
Mareckova_E-MTAB-14039,dStromal_early,HALLMARK_XENOBIOTIC_METABOLISM,133,-0.25745366722939134,-1.2137706731267346,0.11197916666666667,UGDH;PTS;ACOX1;TMBIM6;CYP27A1;FBLN1;POR;CASP6;PTGR1;EPHX1;PYCR1;HACL1;IGF1;PINK1;FAH;SSR3;SERTAD1;PMM1;F10;PTGDS;NFS1;LCAT;SAR1B;LEAP2;SLC12A4;SMOX;DHPS;DDAH2;CSAD;HPRT1;ALDH9A1;TMEM176B;SLC35B1;TGFB2;CES1,0.19571295433364402,0.21329365079365079,True,True,Huang_GSE214411,147,0.3192748139856464,1.5558207956143093,0.004819277108433735,SERTAD1;TMEM176B;SERPINE1;UGDH;EPHA2;IRF8;GSR;ID2;HPRT1;CYP26A1;SLC6A6;ATP2A2;GCH1;ENPEP;SLC6A12;AKR1C3;HMOX1;SAR1B;SLC35D1;SHMT2;GABARAPL1;IL1R1;PPARD;DDT;PTS;EPHX1;NPC1;IGF1;SLC1A5;CSAD;LEAP2;KYNU;F10;UPP1;LPIN2;PSMB10;TPST1;PTGES3;ARPP19;ACOX1;TMBIM6;NDRG2;LCAT;COMT;GSTO1;GSTM4;DHPS;ITIH4;SLC12A4;ETS2;ETFDH,0.013958682300390844,0.009785334230322306,True,True,False,True,discordant
Mareckova_E-MTAB-14039,eStromal,HALLMARK_ADIPOGENESIS,190,-0.37868047891617757,-1.818445841153319,0.0016638935108153079,ATP5PO;JAGN1;PPM1B;COX8A;MDH2;ECHS1;TKT;CMPK1;SCP2;QDPR;ETFB;ALDOA;PIM3;DHRS7;SLC66A3;MRPL15;ACADS;ATP1B3;SOD1;CD151;NKIRAS1;NDUFA5;IFNGR1;COL4A1;PRDX3;NDUFAB1;APOE;GBE1;GRPEL1;CAVIN1;DDT;SAMM50;REEP5;GPX4;MGLL;MYLK;CMBL;UBQLN1;SOWAHC;COQ5;CDKN2C;ACADM;MGST3;GHITM;SSPN;NDUFS3;RAB34;DRAM2;MTCH2;SUCLG1;PLIN2;DECR1;DNAJB9;G3BP2;PGM1;PPP1R15B;IDH3A;ARL4A;ANGPT1;DNAJC15,0.005446623093681917,0.011689070718877849,True,True,Huang_GSE214411,191,0.2105421797543333,1.0687723001021057,0.2693498452012384,PFKFB3;GADD45A;TOB1;BCL6;RNF11;UBQLN1;REEP5;SOWAHC;ADIPOR2;IFNGR1;HSPB8;NABP1;SDHB;DNAJC15;YWHAG;DHRS7;PPP1R15B;IDH3A;CMPK1;PLIN2;ALDOA;PPARG;PRDX3;DRAM2;SPARCL1;ARAF;TANK;PIM3;ABCA1;ANGPT1;GBE1;SORBS1;PPM1B;APOE;UBC;ATL2;ACO2;SCP2;CAVIN1;CCNG2,0.31976744186046513,0.325498302357992,False,False,False,False,not_significant_in_both
Mareckova_E-MTAB-14039,eStromal,HALLMARK_ALLOGRAFT_REJECTION,144,-0.25304805281586784,-1.1627405295511581,0.16694772344013492,BCL10;ELANE;TNF;PSMB10;CCL2;UBE2D1;RPS19;IL7;UBE2N;TRAF2;IL11;EIF3A;ACVR2A;CD8B;MRPL3;CCND3;NPM1;IFNGR1;DEGS1;GBP2;HLA-A;RPS9;IFNGR2;HCLS1;RPS3A;CD40;RPL9;SOCS5;EIF3D;TIMP1;INHBA;CD4;TGFB2;B2M;HLA-E;IFNAR2;ICAM1,0.208803611738149,0.2819289272413826,True,False,Huang_GSE214411,159,0.5118654462510138,2.574632609390843,0.003048780487804878,IL2RB;TGFB1;SRGN;GZMB;PTPRC;IL11;IRF4;AKT1;IL6;LIF;CTSS;PRKCG;ELF4;IL4R;KLRD1;NPM1;NCK1;CD7;CD96;PRF1;DYRK3;LTB;RIPK2;WAS;CSF1;CCL2;ABI1;IFNGR1;CRTAM;BCL10;CD3E;IL1B;BCL3;MAP3K7;RPL39;IL15;CD247;IRF8;ITGAL;EIF3D;BCAT1;ICAM1;HIF1A;GZMA;MRPL3;F2R;UBE2N;IL2RG;IRF7;DEGS1;TAP1;CCL19;TAP2;TGFB2;IL16;ACHE;CXCL13;CCL4;EGFR;EREG;IL7;LCK;IFNGR2;C2;IGSF6;JAK2;TNF;CD2;PSMB10;STAT4;ICOSLG;CAPG;FYB1;TAPBP;SOCS1;CD40,0.006388959877331971,0.006968641114982578,True,True,False,True,discordant
Mareckova_E-MTAB-14039,eStromal,HALLMARK_ANDROGEN_RESPONSE,97,-0.34742420424196835,-1.4966616309486498,0.010714285714285714,PDLIM5;ELL2;NDRG1;ZBTB10;NGLY1;TSC22D1;ADRM1;MAP7;PGM3;ACTN1;SAT1;IDI1;LMAN1;ITGAV;TNFAIP8;AKAP12;NCOA4;CCND3;PTPN21;UBE2I;RPS6KA3;SMS;ARID5B;RAB4A;GNAI3;SRP19;DNAJB9;B2M;VAPA;TMEM50A;ALDH1A3;MYL12A;SELENOP;PLPP1,0.020604395604395604,0.034013605442176874,True,True,Huang_GSE214411,97,0.44255943165781075,2.031317148670274,0.002890173410404624,GSR;UAP1;SAT1;SRP19;AKAP12;AKT1;NKX3-1;ACSL3;PDLIM5;VAPA;SLC38A2;ITGAV;SPCS3;ADAMTS1;PLPP1;SRF;ELK4;RAB4A;ELL2;INSIG1;ALDH1A3;SEC24D;NDRG1;SMS;MAK;MERTK;RRP12;RPS6KA3;BMPR1B;MYL12A;STEAP4,0.006388959877331971,0.006962818548948615,True,True,False,True,discordant
Mareckova_E-MTAB-14039,eStromal,HALLMARK_ANGIOGENESIS,28,-0.4578053173946204,-1.5558138226520568,0.03860294117647059,S100A4;TNFRSF21;TIMP1;LUM;KCNJ8;STC1;LRPAP1,0.06655679513184586,0.09962049335863378,True,True,Huang_GSE214411,30,0.44820417953001973,1.6304564797619754,0.015463917525773196,ITGAV;COL5A2;MSX1;STC1;TNFRSF21;APP;PTK2;PDGFA;VEGFA;FGFR1;FSTL1;VAV2;LRPAP1;POSTN;TIMP1;LPL,0.02416237113402062,0.027491408934707903,True,True,False,True,discordant
Mareckova_E-MTAB-14039,eStromal,HALLMARK_APICAL_JUNCTION,173,0.24057761675398837,1.1856756297401443,0.11576354679802955,INSIG1;GRB7;SDC3;INPPL1;TMEM8B;TRO;NRTN;SYMPK;HADH;SRC;ADAM15;BAIAP2;PPP2R2C;AKT2;NEGR1;NLGN2;AMH;BMP1;JUP;MAPK11;CDH4;PBX2;MADCAM1;VAV2;FBN1;ITGB4;CD34;NRXN2;CDH11;EPB41L2;FYB1;TGFBI;NLGN3;NECTIN1;EVL;CLDN5;FLNC;SLIT2,0.15643722540274263,0.217396332015079,True,True,Huang_GSE214411,176,0.24413908772857718,1.2236327160424871,0.056657223796033995,ACTG2;VCAM1;PTPRC;ADAM9;TIAL1;PBX2;ACTN4;CLDN7;VASP;PARD6G;BAIAP2;VCL;NLGN2;INSIG1;SRC;ITGA9;AKT3;JUP;ICAM1;PTK2;CX3CL1;AMH;ADAMTS5;ITGA3;SDC3;PTEN;SGCE;MMP2;RAC2;EGFR;PKD1;IRS1;ZYX;CLDN19;CDH6;MPZL2;GNAI1;JAM3;MYL12B;GRB7;ACTA1;B4GALT1;ACTG1;LIMA1;CD276;VAV2;FYB1;SORBS3,0.07869058860560277,0.08487973602402096,True,True,True,True,concordant_positive
Mareckova_E-MTAB-14039,eStromal,HALLMARK_APICAL_SURFACE,35,0.3818915880026654,1.372661943898551,0.07191011235955057,NTNG1;FLOT2;TMEM8B;EFNA5;BRCA1;SLC2A4;SULF2,0.10630758327427356,0.16154001480783467,True,True,Huang_GSE214411,36,0.2648870273386701,0.988686570031405,0.4625,IL2RB;ADIPOR2;PLAUR;ADAM10;GATA3;APP;CX3CL1;IL2RG,0.513888888888889,0.5196629213483146,False,False,True,False,not_significant_in_both
Mareckova_E-MTAB-14039,eStromal,HALLMARK_APOPTOSIS,148,-0.4305615114282208,-2.0066957914397223,0.0017241379310344827,TSPO;BCL10;CASP1;AVPR1A;TNF;EGR3;SPTAN1;PEA15;SQSTM1;SAT1;CASP6;GSN;IGFBP6;BCAP31;CTH;SOD1;SMAD7;IFNGR1;VDAC2;GPX4;MMP2;BCL2L11;TIMP2;ENO2;BGN;PMAIP1;SOD2;BTG2;BTG3;TIMP1;EMP1;CASP3;LUM;RHOB;LGALS3;DCN;FEZ1;IRF1;IER3;JUN;TGFB2;DNAJA1;TIMP3;TNFRSF12A;MCL1;CASP4;ATF3;BMP2;GADD45B;CAV1,0.005446623093681917,0.011689070718877849,True,True,Huang_GSE214411,152,0.5261217332403632,2.622340516197697,0.0031545741324921135,SMAD7;CDKN1A;GSR;EMP1;SAT1;EGR3;PLAT;PPP3R1;BTG3;PEA15;TNFRSF12A;PDGFRB;DNAJA1;TIMP3;GADD45A;ENO2;IL6;PMAIP1;SLC20A1;CASP4;CASP7;BMP2;BCL2L11;TGFBR3;VDAC2;HMOX1;PRF1;CASP1;AVPR1A;IFNGR1;IER3;BCL10;BCL2L10;CD69;IL1B;ETF1;ANXA1;APP;LMNA;CTNNB1;TIMP2;LGALS3;GCH1;GADD45B;PTK2;BMF;F2R;ATF3;BTG2;TAP1;PLPPR4;SQSTM1;TGFB2;RELA;DCN;MMP2;RARA;CDC25B;EREG;CCNA1;WEE1;NEDD9;DPYD;DAP,0.006388959877331971,0.007010164738871363,True,True,False,True,discordant
Mareckova_E-MTAB-14039,eStromal,HALLMARK_BILE_ACID_METABOLISM,89,0.2539551653952587,1.130178590732526,0.2019704433497537,DHCR24;FADS2;APOA1;ABCA2;ABCG8;ABCD1;SLC23A2;PEX6;SLC29A1;EPHX2;RXRA;FADS1;IDH1;LONP2;RXRG;SLC23A1;LIPE;PEX1;SULT2B1;NPC1;TFCP2L1;CYP46A1;ABCA3;RETSAT,0.24044100398780202,0.3227091633466136,True,False,Huang_GSE214411,91,0.2427806236079648,1.0963464550970776,0.275,SLC35B2;BCAR3;GCLM;ABCA2;CH25H;PEX13;SLC23A2;ABCA9;CYP27A1;ABCA6;NEDD4;ABCA8;PAOX;NPC1;PEX6;EFHC1;ABCA1;ACSL1;ATXN1;LCK;SCP2,0.31976744186046513,0.33132530120481934,False,False,True,False,not_significant_in_both
Mareckova_E-MTAB-14039,eStromal,HALLMARK_CHOLESTEROL_HOMEOSTASIS,73,0.320431853092298,1.3816642170361366,0.046189376443418015,FADS2;TRIB3;ABCA2;LDLR;SREBF2;MVK;CLU;CTNNB1;SEMA3B;HMGCS1;LGMN;TM7SF2;SCD;DHCR7;ANXA13;TP53INP1;FASN;LSS,0.07463305415042706,0.1148417903230681,True,True,Huang_GSE214411,72,0.3219353464014656,1.3610275496744104,0.049738219895287955,ERRFI1;TNFRSF12A;CHKA;NFIL3;PLSCR1;ABCA2;CPEB2;PLAUR;AVPR1A;FASN;CTNNB1;TRIB3;LGALS3;FBXO6;LSS;PPARG;ATF3;MAL2;CXCL16;LGMN;GNAI1;CD9;LDLR;ACTG1;STX5;IDI1;ALDOC,0.0712410948631421,0.07642722820566969,True,True,True,True,concordant_positive
Mareckova_E-MTAB-14039,eStromal,HALLMARK_COAGULATION,100,-0.38375167949028766,-1.6806605748338637,0.005253940455341506,F10;LAMP2;APOC1;TIMP1;THBS1;CSRP1;ISCU;RGN;RABIF;F2RL2;SPARC;SERPINE1;ARF4;TIMP3;CFH;PLAU;DUSP14;MMP10;MAFF,0.011940773762139787,0.023613215529624747,True,True,Huang_GSE214411,103,0.4648721975057698,2.1514664201167464,0.002857142857142857,APOC1;THBS1;MMP14;MMP10;DUSP6;FURIN;F3;PLAT;SERPINE1;PREP;CAPN2;TIMP3;ADAM9;MMP3;LEFTY2;FYN;DUSP14;ANXA1;PLEK;C9;GNB2;P2RY1;CTSK;PDGFB;MAFF;FN1;CFB;CTSH;LAMP2;GNG12;ARF4;TF;MMP2;LGMN;LTA4H;CD9;C2;CSRP1,0.006388959877331971,0.006962818548948615,True,True,False,True,discordant
Mareckova_E-MTAB-14039,eStromal,HALLMARK_COMPLEMENT,165,-0.32136187214300405,-1.5043180018791507,0.005154639175257732,AKAP10;CTSS;GNB2;CTSH;ACTN2;WAS;ADAM9;CR1;VCPIP1;DOCK9;GNAI2;LAP3;SIRT6;PLA2G7;CD59;FN1;DPP4;XPNPEP1;CTSO;IL6;SERPING1;CTSB;CASP1;CALM1;NOTCH4;IRF2;PIM1;HSPA5;CTSD;S100A13;F3;L3MBTL4;CD55;STX4;PSMB9;COL4A2;GMFB;RCE1;ATOX1;DYRK2;TIMP2;F10;CEBPB;LAMP2;FDX1;APOC1;TIMP1;GNAI3;CASP3;PLAUR;CSRP1;LGALS3;IRF1;RABIF;SERPINE1;HSPA1A;PPP2CB;CFH;TNFAIP3;CASP4;GNB4;CXCL1;MAFF,0.011940773762139787,0.023430178069353328,True,True,Huang_GSE214411,171,0.45893878641986885,2.254510923065826,0.00303951367781155,APOC1;DUSP5;MMP14;DYRK2;DUSP6;GZMB;F3;PLAT;SERPINE1;PRKCD;S100A9;PREP;PIM1;ADAM9;FCER1G;IL6;CTSS;CR1;PLA2G4A;FDX1;PIK3CA;CASP4;CASP7;FYN;PLSCR1;XPNPEP1;CASP1;RCE1;WAS;PLAUR;CXCL1;CBLB;CEBPB;PLEK;CD55;GATA3;C9;GNB2;LAP3;KYNU;SRC;IRF2;TIMP2;PDGFB;GZMK;MAFF;LGALS3;PDP1;GZMA;FN1;CFB;CTSH;EHD1;LAMP2;GNB4;IRF7;TNFAIP3;GNG2;LGMN;LCK;LTA4H;SH2B3;RNF4;C2;CSRP1;ADRA2B;JAK2;CD46;PPP2CB;DGKH;F10,0.006388959877331971,0.006968641114982578,True,True,False,True,discordant
Mareckova_E-MTAB-14039,eStromal,HALLMARK_DNA_REPAIR,149,-0.3349533295822658,-1.5605263440206338,0.004942339373970346,AK1;NT5C;APRT;NME1;TAF10;RFC2;BCAM;POLR2J;RPA3;POLD4;XPC;POLR2G;SAC3D1;POLR2E;MRPL40;NELFE;DGUOK;VPS28;GTF2H3;ADRM1;POLR2I;MPG;BOLA2;STX3;NME3;GUK1;NT5C3A;EDF1;RBX1;NCBP2;BCAP31;PDE4B;ERCC1;RALA;BRF2;SUPT4H1;TMED2;POLR2F;GTF2H5;VPS37D;SNAPC5;TSG101;HPRT1;RPA2;GPX4;NUDT9;POLE4;HCLS1;POLR1D;TAF9;TAF12;GMPR2;DAD1;EIF1B;GTF2A2;POLR2C;SDCBP;MPC2;GTF2B;POLR2K;POLR3GL,0.011940773762139787,0.02298762499521091,True,True,Huang_GSE214411,149,-0.2565972374390052,-1.1859717458619312,0.11225997045790251,POM121;POLR2G;TAF1C;PDE6G;POLR1C;GTF3C5;SAC3D1;VPS28;SURF1;TYMS;RFC5;SNAPC5;CETN2;SEC61A1;POLD1;GUK1;CANT1;CCNO;RAE1;GTF2F1;NELFCD;APRT;UMPS;POLH;POLR2A;NME4;CSTF3;RAD51;POLR2I;DGCR8;DCTN4;TARBP2;RFC4;FEN1;ERCC8;ERCC4;PRIM1;USP11;XPC;POLB;RFC2;POLR2D;RFC3;POLD3;SNAPC4;LIG1;NPR2;GTF2H3;POLA1;ERCC2;POLA2;POLR3GL,0.14771048744460857,0.15170266278094935,True,True,True,True,concordant_negative
Mareckova_E-MTAB-14039,eStromal,HALLMARK_E2F_TARGETS,198,0.35886963074035505,1.8121338299006657,0.0026595744680851063,NCAPD2;SPC24;TFRC;AURKB;MCM2;MXD3;POLD1;CDCA3;RRM2;SRSF1;BRCA1;DCLRE1B;EZH2;CIT;BIRC5;PMS2;GINS1;MYBL2;DNMT1;RAD51AP1;KIF18B;WDR90;PRKDC;POLE;RACGAP1;TOP2A;SPAG5;RFC1;AURKA;GINS4;HMMR;BUB1B;ESPL1;CDCA8;ATAD2;SHMT1;DSCC1;ASF1B;DEPDC1;ORC2;E2F8;LMNB1;MCM4;LIG1;CCNE1;HELLS;MCM6;MELK;MMS22L;PAN2;TP53;KIF2C;KIF22;ORC6;SPC25;TMPO;POLA2;SUV39H1;RFC3;UBE2T;LUC7L3;MKI67;CDK1;TACC3;MCM5;TK1;CENPM;TCF19;SMC1A;DIAPH3;ILF3;HUS1;PTTG1;CENPE;CDC25A;CDKN3;KIF4A;CDC20;MCM7;CBX5;MCM3;DLGAP5;PLK1;RAD50;CDKN2A;SMC4;GINS3;PNN;TRIP13;NUP205;EED;CCNB2;SYNCRIP;NUP107,0.006998880179171332,0.01564455569461827,True,True,Huang_GSE214411,198,-0.4864218068633585,-2.339945055264259,0.001402524544179523,DIAPH3;DCLRE1B;CDKN2C;STMN1;CDKN3;ESPL1;SMC4;POLD1;RACGAP1;NAA38;RPA1;PTTG1;LMNB1;GINS3;CDK4;RAD1;SMC6;CTCF;SMC3;NUP205;HNRNPD;ORC2;TK1;USP1;MELK;RRM2;POLE;TUBB;SHMT1;MCM2;MYBL2;CDC25A;RAD51C;EED;RNASEH2A;BARD1;MSH2;XPO1;JPT1;PSMC3IP;BIRC5;CDC20;POLD2;PMS2;AURKB;PLK1;DNMT1;TOP2A;MAD2L1;RFC2;TFRC;SPAG5;CHEK1;ILF3;MCM4;CDCA3;E2F8;HMGB3;MCM5;SPC24;SPC25;HELLS;PLK4;MRE11;ORC6;GINS1;ASF1B;RFC3;POLD3;DSCC1;UBE2T;MCM3;LIG1;SMC1A;NCAPD2;MKI67;TIPIN;TMPO;TCF19;RAD21;TACC3;CENPE;CIT;CENPM;POLA2;BRCA1;MMS22L;GINS4;TIMELESS;KIF18B;DLGAP5;KIF4A;HMMR;RAD51AP1;KIF2C;BUB1B;CDCA8;BRCA2;MXD3;DEPDC1,0.006388959877331971,0.006809090135330666,True,True,False,True,discordant
Mareckova_E-MTAB-14039,eStromal,HALLMARK_EPITHELIAL_MESENCHYMAL_TRANSITION,189,-0.4325210109453451,-2.061583377309166,0.001610305958132045,GLIPR1;FUCA1;SAT1;SPOCK1;LGALS1;CCN1;ITGAV;LAMA2;SNAI2;PFN2;WIPF1;VEGFC;CALD1;COL4A2;COL4A1;ECM2;DPYSL3;MYLK;MMP2;BASP1;PMP22;VIM;FGF2;CTHRC1;MYL9;ENO2;BGN;SERPINE2;EMP3;PDLIM4;IGFBP3;TPM1;GPX7;TIMP1;TPM4;CXCL8;TAGLN;THBS1;INHBA;LUM;RHOB;PLAUR;EFEMP2;DCN;ACTA2;WNT5A;SGCB;GREM1;CCN2;CALU;JUN;SPARC;IGFBP2;SERPINE1;TPM2;TIMP3;TNFRSF12A;FERMT2;TNFAIP3;NNMT;GEM;GADD45B;RGS4;CXCL1,0.005446623093681917,0.011689070718877849,True,True,Huang_GSE214411,194,0.39646158334346865,2.015535495831579,0.003205128205128205,FZD8;THBS1;SAT1;TGFB1;MMP14;RGS4;TNC;VCAM1;SERPINE1;TNFRSF12A;PDGFRB;TIMP3;GADD45A;CCN2;ENO2;IL6;CXCL8;VEGFC;MMP3;GEM;SERPINE2;AREG;TGFBR3;IGFBP3;ITGAV;PLAUR;VIM;CXCL1;PDLIM4;COL5A2;MSX1;ITGA5;COL8A2;FERMT2;IL15;CADM1;ECM2;ID2;FGF2;FN1;GADD45B;COL12A1;SGCB;CCN1;ELN;LOXL1;TNFAIP3;DPYSL3;DCN;MMP2;CXCL12;CDH6;TGM2;VEGFA;WIPF1;SNAI2;LAMC1;GAS1;COL5A3;PCOLCE2;FSTL3;SDC4;LAMA1;EMP3;TPM4;LRP1;FSTL1;PTHLH;CAPG;PTX3,0.006388959877331971,0.007066888095827002,True,True,False,True,discordant
Mareckova_E-MTAB-14039,eStromal,HALLMARK_ESTROGEN_RESPONSE_EARLY,180,0.2830782666716026,1.4141677572183897,0.010075566750629723,ITPK1;DEPTOR;ZNF185;MED24;ASB13;SEMA3B;SLC24A3;AFF1;RPS6KA2;SLC2A1;BCL2;DHCR7;KCNK15;ADCY9;DHRS3;RETREG1;FASN;NRIP1;ABAT;RBBP8;PGR;MICB;GREB1;PDZK1;CCN5;PODXL;MYBBP1A;SLC22A5;NCOR2;AMFR;KDM4B;PLAAT3;TIAM1;SLC7A5;SLC1A4;MYBL1;MREG;RRP12;RAPGEFL1;KRT13;TFF3;CXCL12;ADCY1;SULT2B1;RARA;RAB31;NPY1R;IL6ST;SCARB1;SLC16A1;IGFBP4;ABCA3;AKAP1;FRK;FDFT1;OLFM1;CYP26B1;TPD52L1;FLNB;SLC26A2;MAPT;KRT19;THSD4;SCNN1A,0.02023608768971332,0.033448078825972435,True,True,Huang_GSE214411,185,0.29264320342632144,1.4939665881127941,0.0056657223796034,MYC;KLF4;BHLHE40;SLC19A2;EGR3;IGF1R;GAB2;TIPARP;STC2;TOB1;PMAIP1;CLDN7;KLF10;AQP3;AREG;ABLIM1;HES1;TSKU;NXT1;HSPB8;AMFR;XBP1;UGCG;LRIG1;MPPED2;ADD3;FASN;TPD52L1;MICB;RRP12;SIAH2;FCMR;FOS;SH3BP5;KRT13;ADCY1;RHOBTB3;PDLIM3;SLC2A1;DYNLT3;ESRP2;RARA;FLNB;CXCL12;NBL1;TGM2;MLPH;MED13L;SLC7A5,0.010492078480747036,0.011163984984440198,True,True,True,True,concordant_positive
Mareckova_E-MTAB-14039,eStromal,HALLMARK_ESTROGEN_RESPONSE_LATE,179,0.27191088348890935,1.3508612660289006,0.024509803921568627,ITPK1;DLG5;ATP2B4;CA2;NMU;SEMA3B;SLC24A3;AFF1;ISG20;CKB;RPS6KA2;KIF20A;BCL2;DHCR7;SLC29A1;MEST;TOP2A;LARGE1;GINS2;CDC6;NRIP1;RBBP8;PGR;XRCC3;MICB;LLGL2;PTPN6;ID2;PDZK1;CCN5;SLC22A5;NCOR2;AMFR;PLAAT3;TIAM1;SLC7A5;SLC1A4;PERP;RAPGEFL1;KRT13;TFF3;CXCL12;CACNA2D2;SULT2B1;PLXNB1;SGK1;RAB31;NPY1R;IL6ST;SCARB1;TFPI2;PDCD4;SLC16A1;GAL;IGFBP4;ASS1;ABCA3;FRK;FDFT1;OLFM1;CYP26B1;TPD52L1;FLNB;SLC26A2;MAPT;CDH1;KRT19;CDC20;SCUBE2;SCNN1A,0.04538852578068264,0.06808278867102396,True,True,Huang_GSE214411,184,0.20309840979359647,1.0283163643088717,0.38205980066445183,KLF4;EGR3;LSR;UGDH;DUSP2;S100A9;BTG3;SLC2A8;TOB1;NAB2;AREG;NXT1;HSPB8;AMFR;XBP1;GAL;TPSAB1;HPRT1;ADD3;LLGL2;TPD52L1;METTL3;MICB;ID2;ZFP36;SIAH2;FOS;KRT13;TNNC1;PDLIM3;DYNLT3;PRLR;FLNB;CCNA1;ST6GALNAC2;CXCL12;NBL1;CD9;SGK1;SLC7A5,0.43415886439142254,0.44685356802859866,False,False,True,False,not_significant_in_both
Mareckova_E-MTAB-14039,eStromal,HALLMARK_FATTY_ACID_METABOLISM,140,-0.37009753297557735,-1.704244393492864,0.0017123287671232876,IDH3B;SUCLG2;GCDH;GSTZ1;HPGD;PDHA1;NTHL1;CBR1;ACSM3;ODC1;APEX1;UBE2L6;MDH1;PDHB;UROS;FH;SERINC1;HSD17B10;SDHA;BLVRA;ACAA1;PSME1;IDH3G;GLUL;ACOT2;HADHB;MDH2;ACAT2;ECHS1;UGDH;OSTC;IDI1;LGALS1;PPARA;GABARAPL1;HCCS;RDH11;LDHA;ALDOA;PRDX6;HSPH1;ACADS;GRHPR;ECI2;SDHD;ADSL;ALDH9A1;HMGCL;SUCLA2;MGLL;ACADM;ENO2;ERP29;SMS;SUCLG1;G0S2;HSD17B11;CA4;PTS;DECR1;YWHAH;HSP90AA1,0.005446623093681917,0.011689070718877849,True,True,Huang_GSE214411,139,0.24712720539383215,1.209909439254762,0.09855072463768116,UGDH;DLST;PTS;CPOX;ENO2;AUH;GABARAPL1;ADIPOR2;IL4I1;LDHA;SDHA;ACSL4;PTPRG;FASN;GLUL;SMS;SDHD;MDH1;ALDOA;APEX1;BMPR1B;S100A10;ACSL1;CBR3;ACO2;HSPH1;HADHB;SERINC1;ACADVL;PPARA;G0S2;GRHPR;HSP90AA1;SUCLG2;KMT5A;MCEE;IDI1;HSD17B11,0.13317665491578537,0.13500099265435775,True,True,False,True,discordant
Mareckova_E-MTAB-14039,eStromal,HALLMARK_G2M_CHECKPOINT,193,0.35803060877556814,1.7864765569243837,0.0025906735751295338,AURKB;MCM2;EFNA5;RAD54L;MEIS2;SRSF1;EZH2;RBM14;NUSAP1;BIRC5;KIF11;MYBL2;HIRA;UPF1;POLE;TPX2;RACGAP1;TNPO2;TOP2A;AURKA;TLE3;MEIS1;HMMR;ESPL1;GINS2;CDC6;NOTCH2;WRN;TROAP;LMNB1;E2F1;SMC2;KIF15;PBK;KNL1;NDC80;SLC7A5;YTHDC1;MCM6;NUP50;TRAIP;KIF2C;KIF22;ORC6;TMPO;POLA2;SUV39H1;FANCC;BUB1;MNAT1;PRC1;MKI67;CDK1;TACC3;UCK2;UBE2C;MCM5;CCNT1;E2F2;TTK;CDC7;SMC1A;EWSR1;G3BP1;ILF3;CENPF;TENT4A;HUS1;CCNA2;PTTG1;CUL4A;CENPE;CDC25A;CDKN3;KIF4A;POLQ;CDC20;MCM3;EXO1;PLK1,0.006998880179171332,0.01564455569461827,True,True,Huang_GSE214411,193,-0.4095279111472638,-1.9321924871942209,0.0014265335235378032,NCL;RPS6KA5;TROAP;FBXO5;HNRNPU;CDKN2C;STMN1;CDKN3;ESPL1;CCNA2;SMC4;NSD2;RACGAP1;PTTG1;LMNB1;CDK4;NUMA1;CTCF;RAD54L;HNRNPD;CDC7;POLE;ATRX;CASP8AP2;MCM2;EFNA5;MYBL2;CDC25A;STIL;MTF2;BARD1;XPO1;JPT1;BIRC5;CDC20;NEK2;AURKB;PLK1;CENPA;MARCKS;PBK;TOP2A;FANCC;MAD2L1;CDC6;LIG3;HMGN2;CHEK1;NDC80;ILF3;CDC45;HMGB3;MCM5;DTYMK;PLK4;SMC2;ORC6;GINS2;SRSF10;MCM3;PRC1;SMC1A;MKI67;KIF20B;TMPO;E2F2;RAD21;EXO1;TACC3;RBL1;E2F1;NUSAP1;TRAIP;BUB1;CENPE;TTK;KIF11;POLA2;CHAF1A;TPX2;KIF4A;HMMR;KIF23;KIF2C;CENPF;KIF15;INCENP;BRCA2;KNL1;POLQ,0.006388959877331971,0.006809090135330666,True,True,False,True,discordant
Mareckova_E-MTAB-14039,eStromal,HALLMARK_GLYCOLYSIS,175,-0.24666005938284208,-1.1840009558683178,0.12436974789915967,MDH2;POLR3K;HSPA5;HAX1;AKR1A1;CASP6;TPI1;DDIT4;ENO1;LDHA;NDUFV3;ALDOA;PSMC4;FUT8;CTH;CITED2;SOD1;EGLN3;PGK1;CHST2;ALDH9A1;GUSB;ANKZF1;COPB2;UGP2;NANP;GLRX;ALDH7A1;ENO2;GFPT1;PGAM1;SAP30;PGM2;IGFBP3;B4GALT7;TPST1;DCN;TXN;IER3;STC1;PPP2CB;PAM,0.16364440513047324,0.22659022659022657,True,True,Huang_GSE214411,179,0.2861377020269199,1.4386469979484273,0.008902077151335312,HK2;ERO1A;SLC16A3;CXCR4;FAM162A;UGP2;AK4;STC2;ENO2;EGLN3;HS6ST2;DSC2;PGM2;IGFBP3;HOMER1;IRS2;LDHC;IER3;VLDLR;LDHA;ARPP19;STC1;CITED2;PHKA2;GNE;ENO1;CHST1;GALK2;MERTK;MDH1;ALDOA;SLC35A3;ALDH7A1;ECD;PFKP;SDC3;EFNA3;DCN;P4HA1;EGFR;MIOX;MET;DDIT4;VEGFA;SPAG4;GFPT1;PGK1;RRAGD;CACNA1H;PPP2CB;AK3;GPC3;PPFIA4;B4GALT1;GPC4;SOX9,0.01483679525222552,0.016562004002484303,True,True,False,True,discordant
Mareckova_E-MTAB-14039,eStromal,HALLMARK_HEDGEHOG_SIGNALING,31,0.3472396545388341,1.231750592067574,0.1752808988764045,NKX6-1;GLI1;TLE3;PTCH1;RTN1;VEGFA;NRP1;DPYSL2,0.21375719375171282,0.28852822860313493,True,False,Huang_GSE214411,32,-0.21726406070504778,-0.7543794069501261,0.8557213930348259,LDB1;HEY2;PTCH1;NRCAM;THY1;UNC5C;GLI1;NKX6-1,0.8731850949334958,0.8799191702157592,False,False,False,False,not_significant_in_both
Mareckova_E-MTAB-14039,eStromal,HALLMARK_HEME_METABOLISM,169,-0.296571925802153,-1.4176628351788647,0.01011804384485666,ARL2BP;RNF19A;BCAM;NARF;TRAK2;DAAM1;FBXO9;BPGM;ELL2;UROS;GAPVD1;SLC25A38;ADIPOR1;CTSB;BLVRA;BLVRB;PGLS;SPTB;MKRN1;GMPS;TCEA1;BSG;RAD23A;RCL1;SELENBP1;FBXO7;UBAC1;NCOA4;CCND3;ISCA1;CDC27;GLRX5;PRDX2;ATG4A;HEBP1;MGST3;GDE1;TSPAN5;BTG2;LAMP2;MINPP1;SDCBP;PSMD9;SMOX;MOSPD1;ICAM4;YPEL5;CDR2;HBB;TMEM9B;GCLM,0.02023608768971332,0.033448078825972435,True,True,Huang_GSE214411,170,0.3125880785531838,1.5494227014269015,0.006289308176100629,TENT5C;FBXO7;RBM38;MAP2K3;ADIPOR1;CPOX;SLC25A37;AQP3;GCLM;SLC4A1;TOP1;SLC10A3;NARF;CDR2;SLC25A38;NUDT4;SDCBP;AGPAT4;TMCC2;EPOR;ELL2;RANBP10;BACH1;HEBP1;SIDT2;CLIC2;MBOAT2;RAD23A;MKRN1;PICALM;RNF19A;LAMP2;GLRX5;BTG2;MFHAS1;ACP5;MINPP1;SEC14L1;HTRA2;SLC2A1;ALDH1L1;LRP10,0.011230907457322551,0.012331976815883586,True,True,False,True,discordant
Mareckova_E-MTAB-14039,eStromal,HALLMARK_HYPOXIA,182,-0.43091930851523086,-2.0690253649915107,0.0016181229773462784,F3;CASP6;TPI1;DDIT4;ENO1;CCN1;SELENBP1;AKAP12;LDHA;MYH9;KLF6;ALDOA;KDM3A;PRDX5;GRHPR;CITED2;PGK1;CHST2;SLC2A3;GBE1;CAVIN1;ANKZF1;UGP2;S100A4;GLRX;JMJD6;GCK;SLC6A6;SIAH2;ENO2;BGN;PNRC1;SAP30;PGM2;IGFBP3;STBD1;NAGK;PLAUR;LXN;DCN;PLIN2;IER3;CCN2;ADM;MT2A;JUN;SERPINE1;PGM1;DUSP1;STC1;BTG1;ZFP36;TNFAIP3;FOS;PAM;ATF3;CAV1;PPP1R15A;MAFF,0.005446623093681917,0.011689070718877849,True,True,Huang_GSE214411,186,0.5318433848437742,2.7407003695901815,0.0030864197530864196,CDKN1A;ERRFI1;HK2;BHLHE40;ADM;IDS;SLC6A6;ERO1A;JMJD6;CXCR4;PFKFB3;F3;FAM162A;SERPINE1;AKAP12;TIPARP;PRKCA;PIM1;UGP2;AK4;CCN2;STC2;ENO2;IL6;BTG1;PGM2;NFIL3;HMOX1;IGFBP3;XPNPEP1;TGFB3;IRS2;RBPJ;PLAUR;KDM3A;CDKN1C;LDHC;IER3;PDK1;VLDLR;LDHA;FOSL2;DTNA;SLC2A3;STC1;HAS1;CITED2;ENO1;NDRG1;PDGFB;MAFF;PLIN2;EFNA1;ALDOA;SLC2A5;EDN2;ZFP36;ATF3;SIAH2;KLF6;FOS;PFKP;CCN1;TPST2;GBE1;SDC3;NOCT;RORA;TNFAIP3;EFNA3;SLC2A1;PYGM;DCN;P4HA1;EGFR;ACKR3;TGM2;DDIT4;VEGFA;CAVIN1;CCNG2;PGK1;RRAGD;LARGE1;SDC4;GRHPR;GPC3;PPFIA4;GPC4;PLAC8;ALDOC;DUSP1;WSB1;DDIT3,0.006388959877331971,0.006974959893980609,True,True,False,True,discordant
Mareckova_E-MTAB-14039,eStromal,HALLMARK_IL2_STAT5_SIGNALING,175,-0.39312051911644363,-1.887030561696589,0.0016806722689075631,LRRC8C;PHTF2;GABARAPL1;ITGAV;KLF6;COCH;GSTO1;DCPS;GALM;TTC39B;CTSZ;CXCL10;RNH1;SHE;CCND3;EEF1AKMT1;IL1RL1;DENND5A;IFNGR1;SLC2A3;ST3GAL4;CD81;GPX4;SNX9;AHR;ITGAE;SOCS2;MYC;XBP1;TNFRSF18;SMPDL3A;PDCD2L;SPRY4;TNFRSF21;TNFRSF4;EMP1;CASP3;RHOB;PLIN2;GLIPR2;F2RL2;HOPX;ARL4A;SYT11;MYO1E;BMP2;GADD45B;PLPP1;NFKBIZ;MAFF,0.005446623093681917,0.011689070718877849,True,True,Huang_GSE214411,181,0.45282142460277136,2.2747705626231087,0.0029850746268656717,MYC;HK2;HOPX;BHLHE40;IL2RB;EMP1;PLAGL1;IGF1R;SNX9;SPRY4;GLIPR2;FURIN;PHLDA1;IL18R1;AHR;PIM1;IRF4;LIF;PRKCH;IL4R;NFIL3;BMP2;PLSCR1;ITGAV;TTC39B;PLPP1;LTB;CD83;GABARAPL1;CSF1;IFNGR1;CDKN1C;XBP1;NFKBIZ;SLC2A3;CD79B;LRIG1;TNFRSF21;MXD1;PNP;MAPKAPK2;IRF8;SPRED2;NDRG1;MAFF;PLIN2;GADD45B;PTGER2;CD48;TWSG1;DENND5A;KLF6;GBP4,0.006388959877331971,0.006962818548948615,True,True,False,True,discordant
Mareckova_E-MTAB-14039,eStromal,HALLMARK_IL6_JAK_STAT3_SIGNALING,72,-0.34559886798325,-1.443786644280991,0.03125,TNF;PIM1;IL10RB;IL7;HAX1;LEPR;PDGFC;CXCL10;EBI3;IFNGR1;CXCL3;IFNGR2;TNFRSF21;IFNAR1;IRF1;PTPN1;SOCS3;JUN;TNFRSF12A;CXCL1,0.055803571428571425,0.08389261744966443,True,True,Huang_GSE214411,74,0.5441802840701218,2.3590054203571458,0.0026041666666666665,TGFB1;IL18R1;TNFRSF12A;PIM1;IL6;IL4R;HMOX1;LTB;CSF1;IFNGR1;CXCL1;IL1R1;IL1B;IFNAR1;TNFRSF21;SOCS3;OSMR;ACVR1B;IL2RG;LTBR;STAT3;CXCL13;IRF9;IL7;IFNGR2;CD9;IL15RA;PDGFC;PTPN1;TNF;CXCL10;CXCL3;CD14;TNFRSF1A;ACVRL1;IL10RB;SOCS1;CD44;IL6ST;CBL;CNTFR;PTPN11;MAP3K8;HAX1;STAM2;BAK1;IL13RA1,0.006388959877331971,0.006809090135330666,True,True,False,True,discordant
Mareckova_E-MTAB-14039,eStromal,HALLMARK_INFLAMMATORY_RESPONSE,149,-0.37390625723320126,-1.7420055663702807,0.0016474464579901153,KLF6;CD55;ACVR2A;PDE4B;CXCL10;SRI;DCBLD2;CHST2;EBI3;LPAR1;SLC1A2;IFNGR2;AHR;CD40;MYC;SLC31A2;SELENOS;EMP3;KCNA3;BTG2;IFNAR1;PDPN;TIMP1;GNAI3;CXCL8;INHBA;PLAUR;IRF1;ADM;SERPINE1;NFKBIA;ICAM4;HBEGF;ATP2B1;PTPRE;NAMPT;ICAM1,0.005446623093681917,0.011689070718877849,True,True,Huang_GSE214411,160,0.5697803258911409,2.8417523338468906,0.003215434083601286,CDKN1A;MYC;IL2RB;ADM;MMP14;RGS1;F3;SERPINE1;NAMPT;CCL20;SPHK1;IL18R1;AHR;IL6;CXCL8;LIF;PTGER4;CMKLR1;IRAK2;ATP2A2;GPR132;IL4R;OSM;GPR183;SLC7A1;AXL;C5AR1;PTGIR;HBEGF;FZD5;TNFSF9;NFKB1;RIPK2;PLAUR;SLC4A4;CSF1;EDN1;CCL2;ABI1;IL1R1;CD69;SCN1B;IL1B;CD55;ITGA5;IFNAR1;MXD1;IL15;CCRL2;OSMR;PTPRE;TNFSF15;CALCRL;ACVR1B;ICAM1;HIF1A;GCH1;PTGER2;CD48;PDE4B;CX3CL1;BTG2;SELENOS;IRF7;KLF6;ABCA1;RELA;PDPN;EREG;SEMA4D;SGMS2;LCK;MET;IFNGR2;NDP;IL7R;ATP2C1;LDLR,0.006388959877331971,0.007066888095827002,True,True,False,True,discordant
Mareckova_E-MTAB-14039,eStromal,HALLMARK_INTERFERON_ALPHA_RESPONSE,92,-0.2151307858125825,-0.9243609982449866,0.6151202749140894,OGFR;IFI30;TENT5A;LAP3;IFI35;EIF2AK2;SAMD9L;UBE2L6;IFIT2;BST2;PSME1;GMPR;CASP1;IRF2;ELF1;IL7;PSMA3;BATF2;PSMB9;HLA-C;CXCL10;GBP2;MVB12A;PSMB8;EPSTI1;IFI44;IRF1;B2M,0.6407502863688431,0.6950511580950163,False,False,Huang_GSE214411,94,0.19914800268579907,0.9116865304417643,0.6377952755905512,IL4R;PLSCR1;TENT5A;CASP1;RIPK2;CSF1;IL15;LAP3;CCRL2;LPAR6;SP110;IRF2;OASL;NCOA7;SLC25A28;IRF7;TAP1;GBP4;IRF9;OAS1;IL7,0.6785056123303737,0.6913769925100826,False,False,False,False,not_significant_in_both
Mareckova_E-MTAB-14039,eStromal,HALLMARK_INTERFERON_GAMMA_RESPONSE,181,-0.3177865929986388,-1.5316290225474414,0.001694915254237288,LAP3;IFI35;SPPL2A;EIF2AK2;SAMD9L;LATS2;VCAM1;UBE2L6;IFIT2;BPGM;IL6;SERPING1;ISOC1;BST2;PSME1;IL18BP;PSMB2;CASP1;IRF2;PIM1;PSMB10;CCL2;RIPK1;IL7;PSMA3;BATF2;PSMB9;PDE4B;CXCL10;SRI;HLA-A;PSMB8;EPSTI1;CD40;PSMA2;SSPN;VAMP5;SOD2;ARID5B;CASP3;UPP1;IFI44;IRF1;PTPN1;SOCS3;HLA-B;MT2A;NFKBIA;BTG1;B2M;ARL4A;CFH;TNFAIP3;NAMPT;CASP4;IFNAR2;ICAM1,0.005446623093681917,0.011689070718877849,True,True,Huang_GSE214411,183,0.3691543148047304,1.880747016308281,0.0029940119760479044,CDKN1A;XCL1;IL2RB;VCAM1;NAMPT;PTGS2;PIM1;IRF4;IL6;CMKLR1;BTG1;PLA2G4A;IL4R;CASP4;CASP7;PLSCR1;CASP1;NFKB1;RIPK2;CCL2;CD69;LATS2;SECTM1;PNP;SOCS3;IL15;LAP3;IRF8;SP110;IRF2;OASL;LYSMD2;SLC25A28;ICAM1;HIF1A;GCH1;GZMA;CFB;PDE4B;IRF7;APOL6;TAP1;GBP4;PFKP;STAT3;TNFAIP3;ARID5B;MTHFD2;IRF9;PML;IL7;RAPGEF6;IL15RA;ITGB7;PTPN1;JAK2;MX2;CXCL10;TRIM21;PSMB10;EIF4E3;STAT4;PELI1;SAMHD1;UPP1;TNFAIP2;PSMB2;TAPBP;ST3GAL5;SOCS1;HLA-DRB1;IFI30;CD40;NUP93;TNFAIP6;SAMD9L;SPPL2A,0.006388959877331971,0.006962818548948615,True,True,False,True,discordant
Mareckova_E-MTAB-14039,eStromal,HALLMARK_KRAS_SIGNALING_DN,113,0.19562411065093652,0.9190962033806912,0.6496519721577726,EDAR;MAST3;ZBTB16;COQ8A;KCNMB1;GP1BA;MTHFR;NR6A1;GRID2;SPHK2;SHOX2;IDUA;CLSTN3;NR4A2;RIBC2;MSH5;KRT13;EPHA5;KCNN1;TENT5C;DLK2;SLC25A23;TFCP2L1;PDE6B;SGK1;FGF22;THNSL2,0.6629101756711966,0.725868125315947,False,False,Huang_GSE214411,114,-0.18652105783051165,-0.8249821905098971,0.838006230529595,EDAR;GTF3C5;ZBTB16;SPHK2;FGF22;ITIH3;CELSR2;MAST3;SPTBN2;IFI44L;CPA2;MAGIX;SHOX2;PDK2;CAPN9;BARD1;GRID2;ENTPD7;KCNMB1;MX1;CYP39A1;ZC2HC1C;RIBC2;DTNB;ZNF112;C5;RSAD2;SLC25A23;EPHA5;MSH5,0.8729231568016614,0.8661563106249044,False,False,False,False,not_significant_in_both
Mareckova_E-MTAB-14039,eStromal,HALLMARK_KRAS_SIGNALING_UP,169,-0.2555863355399888,-1.2217449379086396,0.08263069139966273,TMEM100;CXCL10;MAFB;DCBLD2;SCG5;TFPI;LCP1;TMEM176A;YRDC;GLRX;PSMB8;ETV1;ZNF277;G0S2;IGFBP3;EMP1;INHBA;PLAUR;TMEM176B;KIF5C;CPE;HBEGF;CFH;TNFAIP3;PLAU;ALDH1A3;BMP2;MMP10;PPP1R15A,0.11804384485666104,0.1730250228035696,True,True,Huang_GSE214411,175,0.4086740052740275,2.0332117083192114,0.0031446540880503146,KLF4;EMP1;TRIB1;MMP10;ERO1A;CXCR4;DUSP6;F2RL1;PLAT;CCL20;VWA5A;PTGS2;AKAP12;MAFB;FCER1G;IL1RL2;GPRC5B;LIF;CTSS;CMKLR1;GFPT2;BMP2;IGFBP3;YRDC;HBEGF;ADAM17;PLAUR;SPRY2;ADGRA2;RBP4;TMEM176A;TMEM100;SCN1B;PTBP2;IL1B;GNG11;TMEM176B;LAPTM5;IRF8;ALDH1A3;TFPI;LY96;JUP;ID2;LAT2;ANO1;GPNMB;CFB;ETV5;NGF;SPARCL1;IL2RG;CCSER2,0.006388959877331971,0.007010164738871363,True,True,False,True,discordant
Mareckova_E-MTAB-14039,eStromal,HALLMARK_MITOTIC_SPINDLE,196,0.24887516324321102,1.2600405080199595,0.04627249357326478,SUN2;ARHGEF3;PREX1;CNTROB;PXN;CEP131;EPB41;NUSAP1;BIRC5;KIF11;ANLN;TBCD;EZR;TPX2;RACGAP1;TOP2A;RFC1;AURKA;ESPL1;EPB41L2;NOTCH2;LMNB1;SHROOM1;TRIO;CCDC88A;KIF15;LLGL1;NDC80;TIAM1;KNTC1;MYO9B;ATG4B;TSC1;KIF2C;KIF22;BUB1;PRC1;STK38L;ARHGAP27;ECT2;CEP72;CDK1;CDK5RAP2;TTK;CLASP1;SMC1A;BCR;RHOT2;CENPF;TAOK2;SEPTIN9;CENPE;FLNB;WASF1;KIF4A;DOCK4;DLGAP5;TUBGCP3;PLK1;AKAP13;CEP192;ABI1;LATS1;SASS6;SMC4;CKAP5;ABR;KATNB1;MID1;ARAP3;CCNB2;SYNPO;ALS2;PIF1;PCNT,0.07463305415042706,0.1148417903230681,True,True,Huang_GSE214411,197,-0.30413903421097543,-1.4552576614057509,0.002890173410404624,KIFAP3;RHOT2;CNTROB;TAOK2;FARP1;KIF3B;BIRC5;TIAM1;RHOF;NEK2;PLK1;MARCKS;TOP2A;NDC80;WASF1;HDAC6;CDC42EP2;ECT2;ARHGEF3;CEP192;CEP131;ANLN;SHROOM2;ARHGAP4;PRC1;SMC1A;CNTRL;KIF20B;RAB3GAP1;CCDC88A;NUSAP1;BUB1;CENPE;TTK;APC;KIF11;TPX2;DLGAP5;KIF4A;KIF23;KIF2C;CENPF;KNTC1;KIF15;INCENP;BRCA2;TUBGCP5;CDK5RAP2;PCNT;PIF1;SOS1;DOCK4,0.006388959877331971,0.006962818548948615,True,True,False,True,discordant
Mareckova_E-MTAB-14039,eStromal,HALLMARK_MTORC1_SIGNALING,195,-0.26573386264341614,-1.2752831382093472,0.06199021207177814,PPA1;PRDX1;GAPDH;GMPS;COPS5;HSPA5;TCEA1;SQSTM1;RIT1;IDI1;EEF1E1;SERP1;RAB1A;TPI1;DDIT4;ENO1;EIF2S2;QDPR;RDH11;PSMA3;LDHA;POLR3G;ALDOA;GLA;PSMC4;CTH;PSMD12;PSMG1;EGLN3;PGK1;HSPE1;UFM1;SLC2A3;GBE1;CCT6A;PSMB5;HPRT1;PSMC2;GLRX;PDAP1;PSMD13;ATP6V1D;ARPC5L;SLC6A6;XBP1;TBK1;BTG2;SEC11A;IFRD1;PNO1;PSMC6;ACTR3;PGM1;STC1;NAMPT;PPP1R15A,0.09685970636215334,0.14672239543616128,True,True,Huang_GSE214411,196,0.3464167844085246,1.7774892203082207,0.003134796238244514,CDKN1A;GSR;HK2;BHLHE40;SLC6A6;ERO1A;CXCR4;EDEM1;MAP2K3;SHMT2;NAMPT;AK4;ACSL3;EGLN3;ATP2A2;NFIL3;COPS5;IFRD1;SLA;ADIPOR2;PDK1;VLDLR;XBP1;TBK1;LDHA;RPN1;ETF1;SLC2A3;STC1;PNP;HPRT1;ADD3;INSIG1;ENO1;UFM1;BCAT1;PPA1;TRIB3;PITPNB;UBE2D3;ALDOA;SERP1;BTG2;M6PR;SQSTM1;CACYBP;CORO1A;GBE1;SLC2A1;MTHFD2;HSPE1;NUFIP1;P4HA1;USO1;CCNG1;LGMN;DDIT4;STIP1;LTA4H;CD9;LDLR;PGK1;SLC7A5,0.006388959877331971,0.007010164738871363,True,True,False,True,discordant
Mareckova_E-MTAB-14039,eStromal,HALLMARK_MYC_TARGETS_V1,195,-0.491834043252854,-2.3603603090636507,0.0016313213703099511,COX5A;SRPK1;RUVBL2;SNRPG;ODC1;PSMA1;RPLP0;ERH;RSL1D1;RRP9;APEX1;SERBP1;PCBP1;NOP16;MRPL9;HDDC2;PHB2;ILF2;PSMB3;CCT7;RAD23B;SNRPA1;USP1;SSBP1;RPL22;DDX21;CYC1;PSMB2;VDAC1;PRPF31;SNRPB2;PABPC4;ACP1;CCT5;C1QBP;CCT4;EIF1AX;RNPS1;COPS5;PPM1G;TUFM;EIF2S2;SNRPD3;MRPS18B;LDHA;CTPS1;UBA2;HNRNPA1;RPL14;CNBP;SSB;PSMC4;NCBP2;PSMA7;RPL34;RAN;VBP1;PGK1;EEF1B2;RACK1;NPM1;HSPE1;SNRPD1;EIF4A1;PRDX3;NDUFAB1;SLC25A3;RPS3;PRDX4;RPS6;SRSF7;HPRT1;AP3S1;CLNS1A;VDAC3;PSMA6;RPS5;YWHAQ;AIMP2;PSMD8;RPL18;PABPC1;MYC;RPS2;PSMA2;U2AF1;CCT3;LSM2;NOP56;EIF3D;UBE2E1;RPS10;SRSF3;IFRD1;CBX3;CCT2;EIF2S1;PTGES3;EXOSC7;PSMC6;PSMD7;TCP1,0.005446623093681917,0.011689070718877849,True,True,Huang_GSE214411,195,0.2507666333986489,1.2881329659765788,0.03508771929824561,MYC;DDX21;EIF4H;KPNA2;COPS5;NPM1;IFRD1;EIF4A1;TCP1;UBE2E1;TFDP1;LDHA;RPL34;ETF1;PABPC4;HPRT1;HDAC2;RPL22;PABPC1;RPL14;XPOT;EIF3D;DDX18;CCT2;CCT4;RAD23B;PHB2;SRSF7;APEX1;PRDX3;ILF2;UBA2;HNRNPA2B1;CUL1;HSPE1;SSB;C1QBP;PGK1;SNRPB2;RSL1D1;PCBP1;EIF4E;U2AF1;NAP1L1;RRP9;DUT;PSMB2;PSMA6,0.05316321105794789,0.0556947925368978,True,True,False,True,discordant
Mareckova_E-MTAB-14039,eStromal,HALLMARK_MYC_TARGETS_V2,57,-0.2735145040018351,-1.083510597722536,0.3184257602862254,RCL1;NIP7;NPM1;HSPE1;DCTPP1;PPRC1;AIMP2;MYC;NOP56;IMP4;CBX3;DUSP2,0.3618474548707107,0.45166774508684454,False,False,Huang_GSE214411,57,0.28069600934252315,1.1929451255518049,0.1994949494949495,MYC;HK2;DUSP2;TFB2M;NPM1;DDX18;RRP12;NDUFAF4;HSPE1;RCL1;PRMT3;RRP9;MPHOSPH10;PUS1;SLC19A1,0.24936868686868688,0.25172864289583535,True,False,False,False,not_significant_in_both
Mareckova_E-MTAB-14039,eStromal,HALLMARK_MYOGENESIS,164,-0.26742366122186245,-1.2606483135691295,0.07228915662650602,MRAS;DMD;ACTC1;PDLIM7;SPTAN1;HSPB2;KCNH1;RIT1;GSN;LAMA2;MYH9;SH3BGR;FHL1;EIF4A2;COL4A2;AEBP1;ABLIM1;MYLK;SCHIP1;DAPK2;FGF2;KCNH2;SSPN;SOD3;IGFBP3;IFRD1;TAGLN;BAG1;CRYAB;MYH11;CTF1;IGFBP7;SPARC;TPM2;GABARAPL2;HBEGF;FST;GADD45B;DES,0.10630758327427356,0.16154001480783467,True,True,Huang_GSE214411,167,0.37936523943156536,1.89827517846289,0.0029239766081871343,CDKN1A;HSPB2;BHLHE40;TGFB1;DES;KLF5;LSP1;FST;SPHK1;PTGIS;STC2;NOTCH1;FHL1;KIFC3;IGFBP3;WWTR1;HBEGF;IFRD1;ABLIM1;MEF2D;HSPB8;MEF2A;CNN3;DTNA;APP;TPD52L1;FGF2;GADD45B;FABP3;CRYAB;TCAP;HDAC5;TNNC1;PYGM;ACHE;TNNT1;SORBS1;IGF1;GABARAPL2;ACSL1;MAPRE3;SMTN;PRNP;TNNT3;CTF1;CACNA1H;MYOZ1;LARGE1;EIF4A2;PPFIA4;ACTA1;PSEN2;CKM;FXYD1;SORBS3,0.006388959877331971,0.006962818548948615,True,True,False,True,discordant
Mareckova_E-MTAB-14039,eStromal,HALLMARK_NOTCH_SIGNALING,32,0.2789131305543168,0.991519530357541,0.4772727272727273,HEYL;FZD7;KAT2A;TCF7L2;NOTCH1;NOTCH2;FBXW11;PPARD;DTX2;FZD1;NOTCH3;JAG1,0.5077369439071567,0.5984611000284982,False,False,Huang_GSE214411,32,0.7294391601856205,2.608192977929036,0.002506265664160401,DLL1;PRKCA;NOTCH1;MAML2;DTX1;FZD7;FZD5;HES1;TCF7L2;APH1A;LFNG;NOTCH3;WNT2;ST3GAL6;FZD1;CUL1;DTX2,0.006388959877331971,0.006809090135330666,True,True,True,False,not_significant_in_both
Mareckova_E-MTAB-14039,eStromal,HALLMARK_OXIDATIVE_PHOSPHORYLATION,200,-0.5163254196637523,-2.4942670430382914,0.0016474464579901153,IDH3B;COX11;SDHB;TIMM8B;COX6C;PDHA1;CYB5A;COX5A;UQCR11;ATP5PB;UQCR10;MRPS22;NDUFV2;IDH2;OPA1;BAX;MRPL11;COX5B;ATP5MC2;ABCB7;MDH1;ATP5PF;PHB2;COX7C;PDHB;ATP5F1B;NDUFB7;FH;NDUFS8;PHYH;HSD17B10;NDUFA8;SDHA;ACAA1;CYC1;IDH3G;TIMM9;ACADSB;VDAC1;ATP5F1D;HADHB;ATP5PO;UQCRB;ATP5MC3;COX8A;MDH2;ECHS1;NDUFS6;NDUFB6;TOMM22;ATP6V0B;NDUFB8;MRPS11;TIMM13;NDUFB3;NDUFB2;HCCS;ETFB;LDHA;NDUFB4;NDUFC2;UQCRH;MRPS12;ATP5F1C;MRPL34;COX4I1;SLC25A5;MRPL15;NDUFS4;NDUFA6;NDUFV1;UQCRFS1;SDHD;ISCA1;ATP5MG;UQCRC2;POLR2F;ALAS1;NDUFA5;PRDX3;NDUFAB1;SLC25A3;VDAC2;GRPEL1;MRPS30;SUCLA2;ATP6V1F;ATP1B1;GPX4;VDAC3;ATP6V1G1;COX7A2L;MTX2;ATP6V1D;LDHB;NDUFA9;NDUFA4;CYCS;ACADM;MGST3;SLC25A11;NDUFS3;MPC1;ATP6V0E1;GLUD1;SUCLG1;NDUFS2;COX7A2;FDX1;ATP6V0C;NDUFB5;NQO2;RHOT1;ISCU;DECR1;IDH3A,0.005446623093681917,0.011689070718877849,True,True,Huang_GSE214411,200,0.2818769773859514,1.4440834494536205,0.0033222591362126247,OAT;MRPS22;DLST;GLUD1;MTX2;TIMM9;FDX1;CASP7;VDAC2;UQCRB;MAOB;NDUFB4;MTRR;COX7C;LDHA;SDHA;SDHB;MRPS30;IDH3A;SDHD;PDP1;MDH1;MFN2;ATP5MG;PHB2;BDH2;PRDX3;UQCRH;HTRA2;NDUFS4;PDK4;ATP6V1H;NDUFA7;COX17;ABCB7;NDUFB6;NDUFB5;NQO2;UQCRC2;ACO2;ATP6V1C1;ATP5F1C;NDUFA1,0.006388959877331971,0.007222302470027445,True,True,False,True,discordant
Mareckova_E-MTAB-14039,eStromal,HALLMARK_P53_PATHWAY,186,-0.34546153143499525,-1.6541076647955244,0.0017211703958691911,FUCA1;CTSD;SAT1;TPRKB;DDIT4;CDKN2AIP;CTSF;RAD51C;RACK1;CCND3;HINT1;RPS12;CD81;S100A4;SERTAD3;LDHB;RPL18;NINJ1;PMM1;SLC3A2;PPM1D;BTG2;CYFIP2;UPP1;ISCU;IER3;TRIAP1;RNF19B;JUN;RRAD;ZNF365;BTG1;DRAM1;HBEGF;PLK3;IER5;CGRRF1;PTPRE;FOS;ATF3;BMP2;PPP1R15A,0.005446623093681917,0.011689070718877849,True,True,Huang_GSE214411,187,0.43663206542776456,2.2358864568829278,0.0029154518950437317,RRAD;CDKN1A;ZFP36L1;KLF4;SLC19A2;SAT1;CEBPA;TGFB1;FAM162A;RNF19B;SPHK1;VWA5A;IER5;DRAM1;EPHA2;GADD45A;TOB1;NOTCH1;LIF;BTG1;CDKN2AIP;SLC3A2;BMP2;CSRNP2;HMOX1;HEXIM1;HBEGF;PLK3;TNFSF9;CASP1;IER3;BAIAP2;RPL36;KIF13B;MKNK2;MXD1;APP;PTPRE;SESN1;NDRG1;TPD52L1;ACVR1B;TRIB3;CDKN2B;PPM1D;CTSF;F2R;ATF3;BTG2;TPRKB;SERTAD3;TAP1;FOS;RAP2B,0.006388959877331971,0.006962818548948615,True,True,False,True,discordant
Mareckova_E-MTAB-14039,eStromal,HALLMARK_PANCREAS_BETA_CELLS,20,-0.38675479941633617,-1.1951044880401236,0.2270168855534709,SRP14;MAFB;SRP9;SRPRB;SPCS1;GCK;SEC11A,0.26397312273659407,0.35333367401318433,False,False,Huang_GSE214411,19,0.30290894526366896,0.9724182389662934,0.494199535962877,MAFB;FOXO1;PAK3;AKT3;STXBP1;FOXA2,0.537173408655301,0.5506401514906708,False,False,False,False,not_significant_in_both
Mareckova_E-MTAB-14039,eStromal,HALLMARK_PEROXISOME,96,-0.23666407613803253,-1.0338818203227325,0.3858407079646018,ISOC1;CDK7;ITGB1BP1;TSPO;BCL10;ACAA1;PRDX1;SIAH1;IDI1;SCP2;RDH11;CTPS1;PEX13;CNBP;ERCC1;PEX11B;PRDX5;ECI2;SOD1;ALDH9A1;FIS1;HMGCL;ABCB4;PABPC1;SOD2;HSD17B11;PEX2;YWHAH,0.4193920738745672,0.5060206006093139,False,False,Huang_GSE214411,97,-0.16201938012898975,-0.7090090665559938,0.9710365853658537,CRAT;PEX14;ERCC3;CRABP2;FABP6;ISOC1;HRAS;RXRG;IDE;SMARCC1;HMGCL;VPS4B;TSPO;PRDX1;RETSAT;MLYCD;YWHAH;CAT;SEMA3C;ABCB9;MSH2;TOP2A;ABCB1;FIS1;CLN6;ACAA1;EHHADH;PEX11B;ESR2;CRABP1;ABCD2,0.9710365853658537,0.9781417374940546,False,False,True,False,not_significant_in_both
Mareckova_E-MTAB-14039,eStromal,HALLMARK_PI3K_AKT_MTOR_SIGNALING,98,-0.20046336452927482,-0.8839309983974147,0.7225042301184433,HRAS;NCK1;AP2M1;SLA;MKNK2;ARF1;UBE2D3;CFL1;CSNK2B;RIPK1;MAPK9;UBE2N;SQSTM1;TRAF2;RIT1;RAC1;ATF1;ARPC3;PIN1;RALB;YWHAB;PTEN;RPS6KA3;TBK1;PPP1CA;ACTR3,0.7225042301184433,0.7872097449562239,False,False,Huang_GSE214411,99,0.3372840504754843,1.559235146865671,0.013404825737265416,CDKN1A;CXCR4;MAP2K3;MAPK1;AKT1;RALB;CSNK2B;ATF1;CAB39;NCK1;SLA;PDK1;TBK1;ARF1;MAP3K7;MKNK2;ARPC3;TRIB3;RPS6KA3;UBE2D3;NGF;UBE2N;IL2RG;SQSTM1;PTEN;SLC2A1;EGFR,0.021620686673008736,0.02404453047043124,True,True,False,False,not_significant_in_both
Mareckova_E-MTAB-14039,eStromal,HALLMARK_PROTEIN_SECRETION,94,-0.489308840741951,-2.09973911385405,0.0016863406408094434,STX7;AP2M1;ARFIP1;USO1;RAB5A;ARF1;RAB14;BNIP3;RER1;LMAN1;RAB9A;GLA;TOM1L1;SOD1;RAB2A;TMED2;COPB1;AP2S1;STX12;TSG101;CD63;COPB2;AP3S1;CLN5;CLTA;TMX1;SSPN;RPS6KA3;LAMP2;ARCN1;BET1;SCAMP1;YIPF6;SNX2;VAMP3;ARFGAP3;PAM;CAV2,0.005446623093681917,0.011689070718877849,True,True,Huang_GSE214411,94,0.2976645578896633,1.3626888764034801,0.049868766404199474,BNIP3;ATP1A1;MAPK1;ARFGAP3;TSG101;ARF1;ADAM10;OCRL;SEC24D;RPS6KA3;LAMP2;RAB9A;M6PR;ABCA1;ATP6V1H;GNAS;STX12;EGFR;USO1;AP1G1;BET1;ARFGEF2;CLN5;STAM;RAB5A;ARCN1;RAB22A;IGF2R;SEC22B;STX16;TMX1;KRT18;AP3S1;LMAN1;SNX2,0.0712410948631421,0.07642722820566969,True,True,False,True,discordant
Mareckova_E-MTAB-14039,eStromal,HALLMARK_REACTIVE_OXYGEN_SPECIES_PATHWAY,47,-0.5028962574236926,-1.9092075254561638,0.001851851851851852,MSRA;CDKN2D;EGLN2;PRDX1;FTL;NDUFB4;PRDX6;NDUFA6;SOD1;PRDX4;PRDX2;GPX4;GLRX;LAMTOR5;ATOX1;GLRX2;SELENOS;SOD2;NDUFS2;PDLIM1;TXN;JUNB;GCLM,0.005446623093681917,0.011757789535567314,True,True,Huang_GSE214411,48,0.3157388346836567,1.2428274364410292,0.14871794871794872,GSR;LSP1;GLRX2;GCLM;NDUFB4;PDLIM1;SCAF4;SELENOS;PFKP;SBNO2;ABCC1;JUNB;PRNP,0.19066403681788296,0.19376931429048694,True,True,False,True,discordant
Mareckova_E-MTAB-14039,eStromal,HALLMARK_SPERMATOGENESIS,85,-0.24420040373081475,-1.041242623623341,0.3765112262521589,MLF1;STRBP;PSMG1;SHE;SCG5;PGS1;RPL39L;VDAC3;PEBP1;IL13RA2;CCT6B;TSN;ARL4A;HSPA2,0.4183458069468432,0.49780634388021144,False,False,Huang_GSE214411,91,-0.2723106125132269,-1.1437484337109731,0.21926910299003322,OAZ3;CNIH2;IDE;PCSK1N;VDAC3;CCNB2;AURKA;RPL39L;ACE;TCP11;PHKG2;CDKN3;TEKT2;TOPBP1;GRM8;GMCL1;RFC4;TSN;CRISP2;NEK2;PCSK4;PARP2;ZC2HC1C;POMC;ZPBP;PHF7;COIL;BUB1;TTK;CAMK4;NCAPH;SNAP91;KIF2C;MTOR,0.26740134510979663,0.274945583686562,False,False,True,False,not_significant_in_both
Mareckova_E-MTAB-14039,eStromal,HALLMARK_TGF_BETA_SIGNALING,54,-0.4921640021317634,-1.9196631997420035,0.0018148820326678765,SMAD7;TGFBR1;FKBP1A;RHOA;IFNGR2;SMURF1;KLF10;THBS1;PPP1CA;ID1;SERPINE1;JUNB;BMP2;FNTA;PPP1R15A,0.005446623093681917,0.011757789535567314,True,True,Huang_GSE214411,54,0.6207053976170412,2.5525076002836986,0.0024691358024691358,SMAD7;THBS1;TGFB1;FURIN;SERPINE1;SKIL;SKI;SLC20A1;TGFBR1;KLF10;BCAR3;BMP2;LEFTY2;WWTR1;TGIF1;SMURF2;CDKN1C;MAP3K7;ID1;CTNNB1;ID2;UBE2D3,0.006388959877331971,0.006809090135330666,True,True,False,True,discordant
Mareckova_E-MTAB-14039,eStromal,HALLMARK_TNFA_SIGNALING_VIA_NFKB,183,-0.5652183544993379,-2.7079488671083656,0.0016474464579901153,PDLIM5;IL6;EDN1;PHLDA1;ZBTB10;TGIF1;CD83;TNIP2;PTX3;TSC22D1;TNF;CCNL1;CCL2;CXCL2;EGR3;SERPINB8;SQSTM1;SAT1;F3;CCN1;TNFAIP8;REL;KLF6;KLF9;PDE4B;CXCL10;SPSB1;DENND5A;FOSL1;FJX1;CXCL3;SLC2A3;YRDC;IFNGR2;MYC;NINJ1;NR4A1;PNRC1;SOD2;BTG2;KLF10;G0S2;CEBPB;EIF1;BTG3;INHBA;RHOB;LITAF;PLAUR;IRF1;RELB;IER3;CEBPD;RNF19B;SOCS3;RCAN1;JUN;NFKBIE;SERPINE1;NFKBIA;DUSP1;DUSP2;BTG1;DRAM1;ZFP36;HBEGF;MCL1;TNFAIP3;ATP2B1;IER5;PLAU;PTPRE;EGR1;NAMPT;FOS;JUNB;ATF3;BMP2;GEM;FOSB;GADD45B;DNAJB4;PHLDA2;CXCL1;ICAM1;IER2;PPP1R15A;MAFF,0.005446623093681917,0.011689070718877849,True,True,Huang_GSE214411,192,0.6961438910537417,3.5601526824500733,0.002932551319648094,CDKN1A;CLCF1;SPSB1;MYC;KLF4;BHLHE40;SAT1;PHLDA2;DUSP5;FOSL1;TRIB1;EGR3;EGR2;F2RL1;PFKFB3;TNC;MAP2K3;ZC3H12A;F3;PHLDA1;SERPINE1;DUSP2;RNF19B;BTG3;NAMPT;CCL20;SPHK1;PTGS2;IER5;DRAM1;TIPARP;NR4A3;GADD45A;EGR1;IL6;LIF;PTGER4;BCL6;BTG1;GEM;PDLIM5;GFPT2;FOSB;GPR183;KLF10;BIRC2;AREG;NFIL3;BMP2;YRDC;HBEGF;TNFSF9;NFKB1;TGIF1;RIPK2;IRS2;CD83;PLAUR;HES1;CSF1;EDN1;CCL2;EIF1;CXCL1;IER3;CD69;LITAF;DNAJB4;CEBPB;FOSL2;IL1B;BCL3;SLC2A3;PLEK;RELB;B4GALT5;MXD1;BCL2A1;SOCS3;CCRL2;KLF9;PTPRE;KYNU;PER1;MAFF;ID2;ICAM1;GCH1;GADD45B;EFNA1;EHD1;SNN;PDE4B;ZFP36;ATF3;BTG2;NR4A1;DENND5A;NR4A2;TANK;SERPINB8;KLF6;TAP1;ABCA1;FOS;SQSTM1;CCN1;RELA;SLC16A6;TNFAIP3;CCL4;REL;ACKR3;KDM6B;IFNGR2;IL7R;VEGFA;JUNB;LDLR;NFE2L2;SGK1;IL15RA;TNF;MCL1;DUSP4;G0S2;CXCL10;SDC4;CXCL3;B4GALT1;TUBB2A;CCNL1;BIRC3;ICOSLG;TNFAIP2;PTX3;DUSP1;TSC22D1,0.006388959877331971,0.006962818548948615,True,True,False,True,discordant
Mareckova_E-MTAB-14039,eStromal,HALLMARK_UNFOLDED_PROTEIN_RESPONSE,107,-0.34406198382561004,-1.519049569243205,0.007029876977152899,EXOSC9;PREB;POP4;ATP6V0D1;BAG3;CCL2;CNOT2;HSPA5;SERP1;DDIT4;LSM1;EEF2;EXOSC4;EXOSC1;EIF4A2;NPM1;KIF5B;SRPRB;PAIP1;EIF4A1;RPS14;SPCS1;HERPUD1;YIF1A;PDIA6;XBP1;NOP56;CEBPB;SEC11A;EIF2S1;NFYB;EIF4A3;DNAJB9;ATF3,0.015282341254680216,0.02718129926610492,True,True,Huang_GSE214411,108,0.3408551838785232,1.5702227365467012,0.007957559681697613,EIF4A3;ERO1A;EDEM1;HERPUD1;STC2;PAIP1;EIF2AK3;BAG3;NPM1;SPCS3;EIF4A1;DCP1A;CCL2;KHSRP;NABP1;XBP1;CEBPB;WIPI1;SLC30A5;CNOT2;XPOT;SERP1;ATF3;ATF4;DNAJA4;MTHFD2;ERN1;EXOSC9;DDIT4;VEGFA;ATP6V0D1;SLC7A5;CEBPG;YWHAZ;EIF4A2;EIF4E;FUS;TUBB2A;RRP9,0.01371993048568554,0.014951705989653421,True,True,False,True,discordant
Mareckova_E-MTAB-14039,eStromal,HALLMARK_UV_RESPONSE_DN,141,-0.26739963241266795,-1.2396243672267093,0.08681672025723473,SNAI2;ACVR2A;SRI;CITED2;DBP;SMAD7;PTPN21;RUNX1;TFPI;FHL2;RBPMS;LPAR1;MGLL;PMP22;MYC;PTEN;SCHIP1;PTGFR;ID1;NR1D2;SERPINE1;PRKAR2B;DUSP1;ATP2B1;RND3;CAV1;RGS4,0.12057877813504825,0.17808558001484048,True,True,Huang_GSE214411,142,0.41692658548137196,2.055790044868627,0.002932551319648094,SMAD7;MYC;BHLHE40;RUNX1;IGF1R;RGS4;F3;SERPINE1;RND3;PDGFRB;PRKCA;RBPMS;PTPRM;PDLIM5;KIT;RASA2;TGFBR3;FYN;SLC7A1;MTA1;NR1D2;NFKB1;VLDLR;COL5A2;WDR37;GRK5;ADD3;DDAH1;CITED2;INSIG1;TENT4A;ID1;KCNMA1;TFPI;AKT3;PPARG;KALRN;CCN1;SYNJ2;PTEN;ABCC1;PRKCE;IRS1;ATXN1;MET;ATP2C1;LDLR;SNAI2;LAMC1;PIK3CD,0.006388959877331971,0.006962818548948615,True,True,False,True,discordant
Mareckova_E-MTAB-14039,eStromal,HALLMARK_UV_RESPONSE_UP,148,-0.3844152002632596,-1.7916240631330616,0.0017241379310344827,CCND3;CDC34;ALAS1;AP2S1;GRPEL1;ATP6V1F;PDAP1;BCL2L11;KCNH2;ENO2;AMD1;NR4A1;CLTB;SOD2;BTG2;HSPA13;BTG3;CASP3;PPP1R2;RHOB;IRF1;IGFBP2;NFKBIA;DNAJA1;RRAD;BTG1;HSPA2;FOS;JUNB;ATF3;DNAJB1;BMP2;FOSB;ICAM1,0.005446623093681917,0.011689070718877849,True,True,Huang_GSE214411,149,0.42569621168411864,2.1265293482601195,0.003076923076923077,RRAD;DLG4;MMP14;DDX21;GRINA;SLC6A12;FURIN;GLS;PRKCD;NPTX2;BTG3;DNAJA1;CHKA;ENO2;IL6;BTG1;POLG2;FOSB;AQP3;BMP2;BCL2L11;HMOX1;CDKN1C;GAL;FGF18;RPN1;MSX1;HSPA13;NUP58;AMD1;CDKN2B;NXF1;ICAM1;GCH1;TMBIM6;DNAJB1;ALDOA;EIF2S3;ATF3;BTG2;NR4A1;TAP1;AGO2;EPCAM;PPP1R2;FOS;SQSTM1,0.006388959877331971,0.006974959893980609,True,True,False,True,discordant
Mareckova_E-MTAB-14039,eStromal,HALLMARK_WNT_BETA_CATENIN_SIGNALING,40,0.33388558923009587,1.244390674941224,0.1670428893905192,CTNNB1;KAT2A;WNT5B;SKP2;DVL2;NOTCH1;PTCH1;NCOR2;NKD1;AXIN1;LEF1;TP53;JAG2;PPARD;FZD1;JAG1;CSNK1E;NCSTN;HEY2,0.208803611738149,0.2819289272413826,True,False,Huang_GSE214411,40,0.5545117812313696,2.1311320152696833,0.0024630541871921183,MYC;FZD8;DLL1;CSNK1E;NOTCH1;DVL2;ADAM17;RBPJ;AXIN1;HDAC2;MAML1;HEY1;CTNNB1;NCSTN;HDAC5;FZD1;CUL1,0.006388959877331971,0.006809090135330666,True,True,True,True,concordant_positive
Mareckova_E-MTAB-14039,eStromal,HALLMARK_XENOBIOTIC_METABOLISM,158,-0.32266654091218694,-1.5204581131359771,0.0017094017094017094,PSMB10;ADH5;ACP1;ACP2;SLC12A4;UGDH;ITIH4;TMBIM6;CASP6;GABARAPL1;GSTO1;DHRS7;PTGR1;PINK1;ABCC3;PAPSS2;ALDH9A1;ALAS1;DHPS;APOE;DDT;HPRT1;SLC6A6;NINJ1;COMT;SLC35B1;HGFAC;PGRMC1;PMM1;F10;SLC46A3;CYFIP2;PTGES3;UPP1;TPST1;SAR1B;TMEM176B;PTS;MT2A;SMOX;SERPINE1;TGFB2;MPP2;SERTAD1,0.005446623093681917,0.011689070718877849,True,True,Huang_GSE214411,164,0.3366383106088787,1.6992941481872712,0.0030211480362537764,GSR;SLC6A6;UGDH;CYP26A1;SLC6A12;SHMT2;SERTAD1;SERPINE1;PTS;EPHA2;GAD1;ATP2A2;PDLIM5;HMOX1;DHPS;GABARAPL1;RBP4;IL1R1;CYP27A1;TMEM176B;ARPP19;HPRT1;COMT;DHRS7;IRF8;KYNU;BCAT1;JUP;ID2;GCH1;TMBIM6;NPC1;CFB;PDK4;TGFB2;ABCC3;SLC12A4;BCAR1;IGF1;APOE,0.006388959877331971,0.006968641114982578,True,True,False,True,discordant
Mareckova_E-MTAB-14039,preGlandular,HALLMARK_ADIPOGENESIS,185,0.16647228521949145,0.7557779881799337,0.9651810584958217,GPX3;ITIH5;TOB1;PDCD4;MGLL;ECH1;ANGPTL4;ACADL;PEMT;SSPN;UQCR11;COX6A1;UQCRQ;RIOK3;NMT1;COX7B;HIBCH;LTC4S;ATP1B3;ARL4A;C3;SULT1A1;BCL2L13;ANGPT1;AIFM1;GPAM;TST;DRAM2,0.9848786311181854,0.9773985402489334,False,False,Huang_GSE214411,192,0.2437863851796888,1.2032027517572839,0.09774436090225563,HSPB8;ALDOA;PFKFB3;BCKDHA;ATL2;UBC;PGM1;SOWAHC;GBE1;DNAJB9;GADD45A;CCNG2;GPX3;LIFR;PIM3;SDHB;SDHC;ANGPTL4;TANK;MCCC1;DDT;DNAJC15;PRDX3;PPM1B;PTGER3;SCP2;MGST3;PPP1R15B;CS;BAZ2A;NABP1;REEP5;GPD2;CYP4B1;RIOK3;RTN3;ACO2;BCL6;CMPK1;STAT5A;YWHAG;RNF11;ALDH2;LTC4S;MAP4K3;DLD;DECR1;NKIRAS1;G3BP2;ABCA1;TKT;ARL4A;APLP2;ACADL;LPCAT3;PPARG;MDH2;TOB1;SNCG;AK2;NDUFA5;UCP2;ACLY,0.13133573304796187,0.13435650983127922,True,True,True,False,not_significant_in_both
Mareckova_E-MTAB-14039,preGlandular,HALLMARK_ALLOGRAFT_REJECTION,98,0.33438859568295604,1.3797627399151844,0.06342182890855458,IL27RA;BCL10;INHBB;B2M;HLA-A;CSF1;IL4R;CCL5;TLR1;LIF;HLA-DMA;GCNT1;RPL39;DEGS1;BCL3;ACVR2A;TIMP1;RIPK2;EIF5A;IRF7;SOCS1;CTSS,0.15855457227138645,0.14862201544376596,True,True,Huang_GSE214411,141,0.5462577623180866,2.6047500352005306,0.001890359168241966,IFNGR2;IRF7;IL6;GZMA;BCL10;CD7;IL2RB;EIF3D;TNF;EREG;BCL3;SRGN;GZMB;UBE2N;ETS1;ICOSLG;KLRD1;IL1B;LIF;CCL5;PTPRC;PRF1;IL18;CTSS;CD247;CCL4;DYRK3;RIPK2;FAS;HLA-E;IL4R;STAT4;DEGS1;HLA-DMA;CD96;LTB;NPM1;ABI1;TAPBP;CRTAM;IL2RG;GBP2;CD3E;PSMB10;ITGAL;CD2;IFNG;EIF5A;HIF1A;CSF1;CD8A;GPR65;CD3G;IL11;WAS;CD47;ITGB2;HDAC9;TLR3;ELF4;IL16;UBE2D1;CAPG;HCLS1;ICAM1;RPS3A;B2M;TLR2;JAK2;STAT1;GLMN;FYB1;IRF8;HLA-A;EIF3A;TPD52;PTPN6;NCK1;BCAT1,0.0039447731755424065,0.006809090135330666,True,True,True,True,concordant_positive
Mareckova_E-MTAB-14039,preGlandular,HALLMARK_ANDROGEN_RESPONSE,95,-0.21586587559466508,-0.9764347057769242,0.48024316109422494,ABCC4;PMEPA1;UBE2I;LMAN1;CDK6;PTPN21;TNFAIP8;GPD1L;PLPP1;ACTN1;CAMKK2;TPD52;ELK4;RPS6KA3;IDI1;INPP4B;PGM3;XRCC5;INSIG1;HPGD;LIFR;RAB4A;SRF;ZBTB10;ELOVL5;CENPN;ACSL3;SCD;APPBP2;SMS;FADS1;ANKH;SEC24D;XRCC6,0.7062399427856249,0.6003039513677811,False,False,Huang_GSE214411,98,0.44761189935397244,2.013597716281787,0.00186219739292365,B4GALT1;NDRG1;SLC38A2;ADAMTS1;UAP1;ABCC4;VAPA;DNAJB9;ELL2;GNAI3;RPS6KA3;LIFR;SRF;CCND1;TSC22D1;MAK;ALDH1A3;ARID5B;GSR;ITGAV;DBI;SAT1;KRT8;HMGCS1;KRT19;SGK1;INSIG1;MYL12A;PDLIM5;CDC14B;RRP12;HERC3;TNFAIP8;B2M;ACSL3;ANKH;LMAN1;STEAP4;IDI1;ELOVL5;TPD52;SMS;TMEM50A;TMPRSS2;SELENOP;XRCC6;PGM3;ABHD2;SCD;AZGP1;UBE2I,0.0039447731755424065,0.006809090135330666,True,True,False,False,not_significant_in_both
Mareckova_E-MTAB-14039,preGlandular,HALLMARK_ANGIOGENESIS,26,0.2821691695118434,0.8980174027319328,0.6141868512110726,STC1;FGFR1;TIMP1;POSTN;VAV2;MSX1;PDGFA,0.7628294036061027,0.6950511580950163,False,False,Huang_GSE214411,30,-0.29366216113820276,-1.0334197546596218,0.39630390143737165,TNFRSF21;LPL;KCNJ8;COL5A2;FSTL1;LUM;NRP1;COL3A1;VCAN;POSTN;CCND2,0.43005885015844275,0.4621619841835238,False,False,False,False,not_significant_in_both
Mareckova_E-MTAB-14039,preGlandular,HALLMARK_APICAL_JUNCTION,141,-0.28925301475833864,-1.4142134299839868,0.009615384615384616,FBN1;PTEN;CD276;VCAN;MMP2;ACTN1;LAMA3;RASA1;MPZL1;MYH9;MAP4K2;TSPAN4;STX4;MVD;NF2;EVL;NECTIN1;PTK2;ITGB4;ADAM9;INPPL1;COL16A1;INSIG1;TUBG1;CD34;HRAS;CDK8;ACTB;TAOK2;AKT2;ADAMTS5;CNN2;MYH10;DHX16;PARVA;MAP3K20;CAP1;VCL;SHC1;ACTG1;THBS3;ARPC2;PKD1;CERCAM;ITGA9;PCDH1;FSCN1,0.04370629370629371,0.03232062055591468,True,True,Huang_GSE214411,169,0.24500072959113206,1.19727436800385,0.09981515711645102,B4GALT1;ADAM9;CX3CL1;ACTN4;CDH1;CLDN4;PTPRC;PBX2;NECTIN4;ACTG1;RAC2;CTNNA1;CLDN7;LAMC2;MYH9;ACTN2;CD99;VCL;LAMB3;ITGA3;DHX16;ARHGEF6;CLDN8;CRB3;VASP;JUP;MYL12B;TIAL1;MSN;INSIG1;CTNND1;ACTB;SGCE;MPZL2;GRB7;ADAM15;CLDN6;NECTIN1;COL17A1,0.13133573304796187,0.13626642609754405,True,True,False,True,discordant
Mareckova_E-MTAB-14039,preGlandular,HALLMARK_APICAL_SURFACE,27,0.3398223719290819,1.0970219605518918,0.33060556464811786,HSPB1;AKAP7;B4GALT1;CROCC,0.5510092744135298,0.45843638098476086,False,False,Huang_GSE214411,37,0.3876924002319381,1.4222242248312476,0.05360824742268041,B4GALT1;IL2RB;CX3CL1;GATA3;PCSK9;LYPD3;PLAUR;APP;ATP8B1;IL2RG;ADAM10;CD160,0.07445589919816724,0.08153345615616793,True,True,True,False,not_significant_in_both
Mareckova_E-MTAB-14039,preGlandular,HALLMARK_APOPTOSIS,140,0.28731120463160537,1.2602525171258099,0.0937062937062937,HSPB1;BMF;GPX3;IER3;BCL10;CLU;RARA;CDKN1A;PDCD4;TNFRSF12A;CASP4;DDIT3;TIMP3;SQSTM1;ATF3;GADD45B;BTG2;DNAJA1;SAT1;PMAIP1;JUN;RHOB;GSR;TIMP1;ISG20;BIK;SATB1;TNFSF10,0.21109010712035287,0.18835435920863056,True,True,Huang_GSE214411,154,0.4658043019532635,2.277822481357134,0.0017667844522968198,ANXA1;IL6;EMP1;LGALS3;BCL10;TNFRSF12A;IL1A;TNF;EREG;LMNA;VDAC2;IL1B;CCNA1;BCL2L11;PPP3R1;GCH1;NEDD9;PRF1;SOD2;GADD45A;PMAIP1;GPX3;IL18;ETF1;BCL2L2;SLC20A1;DNAJA1;BTG3;CD69;FAS;APP;CTNNB1;CCND1;CTH;CDKN1A;ERBB3;EGR3;GSR;CASP8;CD44;BMP2;DAP;BNIP3L;CYLD;HMOX1;CASP4;CD38;WEE1;SQSTM1;SAT1;ATF3;MCL1;CD2;DAP3;BIK;IER3;ERBB2;RHOB;BTG2;SC5D;ADD1;PSEN1;ENO2;ISG20;ANKH;BCAP31;KRT18;CASP3,0.0039447731755424065,0.006809090135330666,True,True,True,True,concordant_positive
Mareckova_E-MTAB-14039,preGlandular,HALLMARK_BILE_ACID_METABOLISM,74,-0.33977929837436377,-1.454993975828881,0.02,HSD17B11;IDI1;OPTN;FDXR;IDH1;ACSL5;ABCD1;PEX12;ALDH9A1;TFCP2L1;PHYH;DIO2;FADS1;PAOX;PECR;CYP27A1;ALDH1A1,0.0625,0.05755395683453238,True,True,Huang_GSE214411,87,0.2224923946356436,0.9770027181857663,0.5069306930693069,GNMT;CH25H;SLC35B2;PEX6;PEX13;GCLM;CYP27A1;SCP2;AQP9;BMP6;HSD17B4;ABCD3;PNPLA8;BCAR3;ACSL5;OPTN;CYP39A1,0.5172762174176602,0.5607077084977637,False,False,False,False,not_significant_in_both
Mareckova_E-MTAB-14039,preGlandular,HALLMARK_CHOLESTEROL_HOMEOSTASIS,67,0.24037741305273763,0.9238523681228848,0.5854430379746836,CLU;ERRFI1;SEMA3B;TNFRSF12A;ECH1;GUSB;ATF3;ETHE1;PLSCR1;S100A11;PLAUR;ALCAM;PNRC1;HSD17B7;ACSS2;PDK3;HMGCR;GSTM2;STARD4,0.7578265827907147,0.674862291613468,False,False,Huang_GSE214411,70,0.4344855108616849,1.8400010421423367,0.0019120458891013384,LGMN;LGALS3;TNFRSF12A;PLSCR1;SREBF2;ERRFI1;ALCAM;CHKA;ACTG1;CD9;NFIL3;MAL2;PLAUR;CPEB2;CTNNB1;PDK3;CXCL16;ATF3;HMGCS1;CYP51A1;S100A11;PNRC1;JAG1;SC5D;FDPS,0.0039447731755424065,0.006809090135330666,True,True,True,False,not_significant_in_both
Mareckova_E-MTAB-14039,preGlandular,HALLMARK_COAGULATION,83,0.3249049073753191,1.3040047125991099,0.09710144927536232,SERPINA1;MMP7;HPN;CLU;CTSH;ITGA2;CFI;TIMP3;S100A1;PDGFB;CRIP2;DUSP6;SERPING1;TFPI2;TIMP1;PROS1;C3;MST1;MAFF;SERPINE1;ANXA1;P2RY1;F8;CASP9;ISCU;RAPGEF3;LTA4H;CFB;MMP15;PREP;F3;CFH,0.21109010712035287,0.19228009757497488,True,True,Huang_GSE214411,103,0.3069914302322051,1.3964394016871224,0.029357798165137616,ANXA1;LGMN;ADAM9;DCT;DUSP14;SERPINE1;FURIN;F3;CD9;GNG12;THBD;CTSB;LAMP2;CTSE;THBS1;LTA4H;DPP4;GNB2;CFB;DUSP6;PREP;CFI;CAPN2;ARF4;GP1BA,0.04317323259579061,0.047736257179085556,True,True,True,True,concordant_positive
Mareckova_E-MTAB-14039,preGlandular,HALLMARK_COMPLEMENT,137,0.3250969306217083,1.406821516789217,0.017341040462427744,SERPINA1;RASGRP1;MT3;PLA2G4A;CLU;CTSH;PFN1;CPM;CASP4;LIPA;IRF2;CCL5;CD55;PDGFB;CA2;DGKH;DUSP6;SERPING1;TFPI2;USP8;HSPA1A;TIMP1;IRF7;PLSCR1;CTSS;C3;ERAP2;APOBEC3G;PLAUR;MAFF;CP;USP15;BRPF3;CBLB;DUSP5;SERPINE1;PRKCD;F8;CASP9;CTSC;LTA4H;IRF1;CFB;HSPA5;RCE1;MMP15;PPP4C;PREP;F3;ADRA2B;CFH;KIF2A,0.057803468208092484,0.05100306018361101,True,True,Huang_GSE214411,168,0.4568202633256513,2.220076407116214,0.001937984496124031,IRF7;LGMN;IL6;GZMA;LGALS3;ADAM9;CEBPB;GZMK;CASP10;KYNU;PLSCR1;LAP3;GZMB;PRKCD;GATA3;GCA;CCL5;TNFAIP3;EHD1;SERPINE1;XPNPEP1;F3;PLA2G4A;DUSP5;GNAI3;CD55;CTSS;PCSK9;PLAUR;FCER1G;GMFB;CD46;CXCL1;CTSB;ACTN2;PDP1;CD59;LAMP2;HSPA5;RAF1;PPP4C;CDK5R1;SIRT6;ADRA2B;DOCK10;CASP4;LTA4H;DPP4;GNB2;CFB;RCE1;DUSP6;PREP;CP;GPD2;WAS;GP1BA;APOBEC3G;USP15;PIM1;IRF2;APOBEC3F;PSEN1;S100A9;PPP2CB;HSPA1A;CSRP1;JAK2;MAFF,0.0039447731755424065,0.006809090135330666,True,True,True,True,concordant_positive
Mareckova_E-MTAB-14039,preGlandular,HALLMARK_DNA_REPAIR,144,-0.12673613496050962,-0.6088521461194409,1.0,GTF2H3;RFC4;ARL6IP1;ELL;NELFB;VPS28;GTF2H1;GMPR2;MRPL40;NELFE;POLA2;DGCR8;ADRM1;FEN1;TAF12;TSG101;NCBP2;POLR1C;POLH;GTF2B;PRIM1;CANT1;SUPT5H;TYMS;APRT;NPR2;POLR1D;SSRP1;MPG;SMAD5;BRF2;CSTF3;IMPDH2;NUDT21;VPS37B;DUT;POLR2C;TK2;POLR2E;SEC61A1;DGUOK;SF3A3;POLR3C;NELFCD;ERCC3;DDB1;SAC3D1;RALA;USP11;HPRT1,1.0,1.0,False,False,Huang_GSE214411,148,-0.2861853248142484,-1.390358898071737,0.021052631578947368,REV3L;ERCC2;POLA1;ADCY6;NELFB;UPF3B;DGCR8;CLP1;TAF1C;POLL;USP11;POLD1;ZWINT;CCNO;VPS37D;VPS28;LIG1;POLR2I;RFC4;PCNA;POLR2A;POLR2D;TAF12;GPX4;TARBP2;TK2;ZNF707;RAD51;TYMS;SNAPC5;NME3;DDB2;TAF6;POM121;XPC;POLR2J;ERCC4;GSDME;RPA2;POLA2;SAC3D1;GTF3C5;SMAD5;FEN1;POLE4;POLR3GL;RFC3;NPR2;POLD3,0.03189792663476874,0.03614185678789247,True,True,True,False,not_significant_in_both
Mareckova_E-MTAB-14039,preGlandular,HALLMARK_E2F_TARGETS,197,-0.4430637061005756,-2.2298879521444492,0.003875968992248062,DCK;SSRP1;BRCA2;CDCA8;RAN;MTHFD2;SYNCRIP;CHEK1;USP1;NUP205;LBR;JPT1;PDS5B;CSE1L;CDKN2C;DSCC1;CIT;RNASEH2A;UBE2T;SLBP;NUDT21;MAD2L1;NOP56;CDKN3;DUT;LMNB1;SMC3;CDK4;RRM2;CTCF;RAD21;EED;MCM2;MXD3;DIAPH3;HNRNPD;PPM1D;TUBG1;PPP1R8;HMMR;SPC25;MCM6;MLH1;KPNA2;GINS3;XPO1;PAICS;TOP2A;SPC24;TRIP13;KIF4A;PSIP1;BIRC5;CDC20;RACGAP1;UBE2S;NCAPD2;TACC3;DLGAP5;PTTG1;CDK1;CENPE;CDKN1B;SPAG5;SMC4;WEE1;CDCA3;TMPO;TFRC;DEPDC1;MKI67;HMGB2;POLD2;TK1;CCNB2;TUBB;EIF2S1;NUP153;EZH2;XRCC6;BARD1;CENPM,0.028344671201814053,0.019054878048780487,True,True,Huang_GSE214411,198,-0.4482696562765516,-2.2387705454724065,0.0021645021645021645,CENPE;UBE2S;STMN1;KIF18B;POLE;TIPIN;CCNB2;RBBP7;JPT1;MCM5;E2F8;ORC2;POLD1;PA2G4;TOP2A;BARD1;CDK4;MRE11;HMMR;SUV39H1;KIF2C;SPAG5;RRM2;TACC3;HMGB2;MCM4;CCNE1;PTTG1;LIG1;SMC3;ESPL1;PDS5B;STAG1;MCM6;MCM7;TRA2B;BUB1B;CDCA3;PCNA;BRCA2;RFC1;CIT;RAD51C;TRIP13;CKS1B;POP7;BIRC5;MAD2L1;HUS1;DSCC1;SPC25;GINS1;DIAPH3;DLGAP5;MCM3;RNASEH2A;DEPDC1;HELLS;CDKN2C;ASF1B;CDC20;MYBL2;MKI67;AURKB;CDKN3;RPA2;RACGAP1;POLA2;GINS4;PSMC3IP;KIF4A;PLK1;ATAD2;TIMELESS;ORC6;CDCA8;TCF19;UBE2T;MMS22L;RAD51AP1;CDC25B;KIF22;MXD3;BRCA1;POLE4;TUBB;TUBG1;RFC3;USP1;AURKA;CTCF;POLD3,0.003985969387755101,0.006809090135330666,True,True,True,True,concordant_negative
Mareckova_E-MTAB-14039,preGlandular,HALLMARK_EPITHELIAL_MESENCHYMAL_TRANSITION,166,0.2047430173270075,0.9223224408551605,0.6407766990291263,CCN1;IGFBP4;SERPINE2;PDLIM4;CADM1;ITGA2;TNC;CCN2;TNFRSF12A;TIMP3;CRLF1;VIM;GADD45B;SDC4;SAT1;PPIB;PLOD2;SPOCK1;TFPI2;FMOD;JUN;RHOB,0.7628294036061027,0.7199738191338497,False,False,Huang_GSE214411,186,-0.3564409373042212,-1.7809661217207897,0.002232142857142857,COL6A3;GPC1;TNC;TGM2;ABI3BP;SNAI2;GLIPR1;MCM7;VIM;DPYSL3;MAGEE1;COL5A2;FSTL1;LRP1;GJA1;NID2;CXCL12;LOXL2;PMEPA1;P3H1;LUM;COL4A2;JUN;LOX;TPM2;SPOCK1;SPARC;WNT5A;MGP;PDLIM4;COL3A1;EFEMP2;EMP3;BGN;FBN2;LGALS1;VCAN;COL6A2;MYL9;NTM;EDIL3;GAS1;IGFBP4;ECM1;POSTN;PCOLCE;COL11A1;TGFBI;CDH2;FBN1;PMP22;BMP1;GPX7;SFRP4;CAP2;TPM1;COL1A1;COL16A1;COL7A1;CDH11;COL5A1;MYLK;MXRA5;PRRX1;SGCB;THY1;SFRP1;ADAM12;DAB2;FBLN5,0.003985969387755101,0.006809090135330666,True,True,False,False,not_significant_in_both
Mareckova_E-MTAB-14039,preGlandular,HALLMARK_ESTROGEN_RESPONSE_EARLY,174,0.3806174567083947,1.7016430739971697,0.0013774104683195593,RASGRP1;TFF3;XBP1;MREG;KCNK15;CA12;IGFBP4;HES1;TOB1;RARA;DHRS3;INHBB;ANXA9;CALB2;ABLIM1;RETREG1;SEMA3B;SLC26A2;ENDOD1;MED24;B4GALT1;FOS;P2RY2;DYNLT3;KLF4;PMAIP1;SLC39A6;MYB;TIPARP;MYC;SLC1A1;ARL3;MAST4;SEC14L2;OPN3;CELSR2;TPD52L1;AKAP1;AREG;MLPH;SYNGR1;KDM4B;HR;AMFR;BHLHE40;TJP3;ELF3;ELF1;DEPTOR;PDZK1;CCND1;FARP1,0.028344671201814053,0.011689070718877849,True,True,Huang_GSE214411,186,0.3108367674480745,1.5412790654472794,0.005415162454873646,AQP3;SLC7A5;B4GALT1;HSPB8;UGCG;KLF4;MYC;TIAM1;STC2;BHLHE40;SLC19A2;SLC2A1;MREG;AREG;PMAIP1;CLDN7;KLF10;DLC1;FRK;TIPARP;THSD4;CCND1;MYBBP1A;EGR3;SFN;CD44;KRT13;IL6ST;SYBU;LRIG1;IGF1R;CELSR1;KCNK5;GLA;KRT8;NAV2;PTGES;KRT19;ELF3;TFAP2C;AFF1;DYNLT3;SLC22A5;ADD3;MUC1;RRP12;FCMR;GREB1;MICB;AMFR;SIAH2;LAD1;JAK2;KRT15;SEC14L2;KRT18;SLC7A2;RAB17;MED13L;KLK10;ESRP2;ELOVL5,0.009025270758122744,0.010723093970046824,True,True,True,True,concordant_positive
Mareckova_E-MTAB-14039,preGlandular,HALLMARK_ESTROGEN_RESPONSE_LATE,163,0.339896551063648,1.5177146841762863,0.00816326530612245,SERPINA1;GPER1;AGR2;TFF3;XBP1;CA12;IGFBP4;TOB1;FGFR3;ANXA9;PDCD4;MDK;SEMA3B;SLC26A2;FOS;DYNLT3;ZFP36;NAB2;KLF4;CA2;PERP;TFPI2;MYB;MOCS2;LSR;ARL3;OPN3;ISG20;IMPA2;CELSR2;CXCL14;TPD52L1;AREG;DUSP2;LAMC2;HR;CDH1;AMFR;PLXNB1;TST;SGK1;TJP3;EMP2;PDZK1;CCND1;FARP1;MAPK13,0.04370629370629371,0.029094294608827214,True,True,Huang_GSE214411,182,0.2377149629693334,1.1729427926852214,0.13454545454545455,SLC7A5;LSR;HSPB8;KLF4;ALDH3A2;TIAM1;CDH1;CCNA1;GJB3;AREG;TRIM29;LAMC2;CD9;FRK;BTG3;CCND1;PKP3;EGR3;HPRT1;SFN;PTGER3;CD44;KRT13;IL6ST;ST14;KCNK5;ID2;GLA;PTGES;KRT19;TSPAN13;SGK1;TFAP2C;AFF1;DYNLT3;SLC22A5;ST6GALNAC2;ADD3;MICB;AMFR;NAB2;BATF;ZFP36;SIAH2;S100A9;DUSP2;ISG20;JAK2;KLK10;ELOVL5;METTL3;MYOF;FLNB;CA2;PTPN6;LLGL2;CXCL14,0.164079822616408,0.17703349282296652,True,True,True,True,concordant_positive
Mareckova_E-MTAB-14039,preGlandular,HALLMARK_FATTY_ACID_METABOLISM,132,-0.306660566732961,-1.4803260863580376,0.007067137809187279,NCAPH2;CPOX;GSTZ1;UROD;IDH3G;ACOT2;HADHB;CBR3;MDH1;HSD17B11;IDI1;LDHA;IDH1;ACSL5;SDHD;ECHS1;BLVRA;ACOX1;SDHA;GPD2;FASN;HPGD;GRHPR;ALDH9A1;DLST;SUCLA2;RAP1GDS1;AADAT;ACOT8;ELOVL5;S100A10;D2HGDH;HCCS;BPHL;PRDX6;CPT2;SMS;UROS;G0S2;ADSL;DLD;NTHL1;ALDH1A1,0.04370629370629371,0.02718129926610492,True,True,Huang_GSE214411,138,0.3886317199696057,1.8264955244666412,0.0019011406844106464,LDHA;ALDOA;CRYZ;ALDH3A2;SDHD;S100A10;MDH1;PTPRG;ODC1;SDHA;SDHC;AADAT;SUCLA2;APEX1;DLST;SUCLG2;HSD17B4;GLUL;ACADVL;ADH1C;HMGCS1;GPD2;SLC22A5;AUH;RAP1GDS1;HADHB;MCEE;ACO2;SERINC1;ACSL5;BLVRA;GABARAPL1;ENO2;EPHX1;LTC4S;DLD;CA4;DECR1;PCBD1;PDHA1;IDI1;ELOVL5;ACSM3;CA2;SMS;HSD17B11;HSPH1;VNN1;PRDX6;ACADL;CPOX;MDH2;ACOT2;ACAT2;PSME1;ACSL1;MIF;RETSAT;ALDH1A1;HSD17B7;ACOX1;SUCLG1;METAP1;NBN;ACSL4;EHHADH;ADIPOR2;AOC3,0.0039447731755424065,0.006809090135330666,True,True,False,True,discordant
Mareckova_E-MTAB-14039,preGlandular,HALLMARK_G2M_CHECKPOINT,190,-0.4293363421856121,-2.182089541842247,0.003968253968253968,MCM3;SMAD3;STAG1;SNRPD1;PBK;CUL5;KIF20B;ODC1;MYBL2;PML;G3BP1;ILF3;NOLC1;EWSR1;CUL4A;SMARCC1;MEIS1;FBXO5;TRAIP;EFNA5;BRCA2;NUMA1;INCENP;RBM14;SYNCRIP;CHEK1;TPX2;SS18;LBR;JPT1;PDS5B;BUB1;CDKN2C;NDC80;NUSAP1;DR1;SQLE;KNL1;PRC1;MAD2L1;HIRA;LIG3;CDKN3;LMNB1;UCK2;E2F1;SAP30;CDK4;DTYMK;DKC1;CTCF;RAD21;MCM2;HNRNPD;TROAP;SLC7A1;HMMR;MCM6;KPNB1;KPNA2;UBE2C;CCNT1;XPO1;CCNF;TOP2A;CCNA2;NEK2;KIF4A;TENT4A;BIRC5;RAD54L;KIF15;CDC20;RACGAP1;UBE2S;CENPA;TACC3;MAP3K20;CENPF;PTTG1;CDK1;CENPE;CDKN1B;KIF11;SMC4;KIF5B;CDC27;TMPO;MKI67;PRMT5;CUL1;CCNB2;RAD23B;EZH2;BARD1;KIF23,0.028344671201814053,0.019124115509657678,True,True,Huang_GSE214411,192,-0.4027768386991687,-2.0249284315723166,0.002127659574468085,POLE;CCNB2;CDC7;NUSAP1;JPT1;CDC45;MCM5;MEIS2;TOP2A;EXO1;BARD1;CDK4;HMMR;SUV39H1;KIF2C;RAD54L;UBE2C;SMC2;NSD2;TACC3;PTTG1;CENPF;ESPL1;PDS5B;STAG1;MCM6;HMGN2;TRA2B;PBK;RBL1;SRSF10;NEK2;BRCA2;KNL1;INCENP;PRC1;NDC80;TRAIP;CKS1B;BUB1;E2F1;BIRC5;MAD2L1;TTK;FBXO5;HUS1;CENPA;MCM3;KATNA1;KIF11;CASP8AP2;KIF15;TNPO2;TPX2;CDKN2C;CHAF1A;CCNA2;CDC20;KPNB1;MYBL2;MKI67;MAP3K20;AURKB;CDKN3;FANCC;RPA2;RACGAP1;KIF20B;GINS2;POLA2;E2F2;CCNF;DTYMK;KIF4A;PLK1;MTF2;MEIS1;EFNA5;ORC6;BUB3;CDC6;CDC25B;MARCKS;DBF4;KIF22;POLQ;CBX1;PURA;AURKA;CTCF,0.003985969387755101,0.006809090135330666,True,True,True,True,concordant_negative
Mareckova_E-MTAB-14039,preGlandular,HALLMARK_GLYCOLYSIS,172,-0.27756544031265673,-1.3930475426450255,0.014035087719298246,PPP2CB;MDH1;RPE;PGM2;CASP6;PGK1;LDHA;IDH1;GALK1;GLRX;B4GALT7;GFPT1;VEGFA;SLC25A10;CLN6;ANG;SAP30;ZNF292;HMMR;EXT1;ALDH9A1;PC;B3GAT3;SLC16A3;DDIT4;PLOD1;HDLBP;NT5E;GOT1;CENPA;PKP2;CDK1;CHST2;VLDLR;PKM;EXT2;PSMC4;KIF20A;CHPF2;QSOX1;PHKA2;DEPDC1;MPI;KDELR3;DLD;COPB2;CTH;P4HA2;ABCB6;SDC2;PGAM1,0.05252100840336134,0.04253056884635832,True,True,Huang_GSE214411,184,0.3939817228774751,1.9468635133601853,0.0018656716417910447,ENO1;LDHA;SPAG4;B4GALT1;PGK1;FAM162A;ALDOA;VEGFA;ERO1A;ADORA2B;MET;PGM2;HK2;STC2;STC1;MDH1;PLOD2;HOMER1;PFKP;CITED2;PPFIA4;QSOX1;ANKZF1;SDHC;ANGPTL4;TPI1;SLC16A3;CTH;PDK3;HSPA5;CXCR4;AK4;PKP2;GALK2;VLDLR;SOX9;CD44;PKM;CHST1;CLDN3;AK3;IRS2;IL13RA1;RPE;PGAM1;ECD;ELF3;P4HA2;GPC4;XYLT2;PSMC4;BIK;IER3;CYB5A;TXN;DDIT4;TGFA;IDUA;B4GALT4;PPP2CB;PAXIP1;ENO2;ISG20;DLD;COPB2;NOL3;P4HA1;GLRX;HS2ST1;ARPP19,0.0039447731755424065,0.006809090135330666,True,True,False,True,discordant
Mareckova_E-MTAB-14039,preGlandular,HALLMARK_HEDGEHOG_SIGNALING,26,-0.3136583721037894,-1.0504129635671424,0.38443396226415094,GLI1;NF1;THY1;PML;CRMP1;CDK6;RASA1;DPYSL2;MYH9;VEGFA;ETS2;PTCH1;LDB1;VLDLR;AMOT,0.6200547778454047,0.5058341608738828,False,False,Huang_GSE214411,31,0.33669361076070786,1.1877343526656137,0.22105263157894736,VEGFA;ETS2;SHH;MYH9;NRP2;VLDLR;AMOT;CDK5R1;CELSR1,0.25703794369645044,0.2763157894736842,False,False,False,False,not_significant_in_both
Mareckova_E-MTAB-14039,preGlandular,HALLMARK_HEME_METABOLISM,155,-0.30030333988238156,-1.4957820436884826,0.014705882352941176,ADIPOR1;CPOX;UROD;PSMD9;MAP2K3;DCAF10;GAPVD1;OPTN;ABCG2;ALDH1L1;MINPP1;FOXJ2;MBOAT2;ERMAP;BLVRA;KAT2B;GLRX5;AQP3;SLC25A37;PC;MOSPD1;HMBS;CLCN3;DCAF11;NARF;HTRA2;PICALM;PPP2R5B;GMPS;ACP5;MGST3;ADD1;GDE1;CDC27;SLC66A2;KHNYN;TFRC;UROS;MPP1;P4HA2;ABCB6;TSPAN5;SLC2A1;BNIP3L;LMO2;CDR2,0.05252100840336134,0.044228217602830605,True,True,Huang_GSE214411,164,0.3799505956146249,1.8288875557664759,0.001953125,AQP3;XK;SLC7A11;SMOX;MAP2K3;BCAM;SLC2A1;TOP1;MINPP1;ELL2;SDCBP;PICALM;MFHAS1;GCLM;TFRC;HTATIP2;CTSB;LAMP2;FBXO34;BACH1;ADIPOR1;CTSE;YPEL5;NUDT4;KDM7A;EPOR;SLC25A37;BNIP3L;MGST3;ANK1;EPB41;NEK7;SLC6A8;KLF3;HBB;P4HA2;FBXO7;IGSF3;RIOK3;SLC22A4;BLVRA;OPTN;BTG2;USP15;KAT2B;RNF19A;ATP6V0A1;ADD1;BMP2K;PDZK1IP1;SIDT2;ISCA1;NARF;RAP1GAP;HDGF;CAST;LMO2;CA2;BPGM;KHNYN;ALDH6A1;TMEM9B;SLC25A38;CPOX;OSBP2;MXI1;RAD23A;SLC30A1;UCP2;TENT5C;SLC11A2,0.0039447731755424065,0.006809090135330666,True,True,False,True,discordant
Mareckova_E-MTAB-14039,preGlandular,HALLMARK_HYPOXIA,169,0.2846628443113204,1.262022533921769,0.06942590120160214,IER3;CCN1;HS3ST1;CA12;FBP1;CITED2;CDKN1A;ERRFI1;PHKG1;HOXB9;CCN2;TES;DDIT3;ANGPTL4;FOS;ATF3;ZFP36;PPARGC1A;GCNT2;MXI1;STC1;GPC4;SDC4;PDGFB;DUSP1;EDN2;PAM;TPST2;JUN;TIPARP;ISG20;BTG1;SELENBP1;ANXA2,0.16529976476571936,0.15922158337019018,True,True,Huang_GSE214411,186,0.5338734960714289,2.6472030636771473,0.0018050541516245488,ENO1;LDHA;NDRG1;PGK1;FAM162A;ALDOA;IL6;PDK1;VEGFA;ERO1A;CDKN1C;PFKFB3;ADORA2B;NOCT;PGM2;HK2;STC2;BTG1;BHLHE40;ETS1;FOSL2;SDC4;STC1;NEDD4L;PGM1;ERRFI1;TNFAIP3;SLC2A1;GBE1;SERPINE1;XPNPEP1;F3;PFKP;CITED2;CCNG2;PPFIA4;GPI;SLC2A5;EFNA1;ANKZF1;NFIL3;MYH9;PLAUR;WSB1;GAPDH;EDN2;TIPARP;ANGPTL4;JMJD6;SLC6A6;TPI1;KDM3A;PDK3;HSPA5;CDKN1A;CXCR4;AK4;PHKG1;TES;VLDLR;ANXA2;PRKCA;BNIP3L;HMOX1;ADM;RORA;IRS2;ATF3;CCN1;KLF6;P4HA2;GPC4;CP;IER3;PNRC1;DDIT4;LXN;HS3ST1;PIM1;ACKR3;ZFP36;SIAH2;PLAC8;GAA;HOXB9;STBD1;KLF7;ENO2;TPST2;ISG20;MAFF,0.0039447731755424065,0.006809090135330666,True,True,True,True,concordant_positive
Mareckova_E-MTAB-14039,preGlandular,HALLMARK_IL2_STAT5_SIGNALING,149,0.25342557562910023,1.1120068814147899,0.2548476454293629,ITIH5;IL18R1;XBP1;TNFRSF1B;DHRS3;NFKBIZ;CSF1;IL4R;GADD45B;S100A1;LIF;CA2;PNP;PTRH2;LCLAT1;ETV4;AMACR;RHOB;MYC;GUCY1B1;SMPDL3A;AHR;SPRED2;PLSCR1;ARL4A;TNFSF10;SOCS1;ANXA4;NDRG1,0.4393924921195912,0.38613279610509527,False,False,Huang_GSE214411,177,0.4381199079157059,2.1647312590730565,0.001851851851851852,NDRG1;EMP1;CDKN1C;IL2RB;MYC;PLSCR1;HK2;TIAM1;ANXA4;BHLHE40;IL10RA;LIF;PRKCH;ALCAM;FURIN;AHR;SPRED2;ODC1;TNFRSF18;NFIL3;IRF6;ITGA6;CST7;PLAGL1;MAP3K8;MXD1;DENND5A;IL1R2;IL4R;LTB;NFKBIZ;CD83;PNP;PUS1;SLC39A8;CD44;MAPKAPK2;BMP2;LRIG1;IGF1R;ITGAV;HOPX;HIPK2;MYO1E;NOP2;RORA;SNX9;PTGER2;KLF6;TTC39B;AHNAK;SPRY4;SWAP70;SNX14;CSF1;GPR65;RHOH;ST3GAL4;PHLDA1;TWSG1;ABCB1;LCLAT1;MUC1;TNFRSF9;IL3RA;SOCS2;RHOB;HUWE1;PIM1;CAPG;BATF;CKAP4;GABARAPL1;GSTO1;TRAF1;IKZF2;MAFF;CASP3;IRF8;P4HA1;IL18R1;RABGAP1L;SLC29A2;CA2;CDCP1;ARL4A;CD48,0.0039447731755424065,0.006809090135330666,True,True,True,False,not_significant_in_both
Mareckova_E-MTAB-14039,preGlandular,HALLMARK_IL6_JAK_STAT3_SIGNALING,56,-0.22785072872014334,-0.9510433701417609,0.581267217630854,IL17RA;PDGFC;TLR2;MYD88;GRB2;ACVR1B;CXCL3;IL10RB;PTPN1;IL1R1;ITGA4;BAK1;HMOX1,0.7578265827907147,0.6726221755123489,False,False,Huang_GSE214411,68,0.549293242141758,2.3043589292203337,0.0018832391713747645,IFNGR2;IL6;TNFRSF12A;MYD88;TNF;IL1B;CD9;CXCL1;OSMR;MAP3K8;FAS;IL1R2;IL4R;IL1R1;LTB;CD44;IL6ST;IL2RG;HMOX1;CXCL3;CD38;IL13RA1;LEPR;PTPN2;CSF1;IL3RA;TNFRSF1A;PIM1;PTPN1;TLR2;STAT1,0.0039447731755424065,0.006809090135330666,True,True,False,False,not_significant_in_both
Mareckova_E-MTAB-14039,preGlandular,HALLMARK_INFLAMMATORY_RESPONSE,111,0.4001582121205538,1.6797047947240313,0.0029985007496251873,RASGRP1;CSF3;IL18R1;HPN;TNFRSF1B;SEMA4D;CDKN1A;BST2;CSF1;P2RY2;IL4R;BTG2;CCL5;TLR1;CD55;KCNMB2;LIF;GPR132;MYC;ACVR2A;NFKBIA;IFITM1;TIMP1;AHR;RIPK2;IRF7;TNFSF10;PLAUR;MET;IL15RA;ABCA1;SELENOS;CXCL10;SERPINE1;ICAM1;TPBG;TNFSF9;NDP;IRF1;HRH1;RNF144B;NMI;HBEGF,0.028344671201814053,0.016430141093836642,True,True,Huang_GSE214411,156,0.5577082632867902,2.6684650263062486,0.001876172607879925,IFNGR2;TNFSF9;IRF7;IL6;ADORA2B;IL2RB;MET;IL1A;MYC;EREG;CXCL8;CX3CL1;ICOSLG;IL10RA;HRH1;IL1B;LIF;CCL5;GCH1;NMI;PTGER4;SERPINE1;AHR;F3;HBEGF;SGMS2;NFKB1;GNAI3;CD55;IL18;PLAUR;CD69;OSMR;MXD1;RIPK2;IL4R;PTPRE;IL1R1;GPR132;CDKN1A;IRAK2;ABI1;TAPBP;IL7R;RAF1;NAMPT;AQP9;GPR183;CCL20;RNF144B;NFKBIA;OSM;ADM;RGS1;PTGER2;CSF3;KLF6;EDN1;HIF1A;BST2;CSF1;SCARF1;SCN1B;ATP2A2;SLC4A4;TLR3;GP1BA;TNFRSF9;BTG2;FZD5;PCDH7;ICAM1;PSEN1;C5AR1;TLR2;NOD2;SLC7A2;PVR;TNFAIP6;SPHK1;ATP2C1;ABCA1;IL18R1;SEMA4D;IRF1,0.0039447731755424065,0.006809090135330666,True,True,True,True,concordant_positive
Mareckova_E-MTAB-14039,preGlandular,HALLMARK_INTERFERON_ALPHA_RESPONSE,85,0.23730170732511724,0.9619547838244128,0.5437589670014347,BST2;B2M;HLA-C;CSF1;IL4R;IRF2;NUB1;TRIM25;SAMD9L;IFITM1;PSME1;ISG20;RIPK2;IRF7;PLSCR1;PARP12;CD74;CD47;ELF1;TRIM5;NCOA7,0.7552207875019926,0.6492644382106683,False,False,Huang_GSE214411,91,0.35912027179924866,1.5909778953748788,0.0071301247771836,IRF7;PLSCR1;LAP3;NMI;RIPK2;IL4R;IFIH1;NCOA7;IFI44L;CASP8;OASL;GBP2;PARP9;CMPK2;TRIM25;BST2;CSF1;CD47;DDX60;IFIT3;LPAR6;HELZ2;TENT5A;IRF2;B2M;ISG20;PARP14;SP110;UBA7,0.011500201253521936,0.01371177841766077,True,True,True,False,not_significant_in_both
Mareckova_E-MTAB-14039,preGlandular,HALLMARK_INTERFERON_GAMMA_RESPONSE,151,0.2919216350396653,1.2962423418979632,0.046703296703296704,PLA2G4A;HLA-B;CDKN1A;BST2;B2M;CASP4;HLA-A;IL4R;TNFAIP2;IRF2;ST3GAL5;VAMP5;SSPN;CCL5;PNP;ARID5B;HLA-DMA;SERPING1;TRIM25;SAMD9L;NFKBIA;LYSMD2;PSME1;ISG20;RIPK2;BTG1;IRF7;PLSCR1;ARL4A;TNFSF10;SOCS1;PARP12;VAMP8,0.1229034123770966,0.1148417903230681,True,True,Huang_GSE214411,178,0.48474911310494034,2.3497204313284192,0.001876172607879925,IRF7;PTGS2;XCL1;IL6;GZMA;MYD88;IL2RB;PLSCR1;LAP3;SECTM1;BTG1;IL10RA;CCL5;TNFAIP3;GCH1;NMI;PFKP;PLA2G4A;SOD2;NFKB1;CD69;UPP1;RIPK2;FAS;IL4R;STAT4;IFIH1;HLA-DMA;CDKN1A;SAMHD1;ARID5B;IFI44L;PNP;CASP8;PELI1;TAPBP;NAMPT;OASL;MVP;NFKBIA;PSMB2;CASP4;PSMB10;CD38;CMPK2;PTPN2;CFB;TRIM25;APOL6;HIF1A;BST2;HLA-DRB1;TNFAIP2;DDX60;IFIT3;HELZ2;ZBP1;PIM1;IRF2;PTPN1;ICAM1;BANK1;B2M;ISG20;JAK2;PARP14;STAT1;SP110;CASP3;TNFAIP6;IRF8;HLA-A;IFIT1;HLA-B;RNF213;RIPK1;CASP7;IRF1;PTPN6;BPGM;ARL4A;ITGB7;AUTS2;HLA-DQA1;EPSTI1;MT2A;SRI;PDE4B,0.0039447731755424065,0.006809090135330666,True,True,True,True,concordant_positive
Mareckova_E-MTAB-14039,preGlandular,HALLMARK_KRAS_SIGNALING_DN,75,0.3869161747006598,1.545503209355512,0.0136986301369863,RIBC2;GP2;FGFR3;SELENOP;ZBTB16;KCNMB1;CCDC106;THNSL2;BTG2;TENT5C;IDUA;EDN2;GPRC5C;YPEL1;TNNI3;CPEB3;BMPR1B;KCNN1;SNN,0.05252100840336134,0.0418278782808742,True,True,Huang_GSE214411,106,-0.24114253577309575,-1.1011207477363394,0.24843423799582465,CNTFR;GP2;SNN;GAMT;TCF7L1;ZBTB16;MAST3;TENM2;TAS2R4;KRT4;ZNF112;FGFR3;SPHK2;PDK2;HNF1A;RGS11;DLK2;KCNN1;ADRA2C;ASB7;GTF3C5;NUDT11;COPZ2;EPHA5;RIBC2,0.2823116340861644,0.3071165619216141,False,False,False,False,not_significant_in_both
Mareckova_E-MTAB-14039,preGlandular,HALLMARK_KRAS_SIGNALING_UP,134,0.2715643633035935,1.1708148162472467,0.16102841677943167,TNFRSF1B;HKDC1;ITGA2;ACE;SEMA3B;ANGPTL4;KCNN4;PLEK2;KLF4;SLPI;LIF;ANO1;CA2;MYCN;SDCCAG8;DUSP6;ETV4;ADAM17;DNMBP;IL33;AMMECR1;SOX9;SATB1;ITGBL1;CTSS;PTCD2;PLAUR;ETV5;TSPAN1;BTC;CXCL10;IGFBP3;MAP7;TSPAN13;MAP3K1;GPRC5B;CAB39L;GUCY1A1;LCP1;CFB;HBEGF;SERPINA3;MPZL2;CXCR4;MAFB;PPP1R15A,0.3047351148616971,0.2764436339561059,False,False,Huang_GSE214411,164,0.358215735707662,1.7242670728169236,0.001953125,F2RL1;PTGS2;KLF4;ERO1A;EMP1;EREG;CBX8;ETS1;IL10RA;TRIB1;IL1B;LIF;TNFAIP3;HBEGF;CTSS;LCP1;USP12;PLAUR;FCER1G;TOR1AIP2;ADAM17;MALL;ANGPTL4;GALNT3;LAT2;CXCR4;ALDH1A3;SOX9;SPRY2;IL7R;BMP2;IL2RG;YRDC;VWA5A;CCL20;IL1RL2;ETV5;ID2;IKZF1;HKDC1;CFB;JUP;CD37;DUSP6;ADAM8;TSPAN13;AVL9;ITGB2;SCN1B;MPZL2;HDAC9;ABCB1;ZNF277;TSPAN1;LAPTM5;FBXO4;MMD;DNMBP;TRAF1;ANKH;IRF8;GLRX;RABGAP1L;NGF;CA2;WDR33;FUCA1;FGF9;BPGM,0.0039447731755424065,0.006809090135330666,True,True,True,False,not_significant_in_both
Mareckova_E-MTAB-14039,preGlandular,HALLMARK_MITOTIC_SPINDLE,194,-0.37960073456251386,-1.8993801223452467,0.0036231884057971015,MARCKS;SMC1A;TUBD1;ARHGAP29;NF1;ARHGEF12;PCNT;SHROOM1;SOS1;GEMIN4;KIF20B;KNTC1;FLNA;ARHGEF11;ARAP3;ARHGEF7;ARHGAP5;PALLD;ECT2;LRPPRC;FBXO5;CEP131;BRCA2;CCDC88A;NUMA1;CDC42BPA;ARHGDIA;INCENP;CLASP1;TPX2;BUB1;MYO1E;KATNB1;PPP4R2;NDC80;NIN;RASA1;HOOK3;NUSAP1;MAP3K11;NET1;MYH9;MAPRE1;RANBP9;PRC1;ARHGAP10;PCM1;LMNB1;SMC3;ANLN;CKAP5;MID1IP1;ROCK1;LATS1;ABI1;TUBGCP6;DYNC1H1;KIF3B;TUBA4A;CAPZB;TOP2A;TAOK2;NEK2;DST;ARHGEF2;CEP192;KIF4A;BIRC5;KIF15;BIN1;MYH10;PIF1;RACGAP1;BCAR1;DLGAP5;CENPF;CDK1;CENPE;VCL;KIF11;SMC4;KIF5B;CDC27;SUN2;SAC3D1;GSN;CCNB2;TRIO;AKAP13;CLIP2;FSCN1;KIF23,0.028344671201814053,0.0183452577508714,True,True,Huang_GSE214411,195,-0.19907950686139297,-1.010072070782615,0.42483660130718953,CDK1;WASF2;PREX1;CENPE;FARP1;DST;ARHGEF3;CCNB2;EPB41L2;NUSAP1;CDK5RAP2;MYO9B;GEMIN4;SHROOM1;TOP2A;KIF2C;TBCD;PALLD;SMC3;CENPF;ESPL1;ALMS1;CDC42EP2;NEK2;BRCA2;NIN;CCDC88A;SHROOM2;INCENP;PRC1;RFC1;NDC80;CNTRL;BUB1;KIFAP3;BIRC5;TTK;FBXO5;DLGAP5;KATNA1;KIF11;KIF15;TPX2;APC;TUBGCP5;CEP131;RACGAP1;KIF20B;SAC3D1;ARHGAP10;KIF4A;PLK1;CDC42BPA;TAOK2;MARCKS;KIF22;PIF1;AURKA;SASS6,0.4425381263616558,0.48831793253699946,False,False,True,False,not_significant_in_both
Mareckova_E-MTAB-14039,preGlandular,HALLMARK_MTORC1_SIGNALING,186,-0.2641649238260398,-1.3360014468332604,0.021660649819494584,HMGCS1;SC5D;TBK1;SERPINH1;ADD3;EGLN3;USO1;ME1;COPS5;ACACA;ATP5MC1;GCLC;PSMD12;ACTR2;PSMC6;ADIPOR2;PDAP1;HSPA9;PDK1;PSMA3;LGMN;RRP9;GPI;MLLT11;MTHFD2;RAB1A;NUP205;CACYBP;SLC1A4;CCNG1;PSMG1;BUB1;MAP2K3;SQLE;IDI1;PGK1;LDHA;FDXR;IDH1;IMMT;GLRX;YKT6;PSMA4;CCT6A;RRM2;HSPA4;QDPR;MCM2;INSIG1;TUBG1;NAMPT;PSMD13;IGFBP5;TM7SF2;CCNF;TUBA4A;HMBS;DHCR7;DDIT4;ELOVL5;GOT1;PSMD14;PSPH;PSMB5;ATP2A2;GMPS;ACSL3;ELOVL6;VLDLR;PSMC4;SHMT2;SCD;ACTR3;TFRC;PSMC2;IFI30;FADS1;CTH;HPRT1;SLC2A1,0.06370779358674877,0.0614486519701974,True,True,Huang_GSE214411,196,0.4541922602075086,2.254064838263362,0.0018083182640144665,ENO1;SLC7A5;LDHA;PGK1;LGMN;ALDOA;PDK1;ERO1A;SLC7A11;HK2;BHLHE40;SLA;IFRD1;STC1;RIT1;MAP2K3;PGM1;PLOD2;PSMD12;TBK1;SLC2A1;GBE1;GPI;ETF1;EDEM1;NUP205;CCNG1;CD9;NFIL3;PITPNB;GAPDH;TFRC;UBE2D3;HSPA9;SLC6A6;TPI1;CTH;SHMT2;HSPA5;CDKN1A;CXCR4;AK4;HPRT1;TES;GSR;PNP;VLDLR;ACTR3;MTHFD2L;RAB1A;NAMPT;TUBA4A;M6PR;LTA4H;UFM1;SQSTM1;GLA;HMGCS1;CORO1A;CYP51A1;INSIG1;HSPA4;PSMC4;PSMC6;ITGB2;PSAT1;ATP2A2;ADD3;DDIT4;ACTR2;GSK3B;BTG2;TXNRD1;RPN1;SC5D;USO1;RRP9;COPS5;ACSL3;EEF1E1;NFKBIB;SERP1;P4HA1;IDI1;ELOVL5;GLRX,0.0039447731755424065,0.006809090135330666,True,True,False,True,discordant
Mareckova_E-MTAB-14039,preGlandular,HALLMARK_MYC_TARGETS_V1,195,-0.3699825514419873,-1.895460322027967,0.00390625,CAD;SRSF3;RPS10;DHX15;SF3A1;PSMA6;EEF1B2;NCBP2;SNRPD1;COPS5;HNRNPA3;YWHAQ;ODC1;HNRNPA2B1;G3BP1;PTGES3;PSMC6;RUVBL2;NOLC1;SMARCC1;TUFM;TYMS;RRP9;PHB2;SNRPD3;TOMM70;ILF2;RAN;SYNCRIP;USP1;HNRNPA1;NPM1;VDAC1;IMPDH2;PGK1;LDHA;SNRPB2;MAD2L1;SLC25A3;SF3B3;NOP56;CCT7;DUT;PSMA4;U2AF1;CCT3;CNBP;CDK4;PSMA7;MCM2;EXOSC7;HNRNPD;TRIM28;PSMD8;CCT2;MCM6;CCT5;KPNB1;EIF3D;KPNA2;RRM1;VDAC3;HDAC2;FBL;VBP1;XPO1;CCNA2;PSMA2;UBA2;CDC20;XPOT;CLNS1A;PSMD14;EIF4G2;PSMD3;TCP1;EIF3B;PCBP1;FAM120A;PSMC4;PSMD1;GLO1;PSMB2;PPM1G;POLD2;EIF4H;PABPC4;CUL1;HNRNPR;EIF2S1;RAD23B;HPRT1;PSMD7;XRCC6,0.028344671201814053,0.019054878048780487,True,True,Huang_GSE214411,195,0.4236560056140279,2.097385971286391,0.001841620626151013,PABPC4;LDHA;PABPC1;PGK1;XPOT;MYC;EIF3D;EIF4H;IFRD1;RPL14;DHX15;DDX21;UBA2;PHB2;ODC1;ETF1;EIF4A1;HNRNPC;HNRNPA1;C1QBP;RPLP0;EIF4G2;CSTF2;HNRNPA2B1;APEX1;PRDX4;GSPT1;CCT4;ILF2;GLO1;HPRT1;NPM1;RPL22;YWHAE;PRDX3;SRSF1;CUL1;RPS6;SF3A1;RAD23B;HNRNPU;PSMB2;IMPDH2;EIF2S1;RSL1D1;G3BP1;EIF4E;SYNCRIP;EIF1AX;PSMC4;PCBP1;DDX18;PSMC6;EEF1B2;RPS10;TCP1;CCT7;HNRNPA3;NOLC1;CCT2;GNL3;EIF3B;CCT5;HDAC2;SERBP1;AIMP2;RRP9;COPS5;SSB;PSMA1;CCT3;STARD7;HDGF;RPS2;RPL6;HSPD1;SRSF2;UBE2E1;SLC25A3;RACK1;XRCC6;HSP90AB1;PSMA6;ACP1;CNBP;SRSF7;HSPE1;VDAC1;HNRNPR;RPL34;SNRPA;RPS3,0.0039447731755424065,0.006809090135330666,True,True,False,True,discordant
Mareckova_E-MTAB-14039,preGlandular,HALLMARK_MYC_TARGETS_V2,57,0.21640468713453773,0.8137300565716887,0.8164852255054432,WDR43;EXOSC5;UNG;MYC;HSPE1;DUSP2;PRMT3;PA2G4;TBRG4;NDUFAF4;HSPD1;SUPV3L1;DDX18;NOP16,0.9023132664437012,0.8549583513146003,False,False,Huang_GSE214411,57,0.3176841569873654,1.267105239058769,0.109375,MYC;HK2;TFB2M;SUPV3L1;MYBBP1A;NPM1;PUS1;PRMT3;NOP2;DDX18;PPRC1;RRP12;NOLC1;IPO4;GNL3;AIMP2;RRP9;DUSP2,0.14022435897435898,0.1483050847457627,True,True,True,False,not_significant_in_both
Mareckova_E-MTAB-14039,preGlandular,HALLMARK_MYOGENESIS,124,-0.20147057083976205,-0.9453964032590871,0.6306620209059234,KLF5;PC;NOS1;AKT2;CTF1;HSPB2;BIN1;TSC2;FLII;SCD;GAA;MEF2D;MYO1C;GSN;NQO1;NOTCH1;CKMT2,0.7628294036061027,0.7106050939785052,False,False,Huang_GSE214411,152,0.21437946694397703,1.025674994302481,0.40425531914893614,HSPB8;SOD3;STC2;BHLHE40;IFRD1;CTF1;RIT1;WWTR1;HBEGF;KLF5;GPX3;PPFIA4;MYH9;FLII;ACTN2;APP;CDKN1A;ERBB3;MEF2D;EIF4A2;NCAM1;SLC6A8;NOS1;CNN3;NAV2,0.43005885015844275,0.4700643245917862,False,False,False,False,not_significant_in_both
Mareckova_E-MTAB-14039,preGlandular,HALLMARK_NOTCH_SIGNALING,32,-0.4266626857577426,-1.5023061488019351,0.04132231404958678,ST3GAL6;DTX2;FZD5;WNT5A;SAP30;LFNG;FZD1;PPARD;HEYL;PRKCA;CUL1;DLL1;NOTCH1,0.11478420569329661,0.10595465140919687,True,True,Huang_GSE214411,32,0.4291825260050415,1.487979629080973,0.03550295857988166,FZD7;MAML2;DLL1;CCND1;SKP1;CUL1;PRKCA;FZD1;NOTCH2;PSENEN;JAG1;FZD5,0.0507185122569738,0.05613115981008958,True,True,False,True,discordant
Mareckova_E-MTAB-14039,preGlandular,HALLMARK_OXIDATIVE_PHOSPHORYLATION,200,0.18273047060931008,0.8301195123285243,0.8658536585365854,PDK4;ATP1B1;NDUFA3;ATP5ME;ECH1;COX17;COX6B1;UQCR11;COX6A1;UQCRQ;NDUFB1;COX7B;UQCRH;MAOB;ECI1;NDUFB6;ATP6V0E1;COX7C;COX5A;ATP5F1E;ATP6V0C;ALDH6A1;ATP5MC2;AIFM1;COX5B;MPC1;ATP5MC3;MTRF1;NDUFA2;NDUFC1;UQCR10;ATP5MF;SUPV3L1;ATP5PD;ETFDH;NDUFA1;SLC25A4;NDUFB4;ATP5PF;NDUFA5;TCIRG1;ATP6V0B;ACADM;ISCU;SDHB;TIMM17A;NDUFA6;ATP5MG;CYCS;UQCRB;GPX4;AFG3L2,0.921120913336793,0.8926326376665829,False,False,Huang_GSE214411,200,0.36589933074020087,1.8260301590148897,0.0017605633802816902,LDHA;SDHD;BCKDHA;VDAC2;NDUFB3;MDH1;PHB2;GPI;MRPS22;SDHA;GLUD1;SDHB;SDHC;LDHB;SUPV3L1;OAT;SUCLA2;NDUFA7;HSPA9;PDP1;NDUFC2;DLST;NDUFB6;PRDX3;ETFA;ATP5PD;ACADVL;MGST3;PDHX;CS;NDUFB8;OPA1;PMPCA;LRPPRC;CYCS;CYB5A;SLC25A4;ATP5MC2;HADHB;ACO2;UQCRB;MTRR;MRPS30;COX7C;ATP5F1B;NDUFB4;DLD;NDUFC1;NDUFB5;DECR1;ABCB7;UQCRC2;BDH2;SLC25A12;ISCA1;PDHA1;ATP5F1C;CASP7;ALDH6A1;SLC25A3;MDH2;SLC25A5;OGDH;NDUFA5;COX11;NDUFA1;VDAC1;RETSAT;MTX2;NDUFA4;ATP5F1A;COX8A;NDUFA2;SUCLG1;ACAT1;FDX1;ATP6V1C1;NDUFV2;ATP6AP1;TIMM10;COX5B;NDUFA8,0.0039447731755424065,0.006809090135330666,True,True,True,False,not_significant_in_both
Mareckova_E-MTAB-14039,preGlandular,HALLMARK_P53_PATHWAY,178,0.19746645772674454,0.8938025980820848,0.7281690140845071,IER3;TOB1;CDKN1A;INHBB;ZBTB16;MDM2;RXRA;NINJ1;TSC22D1;DDIT3;FOS;EPHX1;ATF3;BTG2;PITPNC1;KLF4;SAT1;LIF;PERP;JUN;ZFP36L1;HDAC3;BTG1;TPD52L1;SOCS1;NDRG1;VAMP8,0.8467081559122175,0.7872097449562239,False,False,Huang_GSE214411,186,0.41940564222655075,2.0796160685921405,0.0018050541516245488,TNFSF9;NDRG1;RNF19B;PLK2;FAM162A;KLF4;EPHA2;RRAD;IL1A;SLC7A11;HEXIM1;BTG1;RAP2B;S100A10;LIF;SLC19A2;MKNK2;HBEGF;SLC3A2;GADD45A;TRAF4;VDR;RALGDS;CCNG1;LDHB;UPP1;ZFP36L1;MXD1;FAS;OSGIN1;PITPNC1;APP;PTPRE;CDKN1A;TSC22D1;SFN;CDKN2B;IER5;BMP2;CDK5R1;TM4SF1;VWA5A;ST14;CDKN2AIP;DNTTIP2;HMOX1;SERTAD3;DEF6;SAT1;ATF3;ABCC5;SLC35D1;PTPN14;EPS8L2;TM7SF3;IER3;SP1;CCNK;DDIT4;RB1;TGFA;BTG2;TPRKB;CYFIP2;PHLDA3;CSRNP2;NUDT15,0.0039447731755424065,0.006809090135330666,True,True,True,False,not_significant_in_both
Mareckova_E-MTAB-14039,preGlandular,HALLMARK_PANCREAS_BETA_CELLS,13,-0.47460780034199423,-1.3603027487663664,0.11085972850678733,SRPRB;LMO2,0.22171945701357465,0.21217172919959298,True,True,Huang_GSE214411,19,-0.18505730141227383,-0.5810293260571867,0.9732510288065843,HNF1A;CHGA,0.9732510288065843,0.9781417374940546,False,False,True,False,not_significant_in_both
Mareckova_E-MTAB-14039,preGlandular,HALLMARK_PEROXISOME,86,-0.2656682550385545,-1.1904802145003874,0.16455696202531644,HSD17B11;IDI1;IDH1;ACSL5;ABCD1;CLN6;CNBP;PEX11B;ACOX1;ABCB9;ALDH9A1;HRAS;CLN8;CRABP2;TOP2A;ACOT8;ELOVL5;STS;ERCC3;MVP;FADS1;ALDH1A1,0.3047351148616971,0.2812939521800281,False,False,Huang_GSE214411,92,0.2821207193435894,1.2425213804540531,0.14124293785310735,PABPC1;CDK7;BCL10;SOD2;SLC35B2;PEX6;PEX13;SCP2;HSD17B4;MVP;ABCD3;ABCC5;SLC25A4;ABCB1;HSD11B2;ACSL5;FDPS;MSH2;IDI1;ELOVL5;SIAH1;HSD17B11;SEMA3C;GSTK1;TSPO;CNBP;DHRS3;ERCC1;ACSL1;RETSAT;SLC27A2;ALDH1A1;ACOX1;IDE;ACSL4;SMARCC1;EHHADH;STS;DLG4;LONP2,0.16814635458703256,0.18463129131125144,True,True,False,False,not_significant_in_both
Mareckova_E-MTAB-14039,preGlandular,HALLMARK_PI3K_AKT_MTOR_SIGNALING,89,-0.250981808323563,-1.117668306156564,0.24188790560471976,MAPK8;ECSIT;TBK1;PIN1;PPP2R1B;EGFR;CFL1;ACACA;SMAD2;ACTR2;PDK1;THEM4;MAPK1;ARHGDIA;PTEN;ITPR2;PAK4;MAP2K3;CAB39;RPS6KA3;MYD88;RIPK1;GRB2;E2F1;CDK4;AKT1S1;AP2M1;HRAS;YWHAB;TSC2;CDK1;CDKN1B;CLTC;MAPK10;ACTR3;DUSP3;PIKFYVE;SLC2A1,0.4319426885798567,0.36929451237361793,False,False,Huang_GSE214411,97,0.47370232957899483,2.092504708336046,0.0018050541516245488,PDK1;RALB;MYD88;TIAM1;UBE2N;SLA;RIT1;MAP2K3;TBK1;SLC2A1;MKNK2;RPS6KA3;ARF1;ARPC3;UBE2D3;CDKN1A;CXCR4;SFN;CAB39;ACTR3;RAF1;IL2RG;PAK4;FGF22;ATF1;SQSTM1;SMAD2;EIF4E;PPP2R1B;PRKAA2;MAPK1;ACTR2;GSK3B;DUSP3;CSNK2B;TNFRSF1A,0.0039447731755424065,0.006809090135330666,True,True,False,False,not_significant_in_both
Mareckova_E-MTAB-14039,preGlandular,HALLMARK_PROTEIN_SECRETION,93,-0.18559734116565907,-0.8495677899942432,0.8301282051282052,RER1;TPD52;RPS6KA3;YKT6;CLTA;IGF2R;GOSR2;GOLGA4;AP2M1;SEC31A;CLCN3;COPB1;DST;ARCN1;SNX2;CLTC;COPB2;SEC24D,0.9023132664437012,0.8661265432098766,False,False,Huang_GSE214411,94,0.41486651549141934,1.8417468079561103,0.0018115942028985507,TOM1L1;BNIP3;RAB9A;TMX1;RPS6KA3;ANP32E;ARF1;LAMP2;OCRL;SGMS1;TMED10;ARFGAP3;RAB5A;M6PR;AP1G1;RAB22A;GLA;ADAM10;TMED2;STX12;MAPK1;ICA1;ATP1A1;SNX2;USO1;ARFGEF2;KRT18;LMAN1;COPB2;ABCA1;NAPA;COPB1;TPD52;ARCN1;ARFGEF1;MON2;KIF1B;IGF2R;YIPF6;TSG101;SEC22B;ATP7A;RAB14;SCAMP1;AP3S1;CLCN3;CD63;VPS45;PAM;CAV2;VAMP3;SNAP23;SEC24D;DOP1A,0.0039447731755424065,0.006809090135330666,True,True,False,False,not_significant_in_both
Mareckova_E-MTAB-14039,preGlandular,HALLMARK_REACTIVE_OXYGEN_SPECIES_PATHWAY,46,0.22131030470603263,0.8031558383705466,0.8009478672985783,MGST1;GPX3;MBP;ABCC1;GSR;PDLIM1;IPCEF1;JUNB;SELENOS,0.9023132664437012,0.8410239042700307,False,False,Huang_GSE214411,47,0.4718759485379704,1.8486649380077627,0.0019723865877712033,ABCC1;PFKP;SOD2;GPX3;SBNO2;GCLM;OXSR1;PRDX4;MGST1;GSR;FES;GLRX2;SCAF4;TXN;LSP1;TXNRD2;HMOX2;TXNRD1;NDUFB4;PDLIM1;GLRX;HHEX,0.0039447731755424065,0.006809090135330666,True,True,True,False,not_significant_in_both
Mareckova_E-MTAB-14039,preGlandular,HALLMARK_SPERMATOGENESIS,74,-0.23390175985017192,-1.0016079647760296,0.4685714285714286,TALDO1;PEBP1;SIRT1;NCAPH;MLF1;PGS1;PSMG1;BUB1;TLE4;CDKN3;NF2;OAZ3;VDAC3;NOS1;NEK2;PCSK1N;PHF7;CDK1;MAST2;CCNB2;EZH2;HSPA2,0.7062399427856249,0.5929377888914147,False,False,Huang_GSE214411,85,-0.3290284741916555,-1.4595022865839504,0.013015184381778741,CDK1;PHF7;TEKT2;JAM3;CCNB2;VDAC3;HSPA4L;ZC2HC1C;ACE;KIF2C;PARP2;PCSK4;CNIH2;MTOR;RFC4;NEK2;NCAPH;PCSK1N;BUB1;TTK;NEFH;SCG5;RPL39L;CDKN3;TULP2;GMCL1;CAMK4;DBF4;COIL;AURKA,0.020336225596529284,0.023556894808649306,True,True,True,False,not_significant_in_both
Mareckova_E-MTAB-14039,preGlandular,HALLMARK_TGF_BETA_SIGNALING,53,0.20136093400055108,0.7340535731616041,0.8883720930232558,SMAD6;BCAR3;ID3;ID1;NOG;SKIL;BMPR1A;CDH1;JUNB;TGIF1;SMURF2;SERPINE1;CDK9,0.9253875968992249,0.9096064158498338,False,False,Huang_GSE214411,54,0.5028344605549,1.9883464621746076,0.0019342359767891683,IFNGR2;CDKN1C;CDH1;WWTR1;SERPINE1;FURIN;TGIF1;KLF10;SLC20A1;UBE2D3;SKI;SKIL;CTNNB1;SPTBN1;THBS1;SMURF1;BMP2;HIPK2;ID2;HDAC1;BCAR3,0.0039447731755424065,0.006809090135330666,True,True,True,False,not_significant_in_both
Mareckova_E-MTAB-14039,preGlandular,HALLMARK_TNFA_SIGNALING_VIA_NFKB,166,0.37395217945479997,1.6845726482920302,0.0013869625520110957,IER3;CCN1;HES1;CDKN1A;TNC;NINJ1;TSC22D1;B4GALT1;FOS;CSF1;SQSTM1;TNFAIP2;ATF3;ZFP36;GADD45B;BTG2;KLF4;CCL5;IER2;SDC4;SAT1;EGR1;LIF;DUSP1;PDLIM5;JUN;RHOB;SNN;BCL3;TIPARP;MYC;NFKBIA;ZC3H12A;RIPK2;BTG1;AREG;CEBPD;PHLDA2;DUSP2;MCL1;CD83;PLAUR;FOSL1;JUNB;TGIF1;SGK1;BHLHE40;MAFF;IL15RA;ABCA1;SPSB1;CCND1;DUSP5;CXCL2;CXCL10;TANK;SERPINE1;PNRC1;ICAM1;IFIH1;KLF2,0.028344671201814053,0.011689070718877849,True,True,Huang_GSE214411,191,0.6919879747981893,3.4205868629897394,0.0019267822736030828,IFNGR2;TNFSF9;B4GALT1;IL23A;RNF19B;F2RL1;PLK2;PTGS2;EIF1;IL6;KLF4;VEGFA;CEBPB;PFKFB3;PHLDA2;GEM;IL1A;SPSB1;KYNU;MYC;TNF;BCL3;SERPINB8;RELB;BTG1;ZC3H12A;TUBB2A;BHLHE40;ETS2;FOSL2;ICOSLG;SDC4;TRIB1;IL1B;LIF;MAP2K3;CCL5;TNFAIP3;GCH1;EHD1;PTGER4;SERPINE1;F3;HBEGF;TGIF1;SOD2;DUSP5;GADD45A;AREG;NFKB1;EGR2;IL18;EFNA1;NFIL3;DNAJB4;CCL4;FOSL1;KLF10;B4GALT5;PLAUR;BTG3;TIPARP;CD69;CLCF1;CXCL1;PTX3;MAP3K8;MXD1;RIPK2;DENND5A;PTPRE;IFIH1;CCND1;LAMB3;TANK;CDKN1A;TSC22D1;EGR3;CD83;NR4A1;IER5;CD44;IL7R;BMP2;SIK1;NAMPT;IL6ST;YRDC;GPR183;NFE2L2;NFKB2;CCL20;NFKBIA;ID2;CXCL3;BIRC2;REL;IRS2;CEBPD;NFAT5;SQSTM1;SAT1;ATF3;MCL1;TNIP1;PER1;CCN1;KLF6;EDN1;SGK1;CSF1;TNFAIP2;PHLDA1;DUSP4;PDLIM5;IER3;BCL2A1;TNFRSF9;KDM6B;PNRC1;RHOB;NR4A3;BCL6;JAG1;FOSB;BTG2;TNFAIP8;ACKR3;CCNL1;STAT5A;TRIP10;ZFP36;ICAM1;TRAF1;DUSP2;TLR2;MAFF;NR4A2,0.0039447731755424065,0.006809090135330666,True,True,True,True,concordant_positive
Mareckova_E-MTAB-14039,preGlandular,HALLMARK_UNFOLDED_PROTEIN_RESPONSE,107,-0.31293405634390137,-1.4606647879730772,0.009174311926605505,CNOT6;GEMIN4;EDC4;EXOSC4;NFYB;ATF6;NOLC1;HSPA9;ARFGAP1;RRP9;EXOSC10;MTHFD2;SLC1A4;EEF2;NPM1;SLC30A5;PDIA6;EIF4A3;EXOSC2;NFYA;NOP56;VEGFA;DKC1;GOSR2;WFS1;SEC31A;YIF1A;DDIT4;XPOT;EIF2AK3;EIF4G1;IFIT1;KIF5B;SHC1;KHSRP;DCP1A;TATDN2;ATP6V0D1;SRPRB;KDELR3;EIF2S1;TUBB2A,0.04370629370629371,0.031099362463069512,True,True,Huang_GSE214411,108,0.41966359641203094,1.898282605625622,0.00186219739292365,SLC7A5;EIF4A3;VEGFA;ERO1A;CEBPB;XPOT;STC2;TUBB2A;EEF2;DNAJB9;ATF4;EDEM1;EIF4A1;HSPA9;HSPA5;NPM1;EIF4A2;BAG3;EDC4;EIF2S1;ATF3;DCP1A;EIF4E;NABP1;KHSRP;YWHAZ;EIF2AK3;HERPUD1;PSAT1;DDIT4;PDIA6;NOLC1;MTREX;NFYA;PDIA5;WIPI1;RRP9;EXOSC9,0.0039447731755424065,0.006809090135330666,True,True,False,True,discordant
Mareckova_E-MTAB-14039,preGlandular,HALLMARK_UV_RESPONSE_DN,130,0.21764886755043278,0.9377158546378466,0.5911047345767575,KALRN;CCN1;CITED2;MGLL;RXRA;CACNA1A;RBPMS;ICA1;TGFBR2;DUSP1;GCNT1;PDLIM5;ID1;MYC;ABCC1;ACVR2A;PIAS3;ANXA2;YTHDC1;ANXA4;PRKCE;DAB2;BMPR1A;RASA2;MET;BHLHE40;CDON;VAV2,0.7578265827907147,0.6794307293985719,False,False,Huang_GSE214411,137,0.26178033381874577,1.2220259377516496,0.11462450592885376,TGFBR2;MTA1;ADORA2B;MET;MYC;ANXA4;RUNX1;BHLHE40;ABCC1;MIOS;SERPINE1;F3;RND3;CITED2;NFKB1;DLC1;RASA2;DDAH1;DYRK1A;VLDLR;ANXA2;PRKCA;PRDM2;IGF1R;SYNJ2;NEK7;NR1D2;CCN1;INSIG1;ICA1;NOTCH2;PIK3CD;WDR37;PDLIM5;ADD3;ERBB2,0.1432806324110672,0.15334382064060703,True,True,True,False,not_significant_in_both
Mareckova_E-MTAB-14039,preGlandular,HALLMARK_UV_RESPONSE_UP,131,-0.20362932967556802,-0.974206293420192,0.5323076923076923,CLTB;NUP58;CHKA;YKT6;PSMC3;PRKACA;EIF5;BMP2;AQP3;KLHDC3;SIGMAR1;IGFBP2;WIZ;LYN;TUBA4A;CREG1;RRAD;CNP;TAP1;TFRC;PPAT;BAK1;PTPRD;HSPA13;HYAL2;RAB27A;HSPA2;HMOX1,0.7552207875019926,0.6413345690454124,False,False,Huang_GSE214411,143,0.4274644279823897,2.0365374208993536,0.0017730496453900709,AQP3;ALDOA;IL6;RRAD;CDKN1C;NPTX2;HSPA2;BTG1;PRKCD;BCL2L11;GCH1;GLS;DDX21;CHKA;FURIN;TMBIM6;APOM;SOD2;GPX3;EIF2S3;DNAJA1;BTG3;TFRC;PPP1R2;AGO2;EPCAM;CDKN2B;NR4A1;BMP2;IL6ST;TUBA4A;HNRNPU;CREG1;NFKBIA;FGF18;HMOX1;SLC6A8;SQSTM1;ATF3;CDC5L;SLC25A4;ABCB1;RHOB;NXF1;FOSB;BTG2;RPN1;HLA-F;ICAM1;ENO2;EPHX1;POLG2;CASP3;GRINA,0.0039447731755424065,0.006809090135330666,True,True,False,False,not_significant_in_both
Mareckova_E-MTAB-14039,preGlandular,HALLMARK_WNT_BETA_CATENIN_SIGNALING,38,-0.35114450501720984,-1.3084178580219243,0.10653753026634383,FZD1;HDAC2;PTCH1;PPARD;FRAT1;CUL1;DLL1;NOTCH1,0.22171945701357465,0.20487986589681503,True,True,Huang_GSE214411,41,0.298849847582949,1.130894437761396,0.2653846153846154,CSNK1E;MYC;NCSTN;FZD8;ADAM17;DLL1;CTNNB1;CUL1,0.2948717948717949,0.3226560673369184,False,False,False,False,not_significant_in_both
Mareckova_E-MTAB-14039,preGlandular,HALLMARK_XENOBIOTIC_METABOLISM,137,-0.19952147964817313,-0.9805291090401071,0.47096774193548385,NDRG2;DHPS;ARPP19;ADH5;MTHFD1;GSS;KYNU;UPP1;HSD17B2;CASP6;IDH1;PAPSS2;CNDP2;GSTO1;ACOX1;ETS2;DCXR;SLC12A4;AHCY;LONP1;ALDH9A1;PGRMC1;PPARD;PC;ELOVL5;IL1R1;BPHL;BCAR1;ATP2A2;DDAH2;ABHD6;SHMT2;TKFC;NQO1;HPRT1;CYFIP2;CYP27A1;HMOX1,0.7062399427856249,0.5929377888914147,False,False,Huang_GSE214411,153,0.31445016764469635,1.5080764903810953,0.003663003663003663,EPHA2;GNMT;KYNU;SMOX;SERTAD1;ETS2;GCH1;SERPINE1;TMBIM6;AKR1C3;SPINT2;UPP1;DHRS1;FAS;SLC6A6;IL1R1;SHMT2;DDT;HPRT1;CYP27A1;GSR;AQP9;HMOX1;ID2;ADH1C;PSMB10;ACOX3;COMT;CFB;JUP;SLC35D1;PTGES;PDLIM5;PTGR1;ATP2A2;CYB5A;ARG2;ACO2;TNFRSF1A;CYFIP2;ESR1;GABARAPL1;SLC46A3;GSTO1;ALDH2;EPHX1;NFS1;NINJ1;IRF8;ELOVL5;RAP1GAP;ARPP19;CA2;PPARD;BCAT1;SLC6A12;CSAD;VNN1,0.0063155235569028675,0.007631257631257632,True,True,False,False,not_significant_in_both
Mareckova_E-MTAB-14039,SOX9_functionalis_II,HALLMARK_ADIPOGENESIS,183,-0.1844445215440762,-0.7945755130214911,0.8891402714932126,STAT5A;COX8A;ELMOD3;CD151;SLC5A6;SOD1;SLC19A1;GPX4;TALDO1;ABCA1;CRAT;ECHS1;NKIRAS1;SLC27A1;ATP5PO;MTCH2;PREB;COQ5;CYC1;FZD4;COX7B;SDHB;GPAT4;CS;NDUFS3;JAGN1;SQOR;RAB34;IFNGR1;DNAJC15;NDUFAB1;BCL6;SAMM50;SULT1A1;ETFB;UQCR10;PHLDB1;DECR1;NABP1;DGAT1;NDUFB7;DHRS7B;MRPL15;SLC25A10;LTC4S;UCK1;DDT;CD36;ABCB8;GADD45A;APOE;LAMA4;CAVIN2;MGST3;PHYH;STOM;CDKN2C;SPARCL1;MYLK;CAVIN1,0.9072859913196047,0.9096064158498338,False,False,Huang_GSE214411,188,0.24411129803718365,1.2158069249155117,0.08037825059101655,PGM1;GPX3;ALDOA;SDHB;PRDX3;MCCC1;ANGPTL4;MGST3;LTC4S;SPARCL1;HSPB8;DDT;UBC;CAVIN1;CMBL;REEP5;GADD45A;DNAJC15;ABCA1;RTN3;JAGN1;COQ5;BCL2L13;DNAJB9;IFNGR1;AK2;NDUFA5;ATP5PO;ALDH2;LPCAT3;CCNG2;PIM3;SCP2;ATL2;SDHC;CS;SOWAHC;DECR1;TOB1;ARL4A;ITGA7;COX7B;CD36;DRAM2;REEP6;PFKFB3;PPARG;CYP4B1;GHITM;RIOK3;GRPEL1;MRPL15;VEGFB;PLIN2;UCP2;ADIPOR2,0.1148260722728808,0.11401170296598093,True,True,False,False,not_significant_in_both
Mareckova_E-MTAB-14039,SOX9_functionalis_II,HALLMARK_ALLOGRAFT_REJECTION,106,-0.3749800655671425,-1.4999520469484886,0.005050505050505051,IFNAR2;TIMP1;FLNA;F2R;IFNGR1;CCL4;BCAT1;HLA-DMB;CAPG;LIF;HDAC9;RPS9;KLRD1;MRPL3;CCL2;TGFB1;RPS19;CD96;CD47;CD8B;IL15;THY1;HLA-DRA;HLA-DQA1;TAP2;GBP2;HCLS1;TNF;IL18;ST8SIA4;APBB1;CCND2;CCL5;CDKN2A;CCND3;SRGN;ITGB2;LTB,0.034176349965823645,0.023220712875885292,True,True,Huang_GSE214411,128,0.3747751337598201,1.8176077105494424,0.0022624434389140274,IL2RB;EIF3D;CD7;SRGN;IFNGR2;IRF8;UBE2N;HLA-DQA1;DYRK3;CD47;NPM1;GZMB;PTPRC;FAS;HLA-DMA;IL6;LIF;LY75;CCND3;KLRD1;TLR3;CD247;ABI1;PSMB10;IFNGR1;DEGS1;CCL5;GZMA;RPS3A;ACHE;IRF7;CD40;RIPK2;C2;BCAT1;CD96;HLA-DRA;IL18;CD2;HLA-DMB;CAPG;HLA-E;ETS1;RPL39;IL15;PRKCG;GBP2;ELF4;TGFB1;PTPN6;MRPL3;RPL9;HDAC9;RPS19;TPD52;BCL10;B2M;STAT1;NCK1;CTSS;HIF1A;AKT1;CCL4;HLA-A,0.00639386189258312,0.006809090135330666,True,True,False,True,discordant
Mareckova_E-MTAB-14039,SOX9_functionalis_II,HALLMARK_ANDROGEN_RESPONSE,96,0.2577247267936187,1.222764899755757,0.11961722488038277,SELENOP;TSC22D1;NCOA4;SPDEF;ARID5B;IQGAP2;TMPRSS2;HERC3;CCND1;GSR;XRCC5;MERTK;ITGAV;SLC26A2;NDRG1;TMEM50A;SAT1;ZBTB10;PDLIM5;SPCS3;LMAN1;SCD;GUCY1A1;STK39;LIFR;BMPR1B;UBE2J1;DNAJB9;NGLY1;MAP7;ELK4;MAK,0.27185732927359724,0.222543674196061,False,True,Huang_GSE214411,96,0.3211567303385301,1.4487361650665498,0.024213075060532687,NDRG1;SGK1;VAPA;ANKH;UAP1;SLC38A2;AZGP1;CDC14B;B4GALT1;CCND3;ABCC4;DNAJB9;ARID5B;XRCC6;HERC3;APPBP2;DBI;TNFAIP8;SAT1;ACSL3;GPD1L;SELENOP;KRT8;KRT19;ABHD2;RAB4A;UBE2I;MYL12A;ADRM1;GNAI3;TPD52;B2M;CDK6;RPS6KA3;AKT1;ACTN1;SMS;INSIG1;CENPN,0.050443906376109765,0.04035512510088781,True,True,True,False,not_significant_in_both
Mareckova_E-MTAB-14039,SOX9_functionalis_II,HALLMARK_ANGIOGENESIS,26,-0.39810271898169625,-1.2445860590226765,0.1859799713876967,POSTN;COL5A2;JAG2;LUM;COL3A1;CCND2;S100A4,0.35765379113018597,0.3009147809340395,False,False,Huang_GSE214411,27,-0.38429320717062765,-1.2723034531807802,0.15601503759398497,VCAN;COL5A2;FGFR1;POSTN;TNFRSF21;COL3A1;LUM,0.19045994655750756,0.20151891119633056,True,True,True,False,not_significant_in_both
Mareckova_E-MTAB-14039,SOX9_functionalis_II,HALLMARK_APICAL_JUNCTION,145,-0.34466234590326644,-1.4441740482307979,0.010416666666666666,CLDN15;TMEM8B;MYH9;PCDH1;SORBS3;TUBG1;BMP1;ITGA3;ICAM2;RAC2;CNN2;MVD;LAMB3;NF2;SLIT2;TAOK2;RRAS;THBS3;CDH3;TSPAN4;JUP;VWF;ADAM15;AKT3;CX3CL1;INPPL1;MAPK11;HRAS;ITGA9;JAM3;PKD1;TRAF1;FSCN1;THY1;SYMPK;MYL9;NLGN2;SIRPA;ITGB4;GAMT;CD34;COL9A1;CNTN1;MMP2;PECAM1;TGFBI;NEXN;CDH6;FBN1;CDH11,0.04006410256410256,0.033507853403141365,True,True,Huang_GSE214411,162,0.20630071572879086,1.0145130329567458,0.4090909090909091,CLDN8;FSCN1;CDH6;IRS1;ADAM9;CLDN4;SGCE;CDK8;CLDN6;CX3CL1;ACTG1;LAMB3;CTNND1;PBX2;LIMA1;B4GALT1;CLDN7;PTPRC;MPZL2;PTEN;TIAL1;ACTN2;CTNNA1;CD99;ITGA9;CRB3;JUP;ACTB;SIRPA;MYL12B;PKD1;ITGB4,0.44466403162055335,0.4743083003952569,False,False,False,False,not_significant_in_both
Mareckova_E-MTAB-14039,SOX9_functionalis_II,HALLMARK_APICAL_SURFACE,30,0.2695395560882402,0.9916918760064954,0.453416149068323,AKAP7;GSTM3;PLAUR;HSPB1;APP;CROCC;DCBLD2;LYN,0.5966001961425302,0.5757665384994578,False,False,Huang_GSE214411,33,-0.39516112284227994,-1.404716539324532,0.060836501901140684,NCOA6;EPHB4;LYN;FLOT2;TMEM8B;HSPB1;DCBLD2;BRCA1;EFNA5;AKAP7;ATP6V0A4;THY1,0.09505703422053231,0.09012815096465286,True,True,False,False,not_significant_in_both
Mareckova_E-MTAB-14039,SOX9_functionalis_II,HALLMARK_APOPTOSIS,137,-0.24859818844413695,-1.0255478326915384,0.42431466030989273,CYLD;CASP9;ANKH;RHOT2;SLC20A1;IL6;TIMP1;ENO2;WEE1;DIABLO;F2R;IFNGR1;BCL2L10;RELA;ERBB2;KRT18;CFLAR;BTG3;IFITM3;ISG20;TNFRSF12A;CASP1;LMNA;CD69;EBP;TIMP2;CTH;PEA15;GSN;LUM;FDXR;GADD45A;PLAT;CDC25B;IGFBP6;TNF;IL18;DCN;MMP2;CCND2;HMGB2;PDGFRB;TOP2A;BGN,0.5753652812476342,0.5475027874966357,False,False,Huang_GSE214411,145,0.3836389419736761,1.8514378518954056,0.002398081534772182,CD69;TGFBR3;GPX3;ANXA1;LGALS3;CTH;VDAC2;TNFRSF12A;ANKH;CASP7;CDKN1B;HMGB2;LMNA;SLC20A1;CD44;HMOX1;BMP2;CTNNB1;BNIP3L;CASP8;CASP9;PPP3R1;ENO2;GADD45A;FAS;TIMP3;IL6;EMP1;ERBB2;IL1A;DAP;IFNGR1;CASP1;BTG3;BCL2L10;CCNA1;SOD2;SAT1;GNA15;TXNIP;DNAJA1;IL18;CD2;GCH1;TNFSF10;BIK;CDK2;TOP2A;CYLD;CASP4;ADD1;RHOB;CASP3;KRT18;SPTAN1;WEE1;PTK2;CLU;ATF3;PMAIP1;BCL10;CDC25B;ISG20;BCL2L2;RNASEL;SQSTM1,0.00639386189258312,0.006809090135330666,True,True,False,False,not_significant_in_both
Mareckova_E-MTAB-14039,SOX9_functionalis_II,HALLMARK_BILE_ACID_METABOLISM,77,-0.29643230418829825,-1.1326177315354982,0.2596899224806202,SLC23A2;GNMT;CYP27A1;NEDD4;PRDX5;ACSL5;FDXR;DIO2;HSD17B11;CYP7B1;ABCA6;PHYH;ACSL1;ALDH1A1,0.4482208656437332,0.38801209264681374,False,False,Huang_GSE214411,81,0.3136683770448385,1.3717878811466575,0.03488372093023256,ALDH1A1;HSD17B11;ACSL1;CYP27A1;ABCA6;BMP6;PECR;OPTN;BCAR3;SLC23A2;ABCA1;GCLM;ACSL5;PEX7;PEX6;GNMT;PEX13;SCP2;HSD17B4;PEX16;CYP39A1,0.0622923588039867,0.05559158713981285,True,True,False,False,not_significant_in_both
Mareckova_E-MTAB-14039,SOX9_functionalis_II,HALLMARK_CHOLESTEROL_HOMEOSTASIS,67,0.26581055585229696,1.1624449676403181,0.16666666666666666,PNRC1;FADS2;CYP51A1;GUSB;STARD4;PLAUR;ECH1;JAG1;LDLR;TMEM97;ERRFI1;ATF3;ATXN2;NFIL3;ALCAM;CLU;SCD;SC5D,0.3333333333333333,0.2819289272413826,False,False,Huang_GSE214411,67,0.40955070762633483,1.7062085384159822,0.002232142857142857,LGMN;ALCAM;LGALS3;CHKA;CD9;PDK3;NFIL3;TNFRSF12A;PLSCR1;CTNNB1;ACTG1;TRIB3;ERRFI1;CPEB2;FABP5,0.00639386189258312,0.006809090135330666,True,True,True,False,not_significant_in_both
Mareckova_E-MTAB-14039,SOX9_functionalis_II,HALLMARK_COAGULATION,86,-0.368125983405556,-1.4516998994373884,0.02911392405063291,VWF;RABIF;APOC1;RAPGEF3;S100A13;C1S;PLAU;SPARC;GSN;PLAT;A2M;CTSK;MMP11;THBS1;MMP2;PECAM1;C1R;FN1;C1QA;FBN1,0.09098101265822785,0.07922156204253854,True,True,Huang_GSE214411,94,0.2907774375123783,1.2995037398897307,0.06621004566210045,SERPINE1;LGMN;ANXA1;THBD;CD9;ANG;ADAM9;FYN;CTSV;CASP9;S100A13;ARF4;TIMP3;DUSP14;DPP4;F3;SIRT2;LAMP2;CFB;PLAU;CAPN5;CTSB;GNG12;C2;ISCU;GNB2,0.1003182510031825,0.09665700096657,True,True,False,True,discordant
Mareckova_E-MTAB-14039,SOX9_functionalis_II,HALLMARK_COMPLEMENT,140,0.20680963545861522,1.0358870204313944,0.36363636363636365,LIPA;CPM;PRKCD;RASGRP1;DUSP6;MT3;HSPA5;SERPINA1;MAFF;IRF1;CTSH;PLAUR;PREP;IRF2;KIF2A;F3;BRPF3;DGKH;PSEN1;USP8;TFPI2;LTA4H;CD55;USP14;CD46;LYN;LAMP2;CLU,0.5347593582887701,0.4877742609412967,False,False,Huang_GSE214411,157,0.3453768916686085,1.7019112995905368,0.0024752475247524753,KYNU;SERPINE1;LGMN;LGALS3;CD59;ANG;ADAM9;CASP7;CD46;FYN;CEBPB;PLSCR1;CD55;PPP4C;GCA;GZMK;CTSV;CASP9;PLA2G4A;CXCL1;APOBEC3G;S100A13;GZMB;LAP3;FCER1G;IL6;SIRT6;DPP4;ACTN2;F3;CASP1;CCL5;GZMA;S100A9;LAMP2;CFB;DUSP5;IRF7;CP;PIK3CA,0.00639386189258312,0.006809090135330666,True,True,True,False,not_significant_in_both
Mareckova_E-MTAB-14039,SOX9_functionalis_II,HALLMARK_DNA_REPAIR,144,-0.34921844348330705,-1.4768121172130355,0.007151370679380214,SUPT4H1;DAD1;TAF10;GTF2H1;BRF2;TP53;SURF1;POLH;ARL6IP1;SSRP1;NELFE;RALA;SEC61A1;POLR2F;TSG101;TAF9;NME1;ERCC4;CSTF3;RFC4;CCNO;ERCC2;AAAS;NME4;POLD1;POLR2H;GPX4;POLL;POLR3GL;POLR2G;PRIM1;DDB1;NME3;UMPS;EIF1B;GUK1;NT5C;POLD4;COX17;POLR2D;POLR2C;POLR1C;MPG;GTF2A2;POLA2;GMPR2;ERCC1;TK2;TAF12;TAF1C;POLR2K;GTF2B;POLR2J;POLR1D;USP11;RFC2;LIG1;ITPA;DUT;RBX1;VPS37B;DGUOK;VPS28;RAD52;ADRM1;HPRT1;POLR2I;EDF1;APRT;MRPL40;DGCR8;PCNA;RPA3;DDB2;GTF2H5;ZWINT;SAC3D1;MPC2;FEN1;TYMS;HCLS1;RAD51,0.034176349965823645,0.027243316873829387,True,True,Huang_GSE214411,148,0.2670644340478353,1.2951043881256912,0.029545454545454545,GMPR2;NUDT21;ALYREF;ARL6IP1;GTF2B;EIF1B;DAD1;DUT;HPRT1;POLR1D;POLR2C;RPA3;IMPDH2;NELFE;SDCBP;ZWINT;PNP;PCNA;TAF9;RAD51;POLR3C;GTF2H1;PDE4B;RRM2B;RALA;TMED2;TYMS;DDB2;BCAM;GTF2H5;GTF2A2;NUDT9;TAF12,0.056818181818181816,0.0478468899521531,True,True,False,True,discordant
Mareckova_E-MTAB-14039,SOX9_functionalis_II,HALLMARK_E2F_TARGETS,197,-0.5552457694551026,-2.3889626349806456,0.0011441647597254005,DCTPP1;SNRPB;GINS4;SMC3;MTHFD2;POLD2;RAD1;CSE1L;ASF1B;DCK;RNASEH2A;WEE1;LMNB1;POLA2;TUBG1;NUP153;HMGA1;ORC6;EXOSC8;BARD1;UBR7;TBRG4;BRCA2;PSIP1;SRSF2;MLH1;SMC4;XRCC6;MMS22L;PAN2;TUBB;PRDX4;PRIM2;STMN1;RANBP1;RFC2;LIG1;DUT;JPT1;DIAPH3;NAA38;GINS1;EED;CCNB2;RAD51C;CTPS1;NUP205;BUB1B;TRIP13;TK1;MCM5;PSMC3IP;WDR90;PCNA;KIF22;HMGB3;RPA3;TCF19;CKS1B;POP7;MELK;UBE2S;RACGAP1;CDC20;CHEK1;SUV39H1;NCAPD2;UBE2T;MAD2L1;CIT;CDC25B;HMMR;CDC25A;AURKB;CDCA8;KPNA2;BIRC5;KIF4A;TACC3;MXD3;KIF2C;PTTG1;AURKA;RRM2;DSCC1;ATAD2;POLE;MYBL2;CDKN2A;CDKN3;EZH2;PLK1;HMGB2;KIF18B;CDCA3;SPC25;RAD51AP1;CDKN2C;DLGAP5;SPAG5;SPC24;TOP2A;CENPE;CDK1;CENPM;DEPDC1;MKI67,0.0129366106080207,0.011689070718877849,True,True,Huang_GSE214411,197,0.32402698275140884,1.6448025748241915,0.002398081534772182,NUDT21;SHMT1;ANP32E;CDKN1B;HMGB2;SPAG5;KPNA2;CENPE;MLH1;DCK;DUT;PSIP1;TK1;CIT;PTTG1;RPA3;PRDX4;MYC;E2F8;DEK;CDCA3;RACGAP1;PCNA;AK2;CCNB2;CDK1;SPC24;BRMS1L;MAD2L1;XRCC6;CKS1B;UBE2S;MELK;CKS2;RANBP1;NUP153;CDC20;TACC3;HMMR;CHEK1;CENPM;SPC25;PLK4;EIF2S1;BIRC5;PRIM2;CDKN3;KIF4A;TFRC;MTHFD2;TRIP13;DEPDC1;TOP2A;ASF1A;EXOSC8;RNASEH2A;PPM1D;PLK1;JPT1;WEE1;RFC2;AURKB;KIF22;RAD51AP1;KIF2C;MKI67;AURKA;TMPO;EED;CDC25B;NCAPD2;DIAPH3;EZH2;SRSF1;RAN;MYBL2;RAD51C,0.00639386189258312,0.006809090135330666,True,True,False,True,discordant
Mareckova_E-MTAB-14039,SOX9_functionalis_II,HALLMARK_EPITHELIAL_MESENCHYMAL_TRANSITION,166,-0.48120106101929216,-2.052791468052116,0.0011737089201877935,CTHRC1;PCOLCE2;OXTR;POSTN;SERPINE2;ECM2;SDC1;COL5A1;TPM1;TGM2;IL15;COL5A2;CD59;LOXL2;QSOX1;THY1;SPARC;MYL9;LUM;COL1A1;SFRP1;GADD45A;LGALS1;CXCL8;TAGLN;ELN;SFRP4;MFAP5;ACTA2;THBS1;DCN;MMP2;COL3A1;PMP22;COL6A2;DPYSL3;ITGA5;EMP3;FSTL3;LOX;FBLN5;GLIPR1;ADAM12;TGFBI;IL32;MGP;NNMT;FN1;PCOLCE;CALD1;CDH6;PDGFRB;FBN1;MYLK;CDH11;ECM1;BGN;CXCL12,0.0129366106080207,0.011689070718877849,True,True,Huang_GSE214411,173,-0.3812295819605577,-1.7999206791413687,0.0017301038062283738,JUN;WNT5A;FBLN5;GPC1;ITGA2;VIM;CAP2;COL16A1;DCN;HTRA1;VCAN;GJA1;SGCD;TPM2;COL6A3;ITGB1;GPX7;PRRX1;BMP1;COL5A1;MYL9;FGF2;COL5A2;BGN;PDLIM4;TGFBI;PMP22;MGP;COL12A1;POSTN;APLP1;IGFBP4;DAB2;MYLK;COL4A1;CDH11;COL7A1;SGCB;COL3A1;COL4A2;LUM;ADAM12;ECM1;PCOLCE;COL1A1;FBN1;COL6A2;SPARC;SFRP1;SFRP4;THY1,0.00639386189258312,0.006809090135330666,True,True,True,True,concordant_negative
Mareckova_E-MTAB-14039,SOX9_functionalis_II,HALLMARK_ESTROGEN_RESPONSE_EARLY,180,0.34315097640931636,1.7655404573280158,0.008264462809917356,CA12;XBP1;IGFBP4;TIPARP;PMAIP1;TOB1;KLF4;FOS;RASGRP1;INHBB;HSPB8;SLC39A6;RPS6KA2;MED24;ABLIM1;OPN3;MREG;TPBG;ELF1;CELSR1;HES1;RETREG1;EGR3;RARA;AKAP1;OVOL2;CCND1;KLF10;PODXL;ANXA9;SLC22A5;PGR;ENDOD1;PDZK1;SCNN1A;KDM4B;SLC26A2;MYOF;DEPTOR;STC2;FARP1;ARL3;MYC;PEX11A,0.03443526170798898,0.029094294608827214,True,True,Huang_GSE214411,186,-0.27052093869256355,-1.2995867771395186,0.03278688524590164,CXCL12;SLC37A1;REEP1;NBL1;FOXC1;TGIF2;ENDOD1;ALDH3B1;CBFA2T3;SVIL;ANXA9;RETREG1;DHRS3;NRIP1;FLNB;TMPRSS3;KRT15;TSKU;FARP1;SULT2B1;CELSR2;KAZN;MYB;OPN3;SYNGR1;MLPH;MREG;ARL3;SEMA3B;NCOR2;TJP3;CANT1;TPBG;AKAP1;FHL2;SCNN1A;BCL2;GJA1;PRSS23;RASGRP1;MSMB;ABCA3;KCNK15;KDM4B;TFF3;RPS6KA2;SLC39A6;PGR;SCARB1;ISG20L2;INHBB;MED24;ABLIM1;CA12;OLFML3;IGFBP4;RAPGEFL1;TBC1D30;AR;OLFM1,0.06071645415907711,0.05266969517413918,True,True,False,True,discordant
Mareckova_E-MTAB-14039,SOX9_functionalis_II,HALLMARK_ESTROGEN_RESPONSE_LATE,168,0.27001757405002835,1.3801818311977043,0.04411764705882353,CA12;XBP1;IGFBP4;TOB1;KLF4;GPER1;FOS;HSPB8;RPS6KA2;SERPINA1;SERPINA3;OPN3;TPBG;PDCD4;ZFP36;EGR3;RABEP1;OVOL2;CCND1;ANXA9;SLC22A5;PGR;FGFR3;MDK;CDH1;PDZK1;NAB2;SCNN1A;SLC26A2;MYOF;FARP1;AGR2;ARL3;TST;MAPK13,0.12975778546712802,0.11169024571854058,True,True,Huang_GSE214411,179,0.22466090895761925,1.1153895508906841,0.19285714285714287,BATF;SGK1;CD9;ID2;CD44;DNAJC12;KLF4;ADD3;CHPT1;TIAM1;HSPB8;MICB;ALDH3A2;HPRT1;PERP;CXCL14;SLC7A5;KLK10;SFN;SLC16A1;FABP5;CYP4F11;TFAP2C;KLK11;BTG3;LSR;S100A9;CCNA1;KIF20A;COX6C;NMU;EMP2;GJB3;CDC20;PAPSS2;HSPA4L;AREG;LLGL2;DYNLT3;PLK4;PKP3;TOB1;MEST;ZFP36;KRT19;ABHD2;KRT13;TOP2A;CA2;RNASEH2A;SNX10,0.22425249169435219,0.244122965641953,True,True,True,True,concordant_positive
Mareckova_E-MTAB-14039,SOX9_functionalis_II,HALLMARK_FATTY_ACID_METABOLISM,135,-0.266951218654063,-1.1158153047695856,0.27402135231316727,ACOT8;MIF;DECR1;FASN;MDH1;BLVRA;SMS;ACAT2;PRDX6;ACSL5;LTC4S;D2HGDH;ADH1C;GSTZ1;CD36;NCAPH2;IL4I1;LGALS1;NTHL1;HSD17B11;G0S2;ACSL1;S100A10;ALDH1A1;CBR3,0.4567022538552788,0.4074666948894681,False,False,Huang_GSE214411,136,0.4290088118895742,2.0375374110213094,0.0023148148148148147,LDHA;ALDH1A1;SDHD;HSD17B11;ACSL1;ALDOA;MDH1;PCBD1;MCEE;CRYZ;LTC4S;ADH1C;APEX1;ALDH3A2;PRDX6;ACOT8;S100A10;DLST;GLUL;ENO2;EPHX1;AUH;PTPRG;HADHB;ACSL5;GABARAPL1;BLVRA;SUCLG2;SDHA;ACSM3;SDHC;HSD17B4;SUCLA2;MAOA;IL4I1;SERINC1;DECR1;BPHL;ALAD;CD36;REEP6;UBE2L6;CA2;AADAT;GRHPR;ADIPOR2;ODC1,0.00639386189258312,0.006809090135330666,True,True,False,False,not_significant_in_both
Mareckova_E-MTAB-14039,SOX9_functionalis_II,HALLMARK_G2M_CHECKPOINT,191,-0.5384577051825699,-2.3345720091823483,0.0011587485515643105,PRIM2;STMN1;MT2A;TGFB1;JPT1;SS18;CHAF1A;GINS2;PBK;CCNB2;MEIS1;CCNF;MCM5;TTK;TRAIP;CDC45;KIF22;UBE2C;HMGB3;SNRPD1;CKS1B;KNL1;UBE2S;RACGAP1;CDC20;CHEK1;SUV39H1;E2F1;MAD2L1;TPX2;RAD54L;KIF20B;STIL;RBM14;FBXO5;PRC1;SAP30;CDC25B;HMMR;CDC25A;CCNA2;KIF15;AURKB;CENPF;KPNA2;BIRC5;KIF4A;CENPA;TACC3;NDC80;POLQ;KIF2C;PTTG1;UCK2;AURKA;POLE;MYBL2;BUB1;CDKN3;TROAP;EZH2;PLK1;EFNA5;NUSAP1;CDKN2C;TOP2A;CENPE;CDK1;NEK2;MKI67;KIF23;KIF11,0.0129366106080207,0.011689070718877849,True,True,Huang_GSE214411,190,0.24490701330255582,1.2401646789557166,0.056372549019607844,CDKN1B;KPNA2;CENPE;PBK;NEK2;TROAP;SLC7A5;PTTG1;MYC;RACGAP1;SMAD3;CUL4A;KIF11;CCNB2;CENPA;CDK1;NUSAP1;NDC80;MAD2L1;RAD23B;CKS1B;UBE2S;CKS2;CHMP1A;CDC20;TACC3;SS18;HMMR;DMD;CHEK1;PAFAH1B1;MT2A;UBE2C;CUL1;PLK4;BIRC5;PRIM2;CCNA2;CDKN3;KIF4A;CDC45;PRC1;FOXN3;TOP2A;TTK;HIRA;PLK1;TFDP1;SAP30;TGFB1;FBXO5;ODC1;JPT1;KATNA1;AURKB;KIF22;KIF2C;MKI67;AURKA;TMPO;BUB3;DR1;CDC25B;CDC7;TOP1;BUB1;EZH2;SRSF1;MYBL2;TENT4A;CENPF;SMC2;HIF1A;TPX2;KIF23;SMC4;NUP98;SLC38A1;KIF15;PRMT5;AMD1;MNAT1,0.09395424836601307,0.08477075040542532,True,True,False,True,discordant
Mareckova_E-MTAB-14039,SOX9_functionalis_II,HALLMARK_GLYCOLYSIS,172,-0.24380136459747248,-1.0450617429641849,0.3751438434982739,CYB5A;RBCK1;ISG20;GALK1;STMN1;MIF;B3GAT3;HAX1;GALK2;MDH1;CLN6;PGM2;GOT1;TFF3;SDC2;SLC25A10;KIF20A;SLC16A3;RRAGD;TXN;SDC1;COL5A1;CTH;GLRX;QSOX1;SAP30;HMMR;NOL3;ABCB6;DCN;CENPA;AURKA;TGFBI;CDK1;DEPDC1,0.5359197764261056,0.49780634388021144,False,False,Huang_GSE214411,178,0.43709505702787316,2.1832443175510674,0.002336448598130841,LDHA;SLC16A3;STC1;ADORA2B;FAM162A;ENO1;SPAG4;PGK1;VEGFA;ERO1A;CITED2;ALDOA;CTH;ANGPTL4;PGAM1;ANG;PDK3;MDH1;DSC2;PFKP;CD44;TPI1;NOL3;PGM2;AK4;HAX1;PPFIA4;QSOX1;B4GALT1;ENO2;EGLN3;LDHC;BPNT1;CXCR4;TXN;PKP2;GNE;IGFBP3;PKM;P4HA1;DDIT4;PLOD2;CENPA;CDK1;GOT1;MET;CAPN5;MXI1;KIF20A;B4GALT4;EFNA3;GALK2;HMMR;SDHC;P4HA2;ANKZF1;SDC1;CYB5A;CLDN3;TGFA;ARPP19;DEPDC1;SDC3;CHST2;MPI;IRS2;HK2;BIK,0.00639386189258312,0.006809090135330666,True,True,False,False,not_significant_in_both
Mareckova_E-MTAB-14039,SOX9_functionalis_II,HALLMARK_HEDGEHOG_SIGNALING,25,0.32929983953256436,1.1528256288626022,0.25862068965517243,HEY2;CELSR1;OPHN1;TLE3;HEY1,0.4482208656437332,0.38801209264681374,False,False,Huang_GSE214411,29,-0.2991423321486887,-1.0146805601999636,0.455078125,LDB1;NRCAM;OPHN1;HEY2;RTN1;PTCH1;CRMP1;THY1,0.4740397135416667,0.5127640845070423,False,False,False,False,not_significant_in_both
Mareckova_E-MTAB-14039,SOX9_functionalis_II,HALLMARK_HEME_METABOLISM,159,0.19081341164298607,0.9751042257442366,0.5555555555555556,BTG2;RNF19A;NCOA4;NUDT4;SLC30A1;MXI1;CAT;VEZF1;ICAM4;CAST;KLF3;ENDOD1;RIOK3;ALDH6A1;TCEA1;HEBP1;FOXO3;EIF2AK1;NFE2L1;ARL2BP;RNF123;CPOX;GDE1;LAMP2;TFDP2;SLC22A4;KDM7A;TFRC;CTNS;SEC14L1;USP15;TNRC6B;FBXO34;MOCOS;BMP2K;OSBP2;CCDC28A;DAAM1;TRAK2;XPO7;EPB41;YPEL5,0.6585910854992355,0.6588547028439965,False,False,Huang_GSE214411,162,0.31697999152394873,1.5587940713221955,0.0023923444976076554,AQP3;PDZK1IP1;SMOX;MGST3;MINPP1;LMO2;KAT2B;MFHAS1;BNIP3L;HEBP1;SLC2A1;MBOAT2;OPTN;SLC66A2;MAP2K3;FBXO7;MKRN1;SDCBP;ADIPOR1;CCND3;EPOR;KHNYN;GCLM;YPEL5;LAMP2;MPP1;PICALM;MXI1;BLVRA;CTSB;NEK7;CIR1;PSMD9;PPOX;SLC25A38;HTRA2;P4HA2;BCAM;TFRC;HTATIP2;ALAD;NR3C1;ADD1;FBXO34;CA2;ALDH6A1;RIOK3;XK;BPGM;CCDC28A;EPB41;ASNS;RHCE;UCP2;CAST;RBM38;TENT5C,0.00639386189258312,0.006809090135330666,True,True,True,False,not_significant_in_both
Mareckova_E-MTAB-14039,SOX9_functionalis_II,HALLMARK_HYPOXIA,169,0.26089506452847533,1.3656386501604796,0.007462686567164179,CCN2;CA12;TIPARP;CCN1;TES;FOS;JUN;HSPA5;PNRC1;MAP3K1;MAFF;TPBG;MXI1;P4HA1;PPP1R15A;ZFP36;CHST3;PLAUR;PFKFB3;KLF6;PAM;IER3;F3;CDKN1A;DUSP1;NDST2;RBPJ;GPC4;STC2;CCNG2;FBP1;ANGPTL4;NDRG1;FOXO3,0.034176349965823645,0.027847396268448895,True,True,Huang_GSE214411,180,0.47587511982658154,2.3652734944934886,0.002336448598130841,CDKN1C;NDRG1;LDHA;STC1;PDK1;ADORA2B;FAM162A;ENO1;SERPINE1;PGK1;PGM1;VEGFA;ERO1A;CITED2;ALDOA;GPI;ANGPTL4;ADM;PDK3;NFIL3;GAPDH;WSB1;PFKP;CDKN1B;STBD1;TPI1;NEDD4L;HMOX1;EFNA1;BTG1;PGM2;AK4;JMJD6;BNIP3L;PLAC8;PPFIA4;SLC2A1;CAVIN1;ENO2;LDHC;CXCR4;ANXA2;IL6;ERRFI1;IGFBP3;TIPARP;BHLHE40;P4HA1;F3;DDIT4;RORA;CP;MXI1;LXN;CCNG2;NOCT;SLC6A6;EFNA3;SDC4;P4HA2;ANKZF1;MT2A;ETS1;XPNPEP1;SDC3;CHST2;TNFAIP3;IRS2;ZFP36;HK2;FOSL2;ALDOC;GAA;PFKFB3;HEXA;NR3C1,0.00639386189258312,0.006809090135330666,True,True,True,True,concordant_positive
Mareckova_E-MTAB-14039,SOX9_functionalis_II,HALLMARK_IL2_STAT5_SIGNALING,153,-0.2537940996801774,-1.0762269918210496,0.3252873563218391,ENPP1;CD81;PRAF2;FLT3LG;AGER;IL1R2;GBP4;RRAGD;CDKN1C;PLEC;COL6A1;ETFBKMT;DCPS;TGM2;TRAF1;PLPP1;AHNAK;GLIPR2;GSTO1;UCK2;CCND2;IL3RA;SYT11;CCND3;COCH;MUC1;LTB;PHLDA1;ECM1,0.49285963079066525,0.4533621690896712,False,False,Huang_GSE214411,166,0.3523322539928211,1.7092347627804527,0.002398081534772182,CDKN1C;NDRG1;IL2RB;ALCAM;PLAGL1;AHNAK;BATF;IL1R2;NFIL3;PRNP;CD44;BMP2;TWSG1;PLSCR1;IKZF2;AHR;TIAM1;IRF8;GSTO1;HOPX;ENPP1;ANXA4;MYC;EMP1;LIF;CCND3;BHLHE40;DENND5A;PNP;P4HA1;RORA;IFNGR1;GABARAPL1;AHCY;SNX9;SLC39A8;MUC1;PHLDA1;TNFRSF9;RABGAP1L;PTRH2;IGF1R;CAPG;ARL4A;TNFSF10;HK2;MAP3K8;ITGAE;SPP1;RHOB;CA2;CDC42SE2;TTC39B;CASP3;TNFRSF18;PLIN2;FLT3LG;ODC1;FURIN;CD81,0.00639386189258312,0.006809090135330666,True,True,False,False,not_significant_in_both
Mareckova_E-MTAB-14039,SOX9_functionalis_II,HALLMARK_IL6_JAK_STAT3_SIGNALING,59,-0.23332750583730766,-0.8484372922678439,0.7253044654939107,TNFRSF12A;TGFB1;HAX1;IL10RB;BAK1;IL1R2;CD36;A2M;TNF;IL3RA;ITGA4;LTB,0.7882068294629718,0.7872097449562239,False,False,Huang_GSE214411,63,0.31958261053644477,1.3375691947284183,0.06018518518518518,IL1R2;CD9;TNFRSF12A;IFNGR2;CD44;HMOX1;HAX1;CXCL1;FAS;IL6;IFNGR1;IL1R1;SOCS3;IFNAR1;MYD88,0.09505703422053231,0.089828634604754,True,True,False,False,not_significant_in_both
Mareckova_E-MTAB-14039,SOX9_functionalis_II,HALLMARK_INFLAMMATORY_RESPONSE,115,0.3186151735023167,1.5679969521929191,0.015,HPN;BTG2;RASGRP1;TNFRSF1B;P2RX4;TPBG;MXD1;CSF3;HIF1A;ICAM4;IRF1;IL18R1;NDP;PLAUR;RGS16;KLF6;LDLR;NFKBIA;F3;CDKN1A;GPR132;CXCL10;SLC31A1;ATP2B1;RIPK2;SEMA4D;ICAM1;PSEN1;MYC;ITGB8,0.05357142857142856,0.04477611940298507,True,True,Huang_GSE214411,144,0.3696926492220867,1.7907263269304317,0.002325581395348837,IL2RB;ADORA2B;SERPINE1;CD69;ADM;HBEGF;IFNGR2;RNF144B;AHR;CD55;CX3CL1;PTPRE;NMI;ATP2C1;MYC;IL6;SRI;LIF;IL1A;TLR3;CXCL8;ABCA1;ABI1;NAMPT;PTGER4;SGMS2;F3;RGS1;CCL5;MET;IL1R1;IRF7;CD40;RIPK2;TNFRSF9;TNFSF15;IFNAR1;PVR;PDE4B;RTP4;GNA15;ATP2A2;IL18;GCH1;CHST2;SLC4A4;TNFSF10;CCL20,0.00639386189258312,0.006809090135330666,True,True,True,True,concordant_positive
Mareckova_E-MTAB-14039,SOX9_functionalis_II,HALLMARK_INTERFERON_ALPHA_RESPONSE,87,-0.2844657934932432,-1.1164267054261006,0.28390367553865653,UBA7;PSMA3;IFITM3;ISG20;CASP1;EPSTI1;IFI35;PROCR;RNF31;ISG15;CD47;IFI44L;GBP4;OAS1;MVB12A;C1S;IL15;IFI44;GBP2;PSMB8;PSMB9,0.4579091540946073,0.41597608137532094,False,False,Huang_GSE214411,88,0.3363277664083426,1.5029117030854635,0.006864988558352402,PLSCR1;SP110;CASP8;CD47;TDRD7;SAMD9L;NMI;LAP3;IFI44L;DHX58;CASP1;IRF7;RIPK2;DDX60;TENT5A;RTP4;IFI44;TXNIP;IFIH1;IFIT3;NCOA7;TRIM21;SLC25A28;PSMB8;UBE2L6;IL15;LPAR6;EPSTI1;GBP2;BST2;IFI30;TRAFD1;B2M;ISG20;MVB12A;IFIT2;PARP9,0.01492388817033131,0.013330074870587188,True,True,False,False,not_significant_in_both
Mareckova_E-MTAB-14039,SOX9_functionalis_II,HALLMARK_INTERFERON_GAMMA_RESPONSE,163,-0.3002255586468733,-1.272235286095677,0.07429245283018868,PSMA3;IFITM3;RBCK1;ISG20;PSMB2;ITGB7;MT2A;VAMP5;CCL2;CASP1;EPSTI1;NLRC5;IFI35;PSMA2;CIITA;MVP;CD69;VAMP8;RNF31;ISG15;IFI44L;SECTM1;GBP4;MX2;AUTS2;C1S;IL15;HLA-DQA1;IFI44;IL18BP;PSMB8;UPP1;IFIT1;ST8SIA4;PTGS2;CCL5;C1R;IDO1;P2RY14;PSMB9,0.18573113207547168,0.16384271099744244,True,True,Huang_GSE214411,170,0.42190595905009776,2.073160771759483,0.0023584905660377358,IL2RB;CD69;MVP;PFKP;CASP7;XCL1;PTGS2;BTG1;PLSCR1;SP110;CASP8;IRF8;HLA-DQA1;NLRC5;APOL6;TDRD7;SAMD9L;EIF4E3;NMI;SECTM1;PLA2G4A;FAS;LAP3;HLA-DMA;IL6;SRI;HLA-DRB1;IFI44L;DHX58;PSMB10;NAMPT;PNP;CASP1;CCL5;GZMA;ARID5B;CFB;SOD2;IRF7;CD40;RIPK2;DDX60;SOCS3;LATS2;PSMA2;AUTS2;MYD88;PDE4B;RAPGEF6;MT2A;RTP4;IFI44;TXNIP;IFIH1;IFIT3;UPP1;MTHFD2;TRIM21;ARL4A;GCH1;TNFSF10;TNFAIP3;SLC25A28;CASP4;PSMB8;UBE2L6;IL15;CASP3;BPGM;EPSTI1;PTPN6;BST2;IFI30;IDO1;TRAFD1;SAMHD1;B2M;ISG20;PSMB2;STAT1;CIITA,0.00639386189258312,0.006809090135330666,True,True,False,True,discordant
Mareckova_E-MTAB-14039,SOX9_functionalis_II,HALLMARK_KRAS_SIGNALING_DN,81,-0.2415513762751177,-0.9382596402143112,0.5677083333333334,YBX2;MSH5;IFI44L;KRT5;TAS2R4;ADRA2C;MAGIX;GAMT;KRT13;KRT15;LFNG;CAMK1D;RIBC2,0.6585910854992355,0.6639863547758286,False,False,Huang_GSE214411,91,-0.2855667307644367,-1.263333809862251,0.08514492753623189,NRIP2;SLC16A7;SLC25A23;GTF3C5;SPTBN2;TFCP2L1;BARD1;GPRC5C;SLC29A3;KRT15;ASB7;CCDC106;SNN;HNF1A;CELSR2;SKIL;CAPN9;BMPR1B;ZC2HC1C;CKM;STAG3;PRKN;PDK2;SPHK2;ZNF112;KCNN1;MAST3;TCF7L1;FGFR3;GP2;MYOT;COPZ2;ADRA2C,0.11825684380032207,0.12034618733036309,True,True,True,False,not_significant_in_both
Mareckova_E-MTAB-14039,SOX9_functionalis_II,HALLMARK_KRAS_SIGNALING_UP,142,-0.4250106497567855,-1.7851591078468345,0.00117096018735363,NRP1;LIF;LCP1;MALL;ETV5;HDAC9;SLPI;ENG;ZNF277;PIGR;WNT7A;ADGRL4;FBXO4;ITGBL1;JUP;TSPAN7;TMEM158;HKDC1;PEG3;GLRX;GYPC;ADGRA2;TMEM176A;ETV1;TMEM100;TRAF1;PLAU;ADAM8;PLAT;MMP11;PSMB8;SCN1B;PTGS2;CCND2;SCG5;PECAM1;CPE;G0S2;ALDH1A2;PRDM1;GPNMB;F13A1;CD37;CCL20;ITGB2;SPARCL1;TFPI;SPON1;AKAP12,0.0129366106080207,0.011689070718877849,True,True,Huang_GSE214411,155,0.24562075988753512,1.1835955932516666,0.13365155131264916,ERO1A;ANGPTL4;HBEGF;ANKH;ID2;BMP2;SPARCL1;PTGS2;KLF4;LCP1;TMEM176B;IRF8;TRIB1;FBXO4;F2RL1;VWA5A;MALL;CXCR4;MPZL2;FCER1G;TMEM176A;EMP1;LIF;IGFBP3;ZNF277;SPRY2;USP12;CFB;PLAU;WDR33;WNT7A;JUP;RABGAP1L;MTMR10;ITGBL1;LAPTM5;HKDC1;GFPT2;IL1RL2;ETS1;TNFAIP3;CCL20;MYCN;SPP1;PSMB8,0.1758573043587489,0.1764376915018471,True,True,False,True,discordant
Mareckova_E-MTAB-14039,SOX9_functionalis_II,HALLMARK_MITOTIC_SPINDLE,194,-0.3415647562153592,-1.4794184974840738,0.0069124423963133645,TTK;KIF22;TRIO;CCDC88A;RACGAP1;SAC3D1;TUBGCP6;FSCN1;TPX2;KNTC1;KIF20B;GSN;FBXO5;PRC1;KIF15;CENPF;BIRC5;KIF4A;NDC80;KIF2C;AURKA;BUB1;ANLN;PLK1;NUSAP1;TUBA4A;DLGAP5;PIF1;TOP2A;CENPE;CDK1;NEK2;KIF23;KIF11,0.034176349965823645,0.02718129926610492,True,True,Huang_GSE214411,195,0.1717352994004559,0.866669571263307,0.8259911894273128,PXN;FSCN1;ANLN;LLGL1;TUBA4A;KIF3C;NET1;CENPE;TIAM1;NEK2;UXT;RALBP1;SSH2;MAPRE1;CEP57;ABI1;ARHGAP29;RACGAP1;KIF11;CCNB2;CDK1;NUSAP1;NDC80;RANBP9;ARF6;MID1IP1;TRIO;RAPGEF5;PCGF5;PAFAH1B1;RAPGEF6;BIRC5;KIF4A;AKAP13;MAP1S;CAPZB;PRC1;TOP2A;TTK;PLK1;SUN2;TLK1;EPB41;SPTAN1;FBXO5;FGD4;KATNA1;ECT2;KIF22;KIF2C;CD2AP;AURKA;MARK4;BUB1;NCK1;CENPF;ARL8A;CDC42EP4;TPX2;BCL2L11;KIF23;CDC42;ARHGEF7;SMC4;CLASP1,0.8428481524768497,0.8559494190956609,False,False,False,False,not_significant_in_both
Mareckova_E-MTAB-14039,SOX9_functionalis_II,HALLMARK_MTORC1_SIGNALING,190,-0.20488539899968528,-0.8845140259786896,0.7272727272727273,HPRT1;GOT1;ATP5MC1;NUP205;TRIB3;PSMD13;CCNF;SLC7A11;EBP;PSMC6;EEF1E1;CTH;GLRX;IGFBP5;FDXR;NUPR1;CDC25A;AURKA;RRM2;TM7SF2;BUB1;PLK1;TUBA4A;ITGB2;CORO1A;MLLT11,0.7882068294629718,0.7872097449562239,False,False,Huang_GSE214411,195,0.41280252116059646,2.0832256692692304,0.0022026431718061676,LDHA;STC1;PDK1;ENO1;LGMN;PGK1;PGM1;ERO1A;NUPR1;ALDOA;CTH;GPI;CD9;NFIL3;GAPDH;TUBA4A;TPI1;AK4;ADD3;SRD5A1;COPS5;SHMT2;HPRT1;SLC2A1;SLC7A5;EGLN3;RIT1;CCNG1;CXCR4;MAP2K3;TRIB3;IFRD1;RAB1A;BHLHE40;NAMPT;PNP;P4HA1;DDIT4;PLOD2;GOT1;POLR3G;SLC6A6;HSPA9;PSMC6;GTF2H1;TBK1;CYB5B;ACTR3;PSMG1;BCAT1;ABCF2;SLA;NFYC;ACSL3;ATP2A2;TFRC;MTHFD2;PSMC2;M6PR,0.00639386189258312,0.006809090135330666,True,True,False,False,not_significant_in_both
Mareckova_E-MTAB-14039,SOX9_functionalis_II,HALLMARK_MYC_TARGETS_V1,195,-0.222014055831583,-0.9641046715029183,0.5669291338582677,EIF4A1;MCM4;UBE2L3;ERH;RRP9;PSMA1;NME1;SNRPA;RPS3;EIF2S1;TXNL4A;RFC4;PSMC4;CDK2;LSM7;CLNS1A;PSMD14;PHB2;SF3B3;TCP1;HDDC2;MCM7;SNRPD3;SNRPG;PSMA7;EIF3D;PSMD8;TUFM;CYC1;RRM1;RACK1;POLD2;RPS10;PSMD7;RPS5;PRPF31;SLC25A3;RPL14;NDUFAB1;SRSF2;RPS2;XRCC6;RPL18;PSMB2;RUVBL2;PRDX4;LSM2;EEF1B2;COPS5;RANBP1;VDAC3;DUT;PSMA2;SNRPB2;PSMB3;HPRT1;CTPS1;TRIM28;SNRPA1;MCM5;PSMA6;PCNA;CDC45;PSMC6;SNRPD1;CDC20;EXOSC7;SSBP1;CAD;MAD2L1;TYMS;CCNA2;KPNA2,0.6585910854992355,0.6639863547758286,False,False,Huang_GSE214411,195,0.44435080285652345,2.242435429097037,0.0022026431718061676,LDHA;EIF3D;PGK1;RPL14;PRDX3;GLO1;PABPC1;AP3S1;KPNA2;EIF4H;RPL22;PHB2;HNRNPA1;COPS5;APEX1;DUT;HPRT1;PCBP1;PABPC4;XPOT;RPS6;CLNS1A;DDX18;ILF2;NPM1;DHX15;PRDX4;CCT4;CSTF2;MYC;IFRD1;IMPDH2;EIF4A1;DEK;HNRNPA2B1;EEF1B2;RPLP0;PCNA;UBE2E1;MAD2L1;ERH;XRCC6;RAD23B;RPL34;RANBP1;PSMC6;CDC20;RPS10;PSMA2;RACK1;EIF4E;PSMA1;RRM1;SSB;CCT7;C1QBP;CUL1;EIF2S1;TYMS;CCNA2;ACP1;CNBP;MRPL23;CDC45;CDK2;RSL1D1;RPL6;TFDP1;SNRPB2;ODC1;SNRPG;PRPF31;RFC4;VDAC3;RPS3;TOMM70;SNRPA1;CCT2;BUB3;HNRNPA3;HNRNPR;AIMP2;EIF4G2;TCP1;SNRPD2;YWHAQ;PSMB2;SSBP1;SRSF1;UBA2;RAN;SRSF7;LSM2,0.00639386189258312,0.006809090135330666,True,True,False,False,not_significant_in_both
Mareckova_E-MTAB-14039,SOX9_functionalis_II,HALLMARK_MYC_TARGETS_V2,57,-0.16940793498015994,-0.6149388778144048,0.9733688415446072,MCM4;PLK4;RRP9;WDR74;PPRC1;SLC19A1;RRP12;TCOF1;DCTPP1;IPO4;TBRG4;IMP4;PUS1;PES1;NOC4L;MCM5;MAP3K6;PLK1,0.9733688415446072,0.9810855637312685,False,False,Huang_GSE214411,57,-0.15355144002486176,-0.6058065595968324,0.9927536231884058,WDR43;BYSL;NOP16;RABEPK;MAP3K6;LAS1L;NOLC1;PPRC1;NOP56;PA2G4;TMEM97;GRWD1;SRM;UTP20;TCOF1,0.9927536231884058,0.9952417275071737,False,False,True,False,not_significant_in_both
Mareckova_E-MTAB-14039,SOX9_functionalis_II,HALLMARK_MYOGENESIS,126,-0.3218117645238614,-1.3185597722730615,0.046798029556650245,PDLIM7;LSP1;PLXNB2;MAPRE3;DAPK2;CKMT2;GAA;CRYAB;MAPK12;PKIA;CD36;SPARC;GSN;COL1A1;ITGB4;TAGLN;AEBP1;COL3A1;COL6A2;IGF1;ACSL1;MEF2C;ADAM12;TSC2;MYLK;FHL1,0.12999452654625068,0.1148417903230681,True,True,Huang_GSE214411,146,-0.2952215571597173,-1.3903816776191504,0.025728987993138937,TPM3;CKB;PSEN2;EFS;CKM;DMPK;SPDEF;SGCD;TPM2;TNNT1;COL6A3;COL15A1;ITGB1;IGF1;PPP1R3C;SH3BGR;AK1;SSPN;FGF2;PDE4DIP;ABLIM1;MYO1C;SMTN;MYLK;COX7A1;COL3A1;AGL;COL4A2;ADAM12;COL1A1;COL6A2;SPARC,0.051457975986277875,0.04270371451143392,True,True,True,True,concordant_negative
Mareckova_E-MTAB-14039,SOX9_functionalis_II,HALLMARK_NOTCH_SIGNALING,28,0.30180244133742085,1.064762751837176,0.3211009174311927,FBXW11;HES1;MAML2;JAG1;CCND1,0.49285963079066525,0.45225481328336997,False,False,Huang_GSE214411,31,0.28653256048011566,1.002675759791658,0.42857142857142855,DLL1;PSENEN;FZD1;FZD7;APH1A;CUL1;SKP1;RBX1;SAP30;MAML2;PRKCA;ST3GAL6,0.45592705167173253,0.4884004884004884,False,False,True,False,not_significant_in_both
Mareckova_E-MTAB-14039,SOX9_functionalis_II,HALLMARK_OXIDATIVE_PHOSPHORYLATION,200,-0.31664509603087787,-1.376108041107941,0.018161180476730987,NDUFA8;TOMM22;VDAC2;ACAA1;ATP5F1B;UQCRC1;SDHD;ISCU;TIMM17A;COX7C;MPC1;UQCRC2;SURF1;LDHA;UQCR11;CYB5R3;IDH3G;MDH2;SUCLA2;UQCRFS1;NDUFB5;ACAT1;TCIRG1;DLD;ATP6V1C1;COX6B1;POLR2F;HSD17B10;SUCLG1;NQO2;NDUFA5;ATP6V0E1;UQCRQ;SLC25A12;NDUFS7;COX8A;TIMM9;PHB2;MTRR;MRPL11;GPX4;ATP5F1A;COX5B;ACADVL;MFN2;ATP5PD;NDUFB4;ECHS1;NDUFA7;ETFA;COX11;ATP5PO;HADHB;ATP5MF;MRPL34;COX17;CYC1;PMPCA;COX7B;RHOT2;ATP6V0B;NDUFC2;MRPS15;SDHB;NDUFA6;CS;TIMM10;NDUFS3;NDUFS8;NDUFA2;TIMM13;ATP5F1D;COX4I1;ATP5PF;IDH2;SLC25A3;FDX1;NDUFA4;NDUFAB1;COX6C;BDH2;OXA1L;NDUFB2;CYB5A;MRPS11;COX7A2;SLC25A4;ETFB;NDUFS2;OGDH;UQCR10;SLC25A11;VDAC3;ATP5MG;UQCRB;DECR1;ATP6V1G1;NDUFV1;NDUFS4;MDH1;TIMM8B;MRPS12;NDUFB3;NDUFS6;COX7A2L;NDUFB7;ATP6V1F;NDUFB8;ATP5MC1;MTX2;MRPL15;NDUFV2;MGST3;PHYH,0.06053726825576996,0.05302534445760872,True,True,Huang_GSE214411,200,0.4008678583428657,2.012323077134533,0.002352941176470588,LDHA;SDHD;SDHB;GPI;PRDX3;MGST3;VDAC2;MDH1;MRPS22;CASP7;NDUFB3;PHB2;NDUFA7;DLST;NDUFC2;COX15;MTX2;PDHX;UQCRB;COX7C;NDUFS4;HADHB;ATP6V1C1;TIMM9;NDUFB4;NDUFA5;NDUFB5;ATP5PO;NDUFC1;COX6C;HSPA9;MRPS30;NDUFB8;BDH2;NDUFB6;ABCB7;SDHA;HTRA2;ISCU;SDHC;CS;ATP5MC2;SUCLA2;NDUFA2;SLC25A4;FDX1;CYB5A;ETFA;ATP5PD;ACADSB;DECR1;LDHB;COX7B;UQCRC2;NDUFV2;ATP6V1H;TIMM10;ATP5F1C;GLUD1;ATP5MG;ALDH6A1;NDUFA1;GRPEL1;MRPL15;IDH2;VDAC3;NDUFA4;TOMM70;COX11;ATP5F1B;PHYH;COX7A2L;OAT;MFN2;ATP5MF;BCKDHA;COX8A;ISCA1;ACAT1;TOMM22;SUPV3L1;NDUFAB1;NDUFA8;PDK4,0.00639386189258312,0.006809090135330666,True,True,False,True,discordant
Mareckova_E-MTAB-14039,SOX9_functionalis_II,HALLMARK_P53_PATHWAY,177,-0.2747143288721632,-1.1963105978291502,0.1395617070357555,PDGFA;PIDD1;DDIT4;SESN1;NOTCH1;LIF;TRIAP1;RPL18;PTPRE;TGFB1;IRAK1;CASP1;SLC3A2;CD81;PHLDA3;RAD51C;VAMP8;RRAD;PROCR;RPS27L;EPHA2;BAK1;SFN;TRIB3;PLXNB2;SLC7A11;PCNA;TAX1BP3;TM4SF1;DRAM1;SDC1;DDB2;HRAS;TPRKB;HINT1;JAG2;DCXR;PLK2;FDXR;GADD45A;ITGB4;CYFIP2;NUPR1;UPP1;CCND2;STOM;CDKN2A;CCND3;S100A4;S100A10;CDKN2B,0.2907535563244906,0.24701187085974424,False,True,Huang_GSE214411,187,0.39110298188447556,1.9583350827499315,0.00228310502283105,NDRG1;FAM162A;NUPR1;EPHA2;HEXIM1;SLC3A2;HBEGF;TPRKB;PLK2;PHLDA3;HMOX1;RNF19B;BMP2;IER5;CDKN2B;KLF4;BTG1;KRT17;PTPRE;S100A10;PERP;TM7SF3;MKNK2;VDR;VWA5A;EPHX1;CCNG1;GADD45A;TRIB3;FAS;RRAD;SFN;ABHD4;LIF;IL1A;DNTTIP2;CCND3;DDIT4;PITPNC1;PCNA;CASP1;CTSF;NUDT15;SLC19A2;RACK1;SAT1;HSPA4L;ISCU;OSGIN1;SDC1;ITGB4;COQ8A;DDB2;TXNIP;RPS27L;TGFA;UPP1;ANKRA2;TOB1;RAP2B;LDHB,0.00639386189258312,0.006809090135330666,True,True,False,False,not_significant_in_both
Mareckova_E-MTAB-14039,SOX9_functionalis_II,HALLMARK_PANCREAS_BETA_CELLS,14,-0.43201130381149094,-1.175027173545964,0.25996810207336524,FOXO1;AKT3;LMO2,0.4482208656437332,0.38801209264681374,False,False,Huang_GSE214411,16,0.4715482990804517,1.4179495303898193,0.07966457023060797,LMO2;VDR;DPP4;SPCS1;ELP4;SEC11A;SRP9;STXBP1,0.1148260722728808,0.11340152345994016,True,True,False,False,not_significant_in_both
Mareckova_E-MTAB-14039,SOX9_functionalis_II,HALLMARK_PEROXISOME,88,-0.23807311958895117,-0.9441818634796342,0.5795601552393272,HMGCL;ERCC1;IDH2;SLC25A19;SLC25A4;ACOT8;SLC23A2;FIS1;MVP;CLN6;CTPS1;PRDX5;ACSL5;HRAS;ABCB9;HSD17B11;ACSL1;CRABP2;ALDH1A1;TOP2A,0.6585910854992355,0.6726221755123489,False,False,Huang_GSE214411,91,0.29937506795230673,1.3336474070176771,0.05555555555555555,ALDH1A1;HSD17B11;ACSL1;MVP;PABPC1;ACOT8;CDK7;CRABP2;SLC23A2;ACSL5;HSD11B2;PEX6;DLG4;ITGB1BP1;SOD2;ABCB9;PEX13;SCP2;HSD17B4;SLC25A4;CNBP;TOP2A;FDPS,0.09395424836601307,0.08417508417508417,True,True,False,False,not_significant_in_both
Mareckova_E-MTAB-14039,SOX9_functionalis_II,HALLMARK_PI3K_AKT_MTOR_SIGNALING,90,-0.24961217896054122,-0.993653985206874,0.48635235732009924,PIN1;SFN;VAV3;TRIB3;PPP2R1B;PRKAG1;MAP2K6;HRAS;E2F1;ITPR2;MAPK10;TSC2;CDK1,0.6235286632308964,0.6004350090371595,False,False,Huang_GSE214411,95,0.3859994779928203,1.7363334909047887,0.002331002331002331,PDK1;PRKAA2;CDKN1B;CSNK2B;RALB;TIAM1;ARF1;UBE2N;SLC2A1;MKNK2;RIT1;CXCR4;MAP2K3;TRIB3;PTEN;SFN;CDK1;ARPC3;MAPK10;TBK1;ACTR3;MYD88;EIF4E;ATF1;SLA;ITPR2,0.00639386189258312,0.006809090135330666,True,True,False,False,not_significant_in_both
Mareckova_E-MTAB-14039,SOX9_functionalis_II,HALLMARK_PROTEIN_SECRETION,94,0.35690739158792323,1.6647780256305156,0.005681818181818182,SSPN;TMED10;RAB14;TMED2;STAM;ARFGEF1;PAM;AP3B1;VPS4B;SCAMP1;M6PR;SNAP23;DNM1L;AP2B1;STX7;COPB1;LMAN1;DST;LAMP2;GLA;COG2;ARFIP1;MON2;SGMS1;ATP7A;NAPG;RAB5A;ATP1A1;PPT1;ERGIC3;USO1;ADAM10;OCRL;KIF1B;ZW10;BET1;ARF1;ARFGAP3,0.034176349965823645,0.02471882338400692,True,True,Huang_GSE214411,94,0.2626289140788137,1.1737061134052695,0.15296803652968036,BNIP3;TOM1L1;ANP32E;AP3S1;RAB9A;ARF1;ABCA1;LAMP2;TMX1;TMED2;VAMP3;NAPA;ARFGAP3;BET1;SNX2;M6PR;RER1;ATP6V1H;STX7;KRT18;ICA1;RAB5A;OCRL;TPD52;STX12;TSG101;GNAS;SEC22B;RPS6KA3;MAPK1;VAMP7;AP1G1;ATP1A1;CLN5,0.19045994655750756,0.19865978770088358,True,True,True,True,concordant_positive
Mareckova_E-MTAB-14039,SOX9_functionalis_II,HALLMARK_REACTIVE_OXYGEN_SPECIES_PATHWAY,47,-0.2939695564524602,-1.0277677478200806,0.4257703081232493,LAMTOR5;SRXN1;PRDX2;GPX3;GCLM;PRDX1;PRNP;NQO1;ERCC2;SOD1;GPX4;NDUFB4;HMOX2;PTPA;NDUFA6;FTL;TXNRD2;PRDX4;NDUFS2;EGLN2;ATOX1;LSP1;PRDX6;TXN;GLRX;GLRX2;CDKN2D,0.5753652812476342,0.5476145442099669,False,False,Huang_GSE214411,48,0.4214152620326749,1.6547392571550577,0.00683371298405467,GPX3;PRNP;PFKP;CDKN2D;PRDX6;PRDX4;TXN;GCLM;NDUFB4;MGST1;OXSR1;SOD2;SBNO2;LSP1;HHEX;GLRX2;SRXN1;PDLIM1;JUNB,0.01492388817033131,0.013330074870587188,True,True,False,False,not_significant_in_both
Mareckova_E-MTAB-14039,SOX9_functionalis_II,HALLMARK_SPERMATOGENESIS,78,-0.4719197112385505,-1.808867990230729,0.00129366106080207,NF2;PACRG;VDAC3;CNIH2;CCNB2;MAST2;ACRBP;YBX2;CRISP2;TTK;CCT6B;JAM3;HSPA2;RPL39L;KIF2C;SCG5;NCAPH;CFTR;AURKA;BUB1;CDKN3;EZH2;GAD1;CLGN;POMC;CDK1;NEK2,0.0129366106080207,0.011689070718877849,True,True,Huang_GSE214411,81,0.2661924937899151,1.1641582759265952,0.17674418604651163,HSPA2;SIRT1;CSNK2A2;NEK2;LDHC;CCNB2;CDK1;GAD1;CCNA1;CFTR;YBX2;HSPA4L;PSMG1;BRAF;CDKN3;PGS1;ARL4A;TTK;RFC4;VDAC3;TLE4;NF2;TALDO1;KIF2C;AURKA;BUB1;EZH2;RAD17;NCAPH;NOS1;ACRBP;PHKG2;MLF1;PACRG,0.21040974529346623,0.22659511031604054,True,True,False,True,discordant
Mareckova_E-MTAB-14039,SOX9_functionalis_II,HALLMARK_TGF_BETA_SIGNALING,51,0.31728317322123956,1.3221582137406802,0.08273381294964029,NOG;ACVR1;PPP1R15A;TGIF1;ID3;SKIL;KLF10;CDH1;BMPR2;TJP1;MAP3K7;HIPK2;HDAC1;SMURF2;CDK9;ID1;ARID4B;JUNB,0.19698526892771498,0.1730250228035696,True,True,Huang_GSE214411,53,0.32939212727272926,1.3131571346497275,0.10262008733624454,CDKN1C;SERPINE1;IFNGR2;SLC20A1;ID2;BMP2;CTNNB1;TGIF1;BCAR3;SMAD3;WWTR1;RHOA,0.13867579369762775,0.13961916644387012,True,True,True,True,concordant_positive
Mareckova_E-MTAB-14039,SOX9_functionalis_II,HALLMARK_TNFA_SIGNALING_VIA_NFKB,172,0.3678924442515759,1.9186159722393321,0.007518796992481203,BTG2;TIPARP;CCN1;KLF4;TSC22D1;FOS;JUN;PNRC1;TNC;MAFF;RHOB;CCNL1;MXD1;IER2;HES1;IRF1;PPP1R15A;ZFP36;EGR3;NFE2L2;TGIF1;PLAUR;PFKFB3;CD83;JAG1;KLF6;LDLR;CCND1;KLF10;NFKBIA;IER3;GADD45B;EGR1;F3;CDKN1A;CXCL10;DUSP1;SQSTM1;B4GALT5;MARCKS;ATP2B1;PANX1;RIPK2;REL;ICAM1;MYC;IFIH1;SAT1;ZBTB10;PDLIM5;FOSB;SNN;SOD2;TNIP2;ATF3;SERPINB8;TANK;NFIL3;MCL1;NFKB1;SDC4;BHLHE40;IL6ST;LITAF,0.034176349965823645,0.027847396268448895,True,True,Huang_GSE214411,189,0.5097946845697581,2.579120860776706,0.0025575447570332483,KYNU;SERPINE1;CD69;VEGFA;EIF1;SIK1;SGK1;HBEGF;PHLDA2;NFIL3;PLK2;IFNGR2;ID2;CD44;RNF19B;EFNA1;BMP2;IER5;CEBPB;DNAJB4;PTGS2;KLF4;BTG1;PTX3;TRIB1;TGIF1;LAMB3;PTPRE;ETS2;KLF2;F2RL1;B4GALT1;CXCL1;GEM;MAP2K3;GADD45A;EGR2;MYC;IL6;ZC3H12A;LIF;IL1A;TIPARP;ABCA1;BHLHE40;SERPINB8;DUSP4;NAMPT;DENND5A;PTGER4;SMAD3;F3;TUBB2A;BTG3;CCL5;DUSP5;PLAU;SOD2;PHLDA1;RIPK2;TNFRSF9;SOCS3;NR4A2;SDC4;TNFAIP8;SAT1;PDE4B;AREG;IFIH1;GFPT2;IL18;GCH1;BCL2A1;TNFAIP3;IRS2;ZFP36;CCL20;NR4A1;FOSL2;MAP3K8,0.00639386189258312,0.006809090135330666,True,True,True,True,concordant_positive
Mareckova_E-MTAB-14039,SOX9_functionalis_II,HALLMARK_UNFOLDED_PROTEIN_RESPONSE,108,0.25174241601894154,1.2012110941297947,0.07344632768361582,XBP1;DNAJC3;HSPA5;HSP90B1;HYOU1;YWHAZ;DNAJA4;SDAD1;CHAC1;SSR1;SRPRA;ATF6;PARN;PDIA6;DDX10;STC2;PAIP1;EXOC2;CNOT4;ATF3;SPCS3;FKBP14;CEBPG;NOP14,0.18573113207547168,0.16321406151914628,True,True,Huang_GSE214411,108,0.24940617233771542,1.160526479198022,0.1561771561771562,EIF4A3;VEGFA;ERO1A;CEBPB;EEF2;XPOT;EIF4A2;SLC7A5;NPM1;EIF4A1;DDIT4;DNAJB9;TUBB2A;ATF4;WIPI1;CKS1B;BAG3;SLC30A5;EIF2AK3;HSPA9;EIF4E;SPCS1;HERPUD1;EIF2S1;MTHFD2;ERN1,0.19045994655750756,0.20151891119633056,True,True,True,True,concordant_positive
Mareckova_E-MTAB-14039,SOX9_functionalis_II,HALLMARK_UV_RESPONSE_DN,130,-0.23233968716332987,-0.9560485555121131,0.5559610705596107,IGFBP5;COL5A2;MMP16;FHL2;NR3C1;COL1A1;COL3A1;PMP22;FBLN5;INPP4B;LTBP1;PDGFRB;TFPI;MAP1B,0.6585910854992355,0.6588547028439965,False,False,Huang_GSE214411,132,0.22136023801425667,1.0588513087494327,0.30900243309002434,ADORA2B;SERPINE1;TGFBR3;CITED2;MTA1;RUNX1;IRS1;CDKN1B;FYN;ADD3;ANXA4;ATP2C1;MYC;PTEN;ANXA2;SRI;ERBB2;BHLHE40;CDON;SMAD3;F3,0.3511391285113913,0.36895812906271563,False,False,False,False,not_significant_in_both
Mareckova_E-MTAB-14039,SOX9_functionalis_II,HALLMARK_UV_RESPONSE_UP,132,-0.2085329653722766,-0.862744895413537,0.7409144196951934,CXCL2;PPAT;FGF18;IGFBP2;IL6;CLTB;RXRB;ENO2;HYAL2;BTG3;SULT1A1;AP2S1;SLC25A4;TYRO3;GLS;CHRNA5;CREG1;PSMC3;CYB5R1;DGAT1;ATP6V1F;RRAD;GGH;BAK1;CDKN1C;ARRB2;PTPRD;HSPA2;OLFM1;FEN1;APOM;HLA-F;CCND3;AQP3;CDKN2B;TUBA4A;RAB27A,0.7882068294629718,0.7966821717152617,False,False,Huang_GSE214411,137,0.4197548232617415,2.009197545360558,0.00228310502283105,CDKN1C;AQP3;HSPA2;GPX3;CREG1;ALDOA;CYB5R1;KLHDC3;CHKA;NPTX2;TUBA4A;TMBIM6;HMOX1;BMP2;CDKN2B;BTG1;EIF2S3;APOM;CTSV;ENO2;EPHX1;HLA-F;RRAD;IL6;CCND3;ARRB2;ATP6V1C1;FGF18;BTG3;DLG4;GGH;SOD2;CYB5B;GLS;EPCAM;SLC25A4;MAOA;DNAJA1;TFRC;MRPL23;GCH1;NR4A1;CDK2;RHOB;CA2;CASP3;GRPEL1;ASNS;CHRNA5;FURIN;RFC4;ATF3;SLC6A8;GRINA;SQSTM1;PPIF;JUNB;PDLIM3,0.00639386189258312,0.006809090135330666,True,True,False,False,not_significant_in_both
Mareckova_E-MTAB-14039,SOX9_functionalis_II,HALLMARK_WNT_BETA_CATENIN_SIGNALING,36,-0.23423724320615624,-0.7705097983109499,0.7918994413407822,NOTCH1;PPARD;KAT2A;FZD8;JAG2;CCND2;NKD1,0.8248952513966481,0.8379888268156426,False,False,Huang_GSE214411,39,0.28629046981702766,1.0851959644497071,0.3297644539614561,DKK1;DLL1;CTNNB1;FZD1;MYC;HDAC5;MAML1;NCSTN;CUL1;FZD8;NKD1;FRAT1,0.36640494884606234,0.3914118147910458,False,False,False,False,not_significant_in_both
Mareckova_E-MTAB-14039,SOX9_functionalis_II,HALLMARK_XENOBIOTIC_METABOLISM,138,-0.2870832489996025,-1.2063581924455036,0.12544378698224853,BPHL;CBR1;ENTPD5;PSMB10;LONP1;SLC46A3;MTHFD1;BCAR1;AP4B1;PTGR1;BCAT1;SLC12A4;ALDH3A1;ETS2;SMOX;PINK1;CYB5A;COMT;SHMT2;MT2A;PPARD;GNMT;PAPSS2;CYP27A1;HPRT1;ITIH4;HES6;LCAT;EPHA2;JUP;XDH;DHPS;ADH1C;BLVRB;SAR1B;DDT;CD36;DCXR;GSTO1;CYFIP2;APOE;UPP1;IGF1;GAD1;PTGDS,0.2727038847440185,0.22659022659022657,False,True,Huang_GSE214411,151,0.33269261557785,1.589984367001929,0.004629629629629629,KYNU;SERPINE1;EPHA2;SPINT2;SMOX;SLC46A3;TMBIM6;ID2;CYP27A1;HMOX1;ATOH8;ADH1C;TMEM176B;IRF8;AKR1C3;SHMT2;GSTO1;DDT;ETS2;DHRS1;HPRT1;EPHX1;FAS;PSMB10;CYP26A1;NFS1;GABARAPL1;AHCY;GNMT;GAD1;IL1R1;CFB;ALDH2;PTGR1;SLC6A6;JUP;PAPSS2;MT2A;BCAT1;MAOA;CYB5A;PROS1;ACP1;ATP2A2;UPP1;ARPP19;GCH1;BPHL;SERTAD1;CD36;ARG2;FBLN1;CA2,0.011022927689594356,0.00949667616334283,True,True,False,False,not_significant_in_both
Mareckova_E-MTAB-14039,Venous,HALLMARK_ADIPOGENESIS,184,-0.37773335283312404,-1.7707193403936303,0.0016207455429497568,DHRS7B;UCK1;C3;PREB;AK2;SDHC;ETFB;DLAT;STAT5A;GBE1;LTC4S;ALDH2;ACADS;QDPR;POR;JAGN1;NDUFAB1;DDT;LAMA4;PPP1R15B;APLP2;TKT;GPX3;ARL4A;PPARG;MDH2;RTN3;RAB34;ATP5PO;ALDOA;STOM;MTCH2;IDH3G;NDUFS3;CPT2;FZD4;ATP1B3;SLC66A3;SOD1;PHYH;NDUFA5;TALDO1;SLC25A1;HADH;PFKL;IDH1;PRDX3;PGM1;MRPL15;SAMM50;DHRS7;CD151;MGST3;SUCLG1;SOWAHC;SCP2;DNAJC15;ECHS1;COL15A1;UCP2;DNAJB9,0.009004141905276427,0.011689070718877849,True,True,Huang_GSE214411,184,0.30782288330997076,1.4251688004708734,0.013245033112582781,ANGPTL4;TOB1;GBE1;SOWAHC;PHLDB1;HSPB8;PFKFB3;UBC;YWHAG;UBQLN1;DNAJC15;GADD45A;ALDOA;DHCR7;CAVIN1;RNF11;TANK;ADIPOR2;NDUFA5;CHUK;SORBS1;ACLY;STAT5A;ENPP2;SLC1A5;CMPK1;SDHB;DLAT;MGLL;DNAJB9;GPAT4;PLIN2;PRDX3;PPP1R15B;PHYH;STOM;G3BP2;NABP1;PPM1B;IFNGR1;PIM3;MCCC1;ARAF;IDH3A;ATL2;CS;LAMA4;UCP2;GRPEL1;AIFM1;RMDN3;ADCY6;TKT;BAZ2A;PGM1;REEP5;ACOX1;SCARB1;SCP2;RIOK3;APLP2;GPHN;COX7B;POR;ATP1B3;IDH1,0.020695364238410594,0.02386492452717618,True,True,False,True,discordant
Mareckova_E-MTAB-14039,Venous,HALLMARK_ALLOGRAFT_REJECTION,100,0.2079815430877199,0.9152831235950893,0.6992084432717678,CCL2;ICAM1;EIF3J;IL16;EIF5A;LTB;BCL3;TLR3;FAS;CD4;NCK1;IRF7;TAPBP;GLMN;BCL10;STAT1;STAB1;TLR1;CCND2;EIF4G3;IL27RA;HIF1A;LCP2;CSK;RPL39;SOCS5;FYB1,0.7283421284080914,0.7676361848994507,False,False,Huang_GSE214411,132,0.4857643167451474,2.15305179739677,0.001443001443001443,CSF1;IL2RB;AKT1;GZMA;GZMB;ETS1;IL1B;ICOSLG;IL4R;IL2RG;SOCS5;HLA-DQA1;PRF1;GALNT1;IFNGR2;CD7;ABI1;UBE2N;FLNA;CCL2;CCL7;DYRK3;ELF4;TAP2;DEGS1;TNF;LTB;LCK;PTPRC;INHBB;CCL5;LIF;TAP1;HIF1A;TAPBP;TGFB1;CRTAM;RIPK2;IL18;CD3E;IL27RA;FAS;BCL3;NME1;CTSS;KLRD1;CCND2;IRF8;EIF5A;EIF4G3;IFNGR1;IRF7;BCL10;CD3D;SOCS1;CAPG;CD47;IGSF6;NCK1;PRKCG;TPD52;ICAM1;CCL4,0.0030525030525030525,0.006809090135330666,True,True,True,False,not_significant_in_both
Mareckova_E-MTAB-14039,Venous,HALLMARK_ANDROGEN_RESPONSE,92,-0.35426450915880653,-1.5161652621273014,0.008291873963515755,LMAN1;SLC38A2;HMGCS1;TMEM50A;PGM3;SORD;ABCC4;MYL12A;INSIG1;IQGAP2;APPBP2;ACSL3;NGLY1;TPD52;PDLIM5;ARID5B;VAPA;GNAI3;RAB4A;IDI1;FKBP5;HOMER2;MAP7;ACTN1;HMGCR;PMEPA1;KRT8;DNAJB9;KRT19,0.03454947484798231,0.029094294608827214,True,True,Huang_GSE214411,95,0.5957641167142862,2.5241741887718714,0.0015015015015015015,ALDH1A3;B4GALT1;ACSL3;GSR;SGK1;NDRG1;UAP1;AKT1;DHCR24;SRF;ELL2;STEAP4;PDLIM5;ITGAV;ABCC4;AKAP12;INSIG1;HMGCS1;SCD;SEC24D;SLC38A2;GNAI3;ABHD2;STK39;IDI1;ACTN1;HMGCR;KRT8;RRP12;MYL12A;ANKH;ADAMTS1;PGM3;DBI;SMS;ELOVL5;DNAJB9;SAT1;VAPA;KRT19;SRP19;TMEM50A;LMAN1;HOMER2;NKX3-1;ELK4;SPCS3;TSC22D1;MERTK;MAK;TPD52;XRCC6,0.0030525030525030525,0.006809090135330666,True,True,False,True,discordant
Mareckova_E-MTAB-14039,Venous,HALLMARK_ANGIOGENESIS,27,-0.2651458208786177,-0.8644024071265181,0.6616541353383458,SLCO2A1;LRPAP1;FGFR1;SERPINA5;JAG1;VCAN;VEGFA;MSX1,0.7178688808164678,0.7351712614870509,False,False,Huang_GSE214411,27,0.4595684882148125,1.4969044256289292,0.040955631399317405,PDGFA;THBD;ITGAV;STC1;FSTL1;PTK2;MSX1;VEGFA;CCND2;TNFRSF21,0.05534544783691541,0.0637441733841516,True,True,False,False,not_significant_in_both
Mareckova_E-MTAB-14039,Venous,HALLMARK_APICAL_JUNCTION,145,0.2624877491722507,1.2581554075718748,0.06353591160220995,CALB2;NRXN2;MADCAM1;CNN2;ADAMTS5;SYMPK;ICAM1;CD34;RSU1;ZYX;LIMA1;PIK3R3;SDC3;EPB41L2;ITGA2;PLCG1;GTF2F1;NEXN;JUP;MAPK14;MYH10;CLDN11;ARHGEF6;NF2;B4GALT1;TRO;MYH9;PFN1;ICAM2;TJP1;PARVA,0.1443997990959317,0.14862201544376596,True,True,Huang_GSE214411,164,0.4296716530862442,1.9688911434549037,0.0013736263736263737,VCL;FLNC;CTNNA1;MSN;CD276;TNFRSF11B;B4GALT1;ACTN4;CD99;MYH9;ACTB;ADAM9;MPZL2;INSIG1;CLDN14;ACTG1;VASP;RHOF;TIAL1;CNN2;NECTIN4;SDC3;JAM3;RSU1;ACTN1;PTK2;PTPRC;ZYX;CDK8;CLDN7;PBX2;MVD;GRB7;LAMC2;PECAM1;CAP1;CLDN4;FSCN1;PCDH1;RAC2;MMP2;PARVA;NF2;MYL12B;NECTIN1;STX4;NECTIN2;PIK3CB;BAIAP2;CDH1;AKT3;ITGB4;YWHAH;ARPC2;CTNND1;LAMB3;VCAM1;CRB3;ICAM1,0.0030525030525030525,0.006809090135330666,True,True,True,True,concordant_positive
Mareckova_E-MTAB-14039,Venous,HALLMARK_APICAL_SURFACE,27,0.31308459787047804,1.0555780230871028,0.3680851063829787,GAS1;AFAP1L2;FLOT2;B4GALT1;CRYBG1;EPHB4;SULF2;APP;HSPB1,0.4974123059229442,0.4907801418439716,False,False,Huang_GSE214411,32,0.4659393961886333,1.566559284345721,0.02027027027027027,PLAUR;B4GALT1;IL2RB;ADAM10;IL2RG;GATA3;SCUBE1;ADIPOR2;CRYBG1;SULF2;HSPB1,0.029809220985691574,0.0351000351000351,True,True,True,False,not_significant_in_both
Mareckova_E-MTAB-14039,Venous,HALLMARK_APOPTOSIS,137,-0.30200498928716735,-1.3582387658426194,0.027552674230145867,DDIT3;GPX3;WEE1;CASP4;SMAD7;IER3;BRCA1;SOD1;BGN;ERBB2;BCAP31;CTH;LEF1;TNFRSF12A;PMAIP1;TSPO;BIRC3;GSN;VDAC2;CD44;PLAT;BNIP3L;LGALS3;BTG3;F2R;EBP;ANXA1;MMP2;KRT18,0.08610210696920584,0.07557864903164856,True,True,Huang_GSE214411,146,0.5280367921072864,2.3709046067647304,0.0013869625520110957,TNFRSF12A;CAV1;LMNA;TIMP3;ANXA1;GSR;CD69;PEA15;DNAJA1;ENO2;HMOX1;PPP3R1;NEDD9;IGFBP6;SQSTM1;PMAIP1;GCH1;RELA;EMP1;IL1B;KRT18;SMAD7;PRF1;GSN;BMP2;ETF1;SLC20A1;GADD45A;CCNA1;RARA;ISG20;TNF;PLAT;VDAC2;CTH;PTK2;RHOB;CLU;EGR3;CD44;DNAJC3;CASP9;SPTAN1;TAP1;ANKH;IGF2R;PPP2R5B;IL18;IER3;TIMP2;SAT1;DPYD;MMP2;BTG3;FAS;BNIP3L;CASP7;PSEN1;WEE1;HSPB1;CASP3;SOD2;CCND2;DAP;MCL1;CYLD;CTNNB1;IFNGR1;ATF3;BCL10,0.0030525030525030525,0.006809090135330666,True,True,False,True,discordant
Mareckova_E-MTAB-14039,Venous,HALLMARK_BILE_ACID_METABOLISM,75,-0.3424717205180321,-1.4095915581137457,0.035058430717863104,ISOC1;PEX26;NPC1;PEX13;AMACR;HSD17B11;PRDX5;ABCA2;HSD3B7;AR;IDH2;BMP6;FDXR;ABCA3;EFHC1;PEX11G;PEX16;PEX7;CYP27A1;PEX12;ALDH9A1;DIO2;SOD1;PHYH;ABCA5;PXMP2;IDH1;IDI1;SLC29A1;PAOX;PECR;ABCD1;SCP2;ACSL5,0.09225902820490291,0.09218544023156983,True,True,Huang_GSE214411,80,-0.2193174190057945,-0.9898829931159224,0.4441176470588235,ALDH1A1;PEX26;EPHX2;SLC27A5;PEX11A;RBP1;PEX11G;LIPE;ABCD1;ALDH9A1;PXMP2;MLYCD;FDXR;SULT1B1,0.47246558197747185,0.5046791443850267,False,False,True,False,not_significant_in_both
Mareckova_E-MTAB-14039,Venous,HALLMARK_CHOLESTEROL_HOMEOSTASIS,68,-0.31392017502679137,-1.2513065025902894,0.12563667232597622,ANXA5;ABCA2;SEMA3B;ACTG1;ETHE1;S100A11;HMGCS1;FBXO6;LGMN;PDK3;MVD;SQLE;PPARG;GUSB;FABP5;FDFT1;HSD17B7;JAG1;ALCAM;TNFRSF12A;IDI1;PMVK;TM7SF2;MAL2;LGALS3;EBP;CXCL16;HMGCR;CD9,0.22435120058210037,0.22659022659022657,True,True,Huang_GSE214411,69,0.5500692436434864,2.1700178904001635,0.0015408320493066256,PLAUR;TNFRSF12A;CD9;SREBF2;FASN;ANXA5;ERRFI1;HMGCS1;SCD;ACTG1;CPEB2;LSS;CYP51A1;DHCR7;CHKA;IDI1;S100A11;TRIB3;CLU;HMGCR;CXCL16;MAL2;LDLR;SQLE;LGMN;MVD;FDFT1;PDK3;CTNNB1;ATF3;STARD4;NFIL3;LGALS3;ATF5;STX5;ABCA2;ALDOC;NSDHL;ACSS2;ALCAM;NIBAN1,0.0030525030525030525,0.006809090135330666,True,True,False,True,discordant
Mareckova_E-MTAB-14039,Venous,HALLMARK_COAGULATION,87,-0.28920820806997494,-1.2081617578335213,0.147008547008547,S100A13;SERPINA1;C3;MMP11;LGMN;CTSB;PEF1;ARF4;GNB2;MSRB2;LAMP2;DUSP6;THBS1;ACOX2;GSN;PLAT;PRSS23;TFPI2;ISCU;ANXA1;MMP2;CD9;MMP7,0.23197525597269622,0.2562625971782321,True,False,Huang_GSE214411,96,0.5212867468899569,2.1974620176225272,0.001451378809869376,THBS1;MMP14;CD9;SERPINE1;TIMP3;ANXA1;DUSP14;THBD;CAPN2;PRSS23;ADAM9;PLAU;ARF4;WDR1;GSN;GNB2;F3;CSRP1;PLAT;PDGFB;FURIN;CLU;CASP9;PREP;CRIP2;KLF7;LGMN;RAPGEF3;PECAM1;PLEK;MMP1;MMP7;MMP2,0.0030525030525030525,0.006809090135330666,True,True,False,True,discordant
Mareckova_E-MTAB-14039,Venous,HALLMARK_COMPLEMENT,144,-0.21864300751870025,-0.98926723166269,0.48177496038034867,PCLO;CASP9;DPP4;CA2;PRDM4;ANXA5;CASP1;CD59;CBLB;JAK2;PPP2CB;ADAM9;CD46;RCE1;CCL5;CD55;SH2B3;S100A13;SERPINA1;C3;PDP1;LGMN;DOCK9;ATOX1;CALM1;CTSB;CTSS;SIRT6;PSMB9;CDH13;CTSC;CASP4;GNB2;L3MBTL4;LAMP2;HSPA1A;DUSP6;DYRK2;MSRB1;GNAI3;GNGT2;PLAT;LGALS3;PRCP;TFPI2;CP;CEBPB;PLA2G4A,0.5923896264279098,0.6003426297574438,False,False,Huang_GSE214411,163,0.45337953200099684,2.0874627043016414,0.0013333333333333333,PLAUR;MMP14;SERPINE1;EHD1;PPP2CB;ADAM9;GZMA;GZMB;CDH13;ANXA5;HSPA5;CD55;KYNU;BRPF3;GATA3;GNB2;GNAI3;F3;RAF1;GNG2;CSRP1;PLAT;CD46;HSPA1A;LCK;CALM1;PDGFB;PRKCD;CLU;CASP9;CCL5;PREP;CEBPB;DOCK4;DUSP5;SH2B3;LGMN;CD59;GZMK;PIK3CA;TNFAIP3;PLEK;RCE1;TIMP2;CXCL1;FDX1;CASP7;PSEN1;PIM1;CTSS;CASP3;STX4;MAFF;PPP4C;IRF7;LAMP2;USP14;MT3;LAP3;FCER1G,0.0030525030525030525,0.006809090135330666,True,True,False,False,not_significant_in_both
Mareckova_E-MTAB-14039,Venous,HALLMARK_DNA_REPAIR,147,-0.27198168915888965,-1.2430220685711182,0.0967741935483871,ERCC2;GTF2B;MPG;DGCR8;POLR2I;ERCC4;AK1;POLL;LIG1;ERCC1;VPS37D;TMED2;SAC3D1;ADA;NELFE;APRT;EIF1B;RBX1;POLA2;GTF2A2;RFC2;UMPS;POLR2E;PNP;POLR2K;CMPK2;GMPR2;POLD4;BCAP31;RFC4;RFC5;TAF12;POLR3GL;RAD51;POLR2C;DAD1;POLE4;TYMS;GUK1;FEN1;HPRT1;DUT;ZWINT;RPA3;MPC2;PCNA,0.1935483870967742,0.19228009757497488,True,True,Huang_GSE214411,148,-0.28108519003162186,-1.4025864762761986,0.018315018315018316,ERCC8;POLA2;PDE6G;TK2;MRPL40;SSRP1;RAD52;USP11;UPF3B;XPC;NT5C;AK3;DDB2;TAF10;RPA2;GPX4;NME3;POLR3C;POLR2I;RPA3;RFC4;RFC2;TAF12;ERCC5;POLA1;RFC5;ZWINT;SNAPC5;POLR2J;UMPS;NT5C3A;NPR2;POLH;CDA;VPS28;VPS37D;POLR2G;ERCC4;RAD51;FEN1;SAC3D1;SUPT4H1;POLD3;SMAD5;LIG1;PRIM1;TYMS;POLR3GL;RFC3,0.027750027750027752,0.0321316110789795,True,True,True,True,concordant_negative
Mareckova_E-MTAB-14039,Venous,HALLMARK_E2F_TARGETS,197,-0.32191220537580423,-1.5171395100582572,0.0015290519877675841,EED;CCNE1;AK2;TFRC;RAD1;NUP153;TRIP13;SRSF2;KPNA2;POLA2;MCM4;MLH1;WEE1;RANBP1;RFC2;BARD1;MELK;RAD51C;BRCA1;RAN;MCM2;PAICS;USP1;TUBB;POP7;TIMELESS;HMGA1;MCM7;ORC6;CKS1B;ATAD2;POLE4;SHMT1;E2F8;ASF1B;DSCC1;WDR90;MYBL2;TCF19;CDK1;RAD51AP1;CTPS1;UBE2T;MCM3;PRDX4;DUT;SPC25;DCTPP1;TK1;RPA3;MAD2L1;RRM2;CENPM;PCNA,0.009004141905276427,0.011689070718877849,True,True,Huang_GSE214411,198,-0.52055139758867,-2.6774011589208557,0.003663003663003663,PAICS;RPA2;SHMT1;RPA1;MELK;CKS1B;TRIP13;CDK1;PSIP1;GINS1;RFC1;PA2G4;CCNE1;SPAG5;RPA3;POLE;RFC2;TCF19;NAA38;ASF1B;SUV39H1;ING3;CDC25A;CTCF;MAD2L1;DNMT1;MCM6;SMC3;TMPO;LBR;MCM3;SPC24;CDC25B;MCM5;RAD21;RACGAP1;PRIM2;CDCA3;MYBL2;BARD1;CHEK1;BUB1B;HMGB3;HMGB2;UNG;ESPL1;RAD50;USP1;SPC25;UBE2T;PLK4;CHEK2;RRM2;CENPM;TK1;MRE11;AURKA;CDK4;CDC20;CBX5;KIF22;AURKB;ATAD2;TIMELESS;RNASEH2A;MMS22L;TACC3;NCAPD2;HELLS;PLK1;DIAPH3;CDKN3;SMC4;RAD51AP1;CCNB2;CENPE;DEPDC1;POLD3;STMN1;DSCC1;LIG1;BIRC5;KIF18B;ORC6;PTTG1;KIF2C;TOP2A;E2F8;HMMR;CDCA8;MKI67;BRCA1;KIF4A;BRCA2;MXD3;GINS4;DLGAP5;RFC3;CIT;CDKN2C,0.006105006105006105,0.007631257631257632,True,True,True,True,concordant_negative
Mareckova_E-MTAB-14039,Venous,HALLMARK_EPITHELIAL_MESENCHYMAL_TRANSITION,168,-0.2579578545249327,-1.195877194359446,0.12439418416801293,LAMA3;BGN;MXRA5;SNTB1;VCAN;THBS1;WNT5A;TGFB1;TNFRSF12A;MCM7;VEGFA;FUCA1;PMP22;CD44;NT5E;VCAM1;FSTL3;PDLIM4;SGCB;CAPG;TNFRSF11B;MSX1;TFPI2;CXCL12;SGCD;PMEPA1;MMP2;MGP,0.22435120058210037,0.22659022659022657,True,True,Huang_GSE214411,181,0.44353165833023334,2.0594096146088905,0.0013774104683195593,PLAUR;TNFRSF12A;THBS1;MMP14;SERPINE1;TIMP3;PVR;IL32;PDLIM4;EMP3;TNFRSF11B;TPM4;ENO2;PTHLH;FERMT2;SDC4;IGFBP3;CCN1;ITGAV;FSTL3;PLOD2;DPYSL3;LOXL2;FLNA;GADD45A;VIM;FSTL1;COLGALT1;RHOB;FZD8;CCN2;VEGFC;QSOX1;CD44;MSX1;SERPINH1;CXCL8;LAMC1;TAGLN;ABI3BP;VEGFA;GEM;TGFB1;AREG;NT5E;ITGA5;CD59;LAMC2;TNFAIP3;MMP1;CXCL1;GJA1;SAT1;MMP2;FAS;CADM1;COPA;ID2,0.0030525030525030525,0.006809090135330666,True,True,False,True,discordant
Mareckova_E-MTAB-14039,Venous,HALLMARK_ESTROGEN_RESPONSE_EARLY,153,-0.3837171652985597,-1.7481759524531921,0.0016181229773462784,JAK2;SEMA3B;NADSYN1;TPBG;AR;RHOD;MYBL1;SLC37A1;GLA;TPD52L1;NXT1;TOB1;NCOR2;AMFR;RHOBTB3;RAB31;GREB1;ABCA3;CHPT1;IGF1R;MYOF;OPN3;NBL1;SLC2A1;SLC16A1;UNC119;FDFT1;ZNF185;DHRS3;FKBP4;AKAP1;SCNN1A;SIAH2;BAG1;BLVRB;FOXC1;ELF3;LRIG1;STC2;CLIC3;PMAIP1;SFN;XBP1;ISG20L2;SLC1A1;CD44;FKBP5;PRSS23;NAV2;CLDN7;CELSR1;CXCL12;MPPED2;KRT18;PDLIM3;KRT8;WWC1;FHL2;KRT19;MUC1,0.009004141905276427,0.011689070718877849,True,True,Huang_GSE214411,174,0.4707571026929388,2.1556338828539405,0.001349527665317139,KLK10;THSD4;FLNB;B4GALT1;TOB1;SLC2A1;AQP3;FASN;PRSS23;HSPB8;PODXL;MYOF;PMAIP1;KRT18;SIAH2;DLC1;FKBP4;PDLIM3;RARA;SLC7A5;DHCR7;ABHD2;XBP1;CELSR1;SFN;NCOR2;STC2;SEC14L2;GLA;EGR3;ITPK1;MED13L;KRT8;CD44;LRIG1;INHBB;SYBU;RRP12;MICB;NAV2;CLDN7;KLF4;CYP26B1;AREG;FRK;AFF1;FDFT1;ELOVL5;GJA1;CHPT1;SLC19A2;KRT19;MREG;NBL1;MAST4;KLF10;KRT15;NXT1;MUC1;SH3BP5;FHL2;IL6ST;TIPARP;ELF3;TJP3;BHLHE40;ISG20L2;RAB17;AMFR;DYNLT3;ELF1;FOS;INPP5F;OVOL2;SCARB1;MPPED2;RBBP8;IGF1R;CCND1;ABCA3,0.0030525030525030525,0.006809090135330666,True,True,False,True,discordant
Mareckova_E-MTAB-14039,Venous,HALLMARK_ESTROGEN_RESPONSE_LATE,145,-0.467215078431018,-2.1156482394527676,0.0015625,IMPA2;PERP;JAK2;SEMA3B;TPBG;IDH2;MEST;DUSP2;GLA;TPD52L1;NXT1;TOB1;DNAJC1;XRCC3;SERPINA1;NCOR2;AMFR;PKP3;SORD;RAB31;ABCA3;LAMC2;CHPT1;ETFB;MYOF;AGR2;OPN3;COX6C;NBL1;ID2;SERPINA5;STIL;SLC16A1;FABP5;FDFT1;ALDH3A2;FKBP4;SCNN1A;SIAH2;CDH1;BAG1;BLVRB;FOXC1;GINS2;CLIC3;ACOX2;DLG5;SFN;XBP1;SLC29A1;TSPAN13;LLGL2;CD44;MAPK13;HPRT1;FKBP5;HOMER2;PRSS23;SCUBE2;EMP2;BTG3;TFPI2;CXCL12;CD9;CKB;PDLIM3;KRT19;ST14,0.009004141905276427,0.011689070718877849,True,True,Huang_GSE214411,165,0.391431372933991,1.7839038645952459,0.0013245033112582781,CD9;CAV1;KLK10;FLNB;TOB1;SGK1;PRSS23;HSPB8;UGDH;MYOF;DUSP2;SIAH2;ATP2B4;FKBP4;HPRT1;PDLIM3;CCNA1;SLC7A5;ISG20;DHCR7;LLGL2;ABHD2;XBP1;SFN;NCOR2;GAL;GLA;EGR3;ITPK1;CD44;TNNC1;NAB2;MICB;KLF4;CYP26B1;AREG;FRK;ST14;LAMC2;PERP;AFF1;FDFT1;ELOVL5;CHPT1;BTG3;ALDH3A2;EMP2;KRT19;ID2;NBL1;NXT1;HOMER2,0.0030525030525030525,0.006809090135330666,True,True,False,True,discordant
Mareckova_E-MTAB-14039,Venous,HALLMARK_FATTY_ACID_METABOLISM,127,-0.4342813249421735,-1.923240672530201,0.001607717041800643,GLUL;ECI1;GSTZ1;AUH;SDHC;PTS;GCDH;ADSL;CBR1;LTC4S;ACADS;AADAT;SUCLA2;MDH2;ALDOA;ODC1;HSPH1;ECI2;IDH3G;D2HGDH;ALDH9A1;CPT2;HSD17B7;S100A10;ALDH3A2;PCBD1;SDHA;RDH11;NTHL1;HADH;IDH1;PRDX6;GRHPR;IDI1;INMT;HADHB;MAOA;MDH1;SUCLG1;BCKDHB;ERP29;HCCS;ACSM3;LDHA;ECHS1;ACSL5;CBR3;G0S2,0.009004141905276427,0.011689070718877849,True,True,Huang_GSE214411,134,0.2904157387314852,1.289009562892636,0.07391304347826087,S100A10;ENO2;FASN;UGDH;DHCR24;ACSL4;HMGCS1;HSPH1;ALDOA;CRYZ;HSP90AA1;DLST;IDI1;VNN1;ACADVL;PTS;ADIPOR2;SERINC1;SMS;ELOVL5;MGLL;IL4I1;SDHD;ACSL1;ALDH3A2;LDHA;ACSL5;MCEE;HSD17B4;SDHA;YWHAH;ACSM3;RDH11;CA2,0.0947603121516165,0.10712035286704476,True,True,False,True,discordant
Mareckova_E-MTAB-14039,Venous,HALLMARK_G2M_CHECKPOINT,191,-0.1573745025723724,-0.7473764220041301,0.9737274220032841,FBXO5;RAD54L;RAD23B;SMC2;FANCC;SRSF2;DMD;KPNA2;POLA2;SQLE;ORC5;STIL;ODC1;SRSF10;BARD1;EXO1;POLQ;MTF2;MCM2;SAP30;TGFB1;GINS2;HMGA1;ORC6;CKS1B;MYBL2;CDK1;MCM3;CDC45;MAD2L1;HSPA8,0.9737274220032841,0.9810855637312685,False,False,Huang_GSE214411,192,-0.4429936033778127,-2.285195281945999,0.0036363636363636364,EFNA5;UBE2C;CBX1;CDC45;POLE;NSD2;SUV39H1;CDC25A;CTCF;CASP8AP2;MEIS2;MAD2L1;MCM6;DBF4;NEK2;PML;TMPO;INCENP;E2F1;LBR;EXO1;MCM3;CHAF1A;CDC7;CDC25B;BUB3;MCM5;CENPA;GINS2;RAD21;RACGAP1;PRIM2;RBL1;MYBL2;BARD1;CHEK1;HMGB3;ESPL1;STIL;FBXO5;TROAP;PLK4;KIF23;AURKA;CDK4;CDC20;BUB1;KIF22;AURKB;DTYMK;CDC6;MTF2;TACC3;TRAIP;HMGN2;PLK1;KIF20B;SMC2;KIF11;CDKN3;SMC4;CCNB2;CENPE;TTK;POLQ;NDC80;STMN1;PBK;PRC1;CCNF;NUSAP1;CCNA2;BIRC5;E2F2;ORC6;PTTG1;KIF2C;TOP2A;CENPF;HMMR;KNL1;KIF15;MKI67;TPX2;KIF4A;BRCA2;CDKN2C,0.006105006105006105,0.007631257631257632,True,True,True,False,not_significant_in_both
Mareckova_E-MTAB-14039,Venous,HALLMARK_GLYCOLYSIS,163,-0.38599362948278726,-1.7793788186166108,0.0015873015873015873,GOT1;GUSB;MDH2;ALDOA;EGFR;ENO1;ALDH9A1;PGM2;HS2ST1;IER3;CLDN3;EXT1;BPNT1;SAP30;SOD1;PFKP;FKBP4;ALDH7A1;VCAN;CTH;TALDO1;B4GALT4;ELF3;STC2;IDH1;PKM;VEGFA;MDH1;CD44;CDK1;POLR3K;NT5E;AK4;AKR1A1;PYGL;B4GALT7;LDHA;CHPF;CYB5A;MET;PGK1;GMPPB;SDC2;DDIT4;PGAM1;PKP2,0.009004141905276427,0.011689070718877849,True,True,Huang_GSE214411,174,0.3642388087825054,1.6678782182370318,0.002699055330634278,ANGPTL4;B4GALT1;PPP2CB;ENO2;EGLN3;ERO1A;IGFBP3;P4HA1;HSPA5;TXN;ARPP19;PLOD2;ENO1;AK4;FKBP4;HK2;ALDOA;P4HA2;ISG20;CITED2;STC1;GFPT1;SDC3;UGP2;PFKP;CXCR4;STC2;CTH;PSMC4;QSOX1;CD44;RRAGD;SLC16A3;CYB5A;HOMER1;PRPS1;CLDN3;VEGFA;NT5E;PGM2;PKP2;SLC35A3;EXT1;AGRN;IER3;VLDLR;PGK1;PDK3;SPAG4;LDHA;DSC2;PAM;XYLT2;ME2;IRS2;FAM162A;GLRX,0.004819741661846924,0.006876574090787969,True,True,False,True,discordant
Mareckova_E-MTAB-14039,Venous,HALLMARK_HEDGEHOG_SIGNALING,28,-0.3126091539818674,-1.040266477477487,0.40601503759398494,NRCAM;VEGFA;ADGRG1;CELSR1,0.5342303126236644,0.5272922566155649,False,False,Huang_GSE214411,28,0.34212668310196437,1.1661936911212862,0.2487644151565074,MYH9;TLE3;ADGRG1;ETS2;CELSR1;VEGFA;VLDLR,0.29069767441860467,0.3071165619216141,False,False,False,False,not_significant_in_both
Mareckova_E-MTAB-14039,Venous,HALLMARK_HEME_METABOLISM,154,-0.21144977969761292,-0.9678667755651753,0.5596026490066225,ALDH6A1;DMTN;SLC10A3;SLC25A38;SELENBP1;C3;NEK7;ABCB6;TFRC;SLC25A37;ERMAP;CTSB;ABCG2;IGSF3;SLC2A1;ISCA1;GDE1;YPEL5;PSMD9;LAMP2;RCL1;GLRX5;HTRA2;MKRN1;SLC66A2;PRDX2;MFHAS1;BLVRB;SLC30A1;LMO2;NARF;TENT5C;MGST3;BNIP3L;BPGM;UCP2,0.6359121011438892,0.6602981109222684,False,False,Huang_GSE214411,161,0.28073383765089543,1.2853279046759678,0.07745504840940526,MAP2K3;SLC2A1;AQP3;TFRC;TOP1;GCLM;ELL2;AGPAT4;SLC25A37;ATP6V0A1;SLC10A3;PICALM;P4HA2;KHNYN;SDCBP;HDGF;MINPP1;SMOX;YPEL5;MFHAS1;BCAM;ADIPOR1;PPP2R5B;NEK7;RBM38;BNIP3L;CDR2;CAST;SIDT2;MOCOS;OSBP2;PDZK1IP1;BPGM;LAMP2;OPTN;UCP2;CLIC2;MYL4;FBXO7;CA2;BACH1;RNF19A;RAD23A;MARK3;RIOK3;TMEM9B;TNS1;CTSB;CDC27;BTG2;RCL1;MKRN1;USP15;TENT5C;GCLC;ADD2;SLC22A4;DCUN1D1;ICAM4;GAPVD1,0.09681881051175657,0.11065006915629323,True,True,False,False,not_significant_in_both
Mareckova_E-MTAB-14039,Venous,HALLMARK_HYPOXIA,162,-0.29471219719450426,-1.3651609351151028,0.0165016501650165,PLIN2;TGFBI;DUSP1;EFNA3;IDS;RRAGD;PRDX5;CAVIN3;JMJD6;HK1;TPBG;FAM162A;GAPDH;PPP1R15A;CCN1;ZNF292;UGP2;LOX;SELENBP1;TPI1;PDK3;SDC4;GBE1;GALK1;NDST2;DDIT3;SLC2A1;ERO1A;BTG1;ALDOA;EGFR;HEXA;ENO1;PGM2;NAGK;IER3;TPD52;EXT1;SAP30;RORA;PFKP;BGN;CSRP2;SIAH2;GAA;STBD1;PGF;SLC25A1;ANXA2;STC2;PFKL;GRHPR;PGM1;VEGFA;AK4;BNIP3L;LDHA;TPST2;PGK1;CP;SDC2;DDIT4,0.05893446487505892,0.04889377826671555,True,True,Huang_GSE214411,171,0.5538662831873277,2.552204017358505,0.001388888888888889,PLAUR;SERPINE1;CAV1;ADM;ANGPTL4;SLC2A1;GBE1;ENO2;NDRG1;HMOX1;JMJD6;MYH9;ERO1A;IDS;PFKFB3;ETS1;ERRFI1;SDC4;IGFBP3;CCN1;NEDD4L;AKAP12;P4HA1;SIAH2;HSPA5;ENO1;AK4;HK2;PRKCA;ALDOA;P4HA2;F3;ISG20;CITED2;STC1;SDC3;UGP2;CDKN1C;PFKP;GPI;CXCR4;KLF6;STC2;CAVIN1;CCN2;KDM3A;PDGFB;MT2A;RRAGD;HK1;VEGFA;KLF7;TES;GCNT2;PGM2;PDK1;TNFAIP3;EXT1;IER3;VLDLR;PGK1;PLIN2;PDK3;BNIP3L;ANXA2;PPP1R15A;PIM1;LDHA;TGFB3;ACKR3;MAFF;PAM;EFNA1;PGF;ATF3;IRS2;FAM162A;GLRX;NFIL3;TIPARP;TPD52;BHLHE40;MT1E;NDST2;FOS;PYGM;PGM1;FOSL2;ALDOC,0.0030525030525030525,0.006809090135330666,True,True,False,True,discordant
Mareckova_E-MTAB-14039,Venous,HALLMARK_IL2_STAT5_SIGNALING,154,-0.257378138108617,-1.1780941507169975,0.14735099337748345,RABGAP1L;GBP4;ARL4A;SNX9;ODC1;RNH1;UMPS;CTSZ;PNP;EEF1AKMT1;DHRS3;GSTO1;RORA;ALCAM;GALM;TTC39B;LRIG1;CDCP1;XBP1;ITGAE;CDC42SE2;SLC39A8;CD44;NT5E;CAPG;ANXA4;RGS16;IKZF2;SELP;MUC1,0.23197525597269622,0.2562625971782321,True,False,Huang_GSE214411,173,0.4789284326913761,2.1752302957697704,0.001310615989515072,PRNP;AHNAK;TNFRSF18;CSF1;IL2RB;PLEC;NDRG1;MAPKAPK2;SPRY4;SNX9;PNP;PLAGL1;CD83;SPRED2;EMP1;ITGAV;IL4R;P4HA1;DENND5A;IL18R1;MXD1;BMP2;NOP2;WLS;CD48;HK2;TNFRSF4;SNX14;CDC42SE2;XBP1;PHLDA1;CDKN1C;LTB;KLF6;RHOB;ADAM19;FURIN;CD44;LRIG1;RRAGD;CKAP4;LIF;GLIPR2;TNFRSF9;CYFIP1;PUS1;IRF6;CDCP1;IGF2R;NT5E;SLC1A5;LRRC8C;CST7;PLIN2;MAP3K8;PIM1;SWAP70;CASP3;LCLAT1;CCND2;IRF8;MAFF;IFNGR1;MUC1;SOCS1;TNFRSF21;CAPG;NCOA3;TTC39B;BCL2L1;NFIL3;TWSG1;UCK2;BHLHE40;CA2;SH3BGRL2;SMPDL3A;RABGAP1L;AHR;POU2F1;IGF1R;PRKCH;MYO1C;CTSZ,0.0030525030525030525,0.006809090135330666,True,True,False,True,discordant
Mareckova_E-MTAB-14039,Venous,HALLMARK_IL6_JAK_STAT3_SIGNALING,53,0.22536860602009867,0.8961725807832727,0.6641975308641975,CD36;LTB;IRF1;STAT2;LTBR;OSMR;A2M;FAS,0.7178688808164678,0.7359529427858145,False,False,Huang_GSE214411,65,0.5346982779529781,2.1128259235642743,0.0015151515151515152,TNFRSF12A;CD9;CSF1;HMOX1;IL1B;IL4R;IL2RG;IL18R1;IFNGR2;PTPN11;CCL7;TNF;LTB;CD44;TYK2;TGFB1;PTPN1;CXCL1;MAP3K8;FAS;PIM1;CBL;IFNGR1;IL15RA;SOCS1;TNFRSF21;IL6ST;STAT3;CXCL3;PTPN2,0.0030525030525030525,0.006809090135330666,True,True,True,False,not_significant_in_both
Mareckova_E-MTAB-14039,Venous,HALLMARK_INFLAMMATORY_RESPONSE,118,0.22664701871920348,1.0409961378790753,0.345679012345679,CCL2;ICAM1;IRF1;PTPRE;HAS2;OSMR;GCH1;TLR3;RASGRP1;PSEN1;LY6E;CDKN1A;EIF2AK2;IRF7;TNFRSF9;CD70;TAPBP;NFKB1;SCARF1;STAB1;TLR1;SLC31A2;PTAFR;HIF1A;LCP2;RNF144B;EDN1;MXD1,0.48010973936899864,0.4726572575082325,False,False,Huang_GSE214411,146,0.5799750495251235,2.6041092917789195,0.0013869625520110957,PLAUR;SGMS2;MMP14;SERPINE1;ADM;PVR;SPHK1;IRAK2;EMP3;ATP2A2;CSF1;CD69;IL2RB;CCL20;PTPRE;HRH1;RGS1;PDE4B;ATP2B1;NFKB1;GCH1;RELA;IL1B;CD70;ICOSLG;IL4R;IL18R1;SLC7A1;MXD1;CD55;IFNGR2;ABI1;CD48;CCL2;GPR183;CCL7;GNAI3;F3;RAF1;CD82;HBEGF;SCARF1;LCK;ATP2C1;KLF6;SEMA4D;CCL5;KCNJ2;CXCL8;LDLR;LIF;TNFRSF9;HIF1A;TAPBP;KIF1B;FZD5;ITGA5;RIPK2;IL18,0.0030525030525030525,0.006809090135330666,True,True,True,False,not_significant_in_both
Mareckova_E-MTAB-14039,Venous,HALLMARK_INTERFERON_ALPHA_RESPONSE,90,0.3191425693067301,1.435615057066444,0.010471204188481676,IFITM2;IFITM3;IRF2;IFI44L;SP110;ELF1;IRF1;STAT2;CNP;NUB1;TRIM5;TRIM25;LY6E;PNPT1;EIF2AK2;HERC6;IRF7;USP18;SAMD9;TRIM21;IFIH1;EPSTI1;CMTR1;MX1;PARP14;NCOA7;ISG15;IFIT3;RSAD2;SAMD9L;TRIM14;BATF2;TRAFD1;MOV10;OAS1;IL4R,0.04027386226339106,0.033507853403141365,True,True,Huang_GSE214411,94,-0.235138620386671,-1.0869759137424264,0.26490066225165565,TRIM5;OASL;UBA7;IL7;EIF2AK2;C1S;UBE2L6;OGFR;TXNIP;TRAFD1;CMTR1;IFI35;LPAR6;HERC6;PARP9;PSMB9;SELL;MVB12A;PSMB8;GBP4;IFI44;TMEM140;NUB1;PARP12;LY6E;SAMD9;RTP4,0.30102347983142685,0.3226560673369184,False,False,False,False,not_significant_in_both
Mareckova_E-MTAB-14039,Venous,HALLMARK_INTERFERON_GAMMA_RESPONSE,164,0.24824644284215924,1.2010374202074536,0.10649350649350649,IFITM2;CCL2;MTHFD2;MT2A;IFITM3;OAS3;ICAM1;IRF2;MX2;IFI44L;SP110;C1R;IRF1;STAT2;TRIM25;GCH1;LY6E;PNPT1;FAS;IL18BP;CDKN1A;OAS2;EIF2AK2;HERC6;IRF7;USP18;TAPBP;TNFAIP3;NFKB1;TRIM21;XAF1;TNFAIP2;IFIH1;STAT1;EPSTI1;NLRC5,0.20479520479520477,0.20487986589681503,True,True,Huang_GSE214411,179,0.2960048479305175,1.3490949844285471,0.028846153846153848,CD69;IL2RB;PDE4B;GZMA;PNP;NFKB1;GCH1;IL4R;HLA-DQA1;SPPL2A;CCL2;CCL7;XCL1;ISG20;PFKP;LATS2;UPP1;MT2A;CCL5;MTHFD2;TAP1;HIF1A;TAPBP;TNFAIP2;RIPK2;PELI1;TNFAIP3;PTPN1;PNPT1;PTGS2;FAS;CASP7;PIM1;CASP3;SOD2;IRF8;MVP;IRF7;IL15RA;SOCS1;BPGM;NUP93;NCOA3;LAP3;NLRC5;SRI;HLA-DRB1;VCAM1;ICAM1;STAT3;PLA2G4A;NFKBIA;PTPN2;PSMB10,0.041208791208791215,0.04709576138147566,True,True,True,True,concordant_positive
Mareckova_E-MTAB-14039,Venous,HALLMARK_KRAS_SIGNALING_DN,65,0.22707636867449066,0.9462321949147009,0.5427251732101617,CLSTN3;KCNMB1;IFI44L;PDE6B;IDUA;STAG3;COQ8A;THNSL2;ADRA2C;EDN1;MX1;RIBC2;TCF7L1;RSAD2;SGK1;YPEL1;ASB7;CCDC106;SLC16A7;SPHK2;ENTPD7;SPTBN2;ZNF112,0.6310757828025135,0.6492644382106683,False,False,Huang_GSE214411,88,-0.1749899384782212,-0.8020112338091243,0.8642384105960265,PDE6B;EPHA5;BARD1;DLK2;DTNB;PDK2;RYR2;COPZ2;MAST3;SLC25A23,0.8642384105960265,0.884131366338646,False,False,False,False,not_significant_in_both
Mareckova_E-MTAB-14039,Venous,HALLMARK_KRAS_SIGNALING_UP,132,-0.2870036432853367,-1.2827667553043645,0.07479674796747968,RBM4;VWA5A;PRELID3B;DNMBP;TRIB1;NAP1L2;RABGAP1L;CTSS;GADD45G;ERO1A;SPON1;ID2;LY96;GALNT3;DUSP6;DCBLD2;MALL;PEG3;IGF2;BIRC3;TSPAN13;FUCA1;PLAT;MPZL2;SLPI;TSPAN1;BPGM;MAP7;SCN1B;MAFB;RGS16;PIGR;G0S2;PCSK1N,0.15669515669515668,0.16384271099744244,True,True,Huang_GSE214411,154,0.39621138640971587,1.7838050958945102,0.0014064697609001407,PLAUR;ANO1;KCNN4;ANGPTL4;ALDH1A3;CCL20;ERO1A;GNG11;MPZL2;ETS1;EMP1;PLAU;IL1B;ADAM17;IGFBP3;AKAP12;IL2RG;DNMBP;BMP2;F2RL1;TRIB1;MYCN;LCP1;HBEGF;PLAT;GPRC5B;USP12;PRELID3B;CXCR4;SPRY2;LIF;MTMR10;KLF4;ANKH;TSPAN7;MALL;PECAM1;TNFAIP3;GALNT3;PTGS2;PPP1R15A;CTSS;ID2;IL7R;CCND2;IRF8;CBL;BPGM;YRDC;TOR1AIP2;GLRX;GADD45G;FCER1G;TSPAN1;KIF5C;CA2;ETV5;RABGAP1L;MAFB;ITGA2,0.0030525030525030525,0.006809090135330666,True,True,False,True,discordant
Mareckova_E-MTAB-14039,Venous,HALLMARK_MITOTIC_SPINDLE,196,0.2672664974238562,1.3350608891602562,0.021164021164021163,RAPGEF5;RFC1;PXN;WASF1;FGD4;NET1;EPB41L2;STAU1;ARHGDIA;MYO9B;EPB41;CENPF;PREX1;LRPPRC;HOOK3;ECT2;MYH10;CSNK1D;NCK1;CDC42EP4;DLGAP5;EZR;RACGAP1;CCDC88A;MYH9;ARHGEF2;ARAP3;TOP2A;MAP1S;DYNLL2;SUN2;RASAL2;KATNB1;RHOF;ITSN1;RASA2;TPX2;SPTBN1;WASF2;CKAP5;MYO1E;BCAR1;ARHGEF7;BUB1;ABI1;APC;LLGL1;SSH2;YWHAE;ARHGEF3;ARHGAP5;ARHGAP10;ARHGEF12,0.07054673721340388,0.06046863189720333,True,True,Huang_GSE214411,197,0.2716427155982102,1.2676092083081139,0.06605019815059446,VCL;FLNB;SUN2;ACTN4;EZR;MYH9;BCAR1;ARF6;TRIO;NEDD9;CTTN;MAPRE1;PDLIM5;LLGL1;ABI1;GSN;FLNA;RHOF;PAFAH1B1;SYNPO;SPTBN1;ARL8A;SSH2;ARHGEF11;CLIP2;AKAP13;CDC42BPA;CAPZB;RAPGEF5;SPTAN1;CYTH2;NCK2;MYO9B;MID1IP1;PCGF5;DOCK4;KIF1B;ARHGDIA;NET1;CDC42;CDC42EP4;PPP4R2;FSCN1;HOOK3;CSNK1D;DYNC1H1;ARHGAP27;ARHGEF2;STK38L;PXN;BCR;RASA2;ARHGEF7;RANBP9,0.08690815546130849,0.09665700096657,True,True,True,True,concordant_positive
Mareckova_E-MTAB-14039,Venous,HALLMARK_MTORC1_SIGNALING,190,-0.3339460722302497,-1.5655517467520341,0.0015600624024961,LGMN;TFRC;SORD;RAB1A;FDXR;ATP6V1D;GBE1;QDPR;SERP1;MCM4;DDIT3;SLC2A1;ERO1A;PSMD13;INSIG1;SQLE;PSMB5;GOT1;CTSC;PSMG1;ALDOA;HSPE1;ENO1;PSMD14;PNP;CACYBP;ACSL3;COPS5;MCM2;PHGDH;CTH;RDH11;PSPH;EEF1E1;BCAT1;PFKL;IDH1;NFKBIB;SEC11A;XBP1;FKBP2;PGM1;IDI1;IFI30;ATP2A2;SDF2L1;TM7SF2;PPA1;HPRT1;AK4;PSMA3;LDHA;PSMC2;EBP;TUBA4A;DHFR;PGK1;HMGCR;RRM2;DDIT4;CD9,0.009004141905276427,0.011689070718877849,True,True,Huang_GSE214411,196,0.5153116136545535,2.3961253127076736,0.001375515818431912,CD9;MAP2K3;ATP2A2;ACSL3;SLC2A1;GSR;TFRC;GBE1;EGLN3;IFRD1;ERO1A;DHCR24;CACYBP;PNP;PSMD12;SQSTM1;ACTR3;UFM1;HSPA4;P4HA1;HSPE1;INSIG1;HMGCS1;ATP6V1D;HSPA5;HSPA9;PLOD2;EDEM1;ENO1;AK4;ETF1;SCD;HSP90B1;PITPNB;HPRT1;HK2;ALDOA;SLC7A5;CYP51A1;DHCR7;RPN1;ACTR2;NFKBIB;STC1;CORO1A;XBP1;IDI1;STIP1;GPI;CXCR4;CTH;TRIB3;PPA1;GLA;USO1;PSMC4;ADIPOR2;HMGCR;SLA;SERPINH1;LDLR;MTHFD2;ACACA;ACLY;SQLE;TES;CANX;LGMN;SLC1A5;PDK1;ELOVL5;HSPD1;VLDLR;RAB1A;PGK1;NUP205;PPP1R15A;LDHA;RIT1;YKT6;GSK3B;SDF2L1;PSMD14;GLRX;STARD4;UBE2D3;TXNRD1;CALR;NFIL3,0.0030525030525030525,0.006809090135330666,True,True,False,True,discordant
Mareckova_E-MTAB-14039,Venous,HALLMARK_MYC_TARGETS_V1,195,-0.304428917573739,-1.4356400773648472,0.00778816199376947,AP3S1;SNRPD1;ILF2;HNRNPA1;PSMA2;CSTF2;SNRPD3;RPS2;RPS5;RAD23B;SRSF2;NDUFAB1;CCT4;PSMB3;KPNA2;RPS3;MCM4;YWHAQ;VDAC1;LSM2;EIF4A1;MRPL9;PSMB2;RANBP1;ODC1;HSPE1;TUFM;PSMD14;CCT2;CLNS1A;EEF1B2;SRSF3;RAN;COPS5;MCM2;USP1;RFC4;PSMD8;PRPF31;MCM7;SNRPA1;SLC25A3;PRDX3;TYMS;U2AF1;VDAC3;TCP1;PSMD7;HPRT1;CTPS1;PRDX4;LDHA;DUT;HDDC2;CDC45;PGK1;MAD2L1;RPS10;PCNA,0.03454947484798231,0.02832058906825262,True,True,Huang_GSE214411,195,0.3330567975804044,1.5605989465725252,0.004189944134078212,EIF4G2;GSPT1;IFRD1;HSPE1;DDX21;ETF1;TCP1;PABPC4;HPRT1;EIF4E;HSP90AB1;SRSF2;RAD23B;PCBP1;TFDP1;XPOT;YWHAQ;HDGF;SRSF1;DHX15;PSMC4;G3BP1;EIF4A1;RNPS1;DDX18;CCT4;HNRNPA2B1;EIF2S1;CCT2;EIF1AX;HNRNPR;CCT5;CANX;CTPS1;EIF4H;PTGES3;HSPD1;SYNCRIP;PGK1;PRDX3;NME1;SF3A1;HNRNPA3;LDHA;C1QBP;PRPS2;PSMD14;HNRNPC;HNRNPU;RANBP1;UBE2E1;VDAC1;UBA2;TRIM28;YWHAE;XRCC6;GNL3;SSB;SNRPA1;PSMD3;HDAC2;EIF2S2;PSMC6;CSTF2;SNRPG;GLO1;AP3S1;SRSF7;EIF3J;ABCE1;TARDBP;ERH;CUL1;MYC;CCT7;SNRPB2;SET;ILF2;SRSF3;CYC1;NOLC1;AIMP2;NDUFAB1;RPL14;CCT3,0.006757974409803568,0.008683822039540337,True,True,False,True,discordant
Mareckova_E-MTAB-14039,Venous,HALLMARK_MYC_TARGETS_V2,55,-0.3242831154771965,-1.240046062759282,0.14846416382252559,TBRG4;RABEPK;PLK1;LAS1L;DUSP2;MRTO4;NOP2;WDR74;MPHOSPH10;SORD;IPO4;MCM4;HSPE1;NDUFAF4;RCL1;TCOF1;BYSL;TFB2M;DCTPP1;NIP7,0.23197525597269622,0.25708080315588844,True,False,Huang_GSE214411,56,0.27665875322706024,1.062226024467282,0.3520900321543408,DUSP2;HSPE1;NOP2;HK2;TFB2M;PPRC1;DDX18;RRP12;PUS1;HSPD1;IPO4,0.39121114683815644,0.4130088353716608,False,False,False,False,not_significant_in_both
Mareckova_E-MTAB-14039,Venous,HALLMARK_MYOGENESIS,126,-0.22843652675806658,-1.0056564187592334,0.451559934318555,FGF2;DMD;PLXNB2;ITGB4;GPX3;CDH13;COX7A1;BDKRB2;MYL6B;CHRNB1;GABARAPL2;NOTCH1;GAA;KLF5;BAG1;TGFB1;IGFBP7;STC2;GSN;SPHK1;FKBP1B;NAV2;TCAP;FHL1;COL15A1;TSC2;SGCD;CKB,0.5789229927160962,0.5752355851191784,False,False,Huang_GSE214411,138,0.3696663882136988,1.6421501925006088,0.001394700139470014,PRNP;SPHK1;CNN3;MYH9;IFRD1;FHL1;HSPB8;CDH13;IGFBP3;KIFC3;GSN;SCD;BDKRB2;MEF2D;TPM3;HBEGF;STC2;FLII;CLU;TNNC1;SPTAN1;SORBS1;NAV2;TAGLN;EIF4A2;WWTR1;ATP6AP1;TGFB1;AGRN;KLF5;TNNT1;LPIN1;ACSL1;MEF2C;DAPK2;RIT1;PDLIM7;GABARAPL2;ITGB4;MYL4;FOXO4;BHLHE40;SCHIP1;PYGM;MRAS;LSP1;NOTCH1;SIRT2;CDKN1A;MYO1C;DMD;FST,0.0030525030525030525,0.006809090135330666,True,True,False,False,not_significant_in_both
Mareckova_E-MTAB-14039,Venous,HALLMARK_NOTCH_SIGNALING,31,-0.3333413826007865,-1.1091417105260402,0.3107638888888889,RBX1;FZD5;DLL1;JAG1;SAP30;NOTCH1;WNT5A;SKP1;ST3GAL6,0.44394841269841273,0.4441154700222058,False,False,Huang_GSE214411,32,0.314163943549738,1.056267073787553,0.41216216216216217,DLL1;PRKCA;FZD7;PSENEN;FZD5;FZD1;SKP1;PPARD;NOTCH1;CCND1;KAT2A;RBX1;CUL1;ST3GAL6;TCF7L2,0.4480023501762632,0.47648804874238404,False,False,False,False,not_significant_in_both
Mareckova_E-MTAB-14039,Venous,HALLMARK_OXIDATIVE_PHOSPHORYLATION,200,-0.41037860501286455,-1.9626311881374845,0.001589825119236884,IDH2;ATP6AP1;NDUFV2;MRPS15;NDUFB2;MRPS22;NDUFB4;NDUFS4;ALDH6A1;CYB5R3;NDUFS2;MTX2;TCIRG1;OXA1L;ETFA;ECI1;PDP1;NDUFS6;SDHC;TIMM10;ETFB;DLAT;ATP6V1D;COX4I1;BDH2;TIMM50;COX6C;POR;NDUFAB1;TIMM13;NDUFB3;UQCRFS1;VDAC1;ISCA1;SUCLA2;MRPS12;UQCRC2;MDH2;ATP6V1C1;ATP5PO;NDUFB8;ATP5F1A;TOMM22;IDH3G;NDUFS3;ATP6V0E1;ATP6V1F;MRPL11;PHYH;ALAS1;CYCS;LDHB;SDHA;HTRA2;NDUFA5;SLC25A11;NDUFB5;SLC25A5;IDH1;NDUFC2;NDUFV1;SLC25A3;PRDX3;MRPL15;HADHB;NDUFA4;VDAC3;COX7A2;ATP5MC3;MDH1;VDAC2;ATP6V1G1;COX7A2L;MGST3;SUCLG1;HCCS;LDHA;NDUFA9;ATP6V0B;ECHS1;CYB5A;ISCU,0.009004141905276427,0.011689070718877849,True,True,Huang_GSE214411,199,0.27024169627829225,1.2747463700627293,0.0407055630936228,OGDH;COX17;ATP6V1H;ATP6V1D;HSPA9;CYCS;ATP1B1;ALAS1;OAT;DLST;MFN2;GPI;NDUFB6;VDAC2;ACADVL;SLC25A4;NDUFA5;GLUD1;CYB5A;ETFA;ATP6AP1;SDHB;DLAT;NDUFB3;SDHD;PRDX3;PHYH;TIMM17A;NDUFA1;FDX1;CASP7;ATP6V1G1;LDHA;MRPS22;NDUFC2;IDH3A;CS;SDHA;ATP5F1B;GRPEL1;AIFM1;MAOB;OPA1;VDAC1;PDHX;NDUFC1;COX6C;PDP1;MTRR;ATP5PD;COX7B;POR;ATP5F1E;IDH1;SUCLA2;PDK4;CYB5R3;HADHB;ATP5MF;NDUFB4;FH;CYC1;NDUFV2;ATP6V0E1;NDUFAB1;MRPS30;COX7A2;RHOT1,0.05534544783691541,0.0637441733841516,True,True,False,True,discordant
Mareckova_E-MTAB-14039,Venous,HALLMARK_P53_PATHWAY,173,-0.3533002970577587,-1.634589561642294,0.0031201248049922,AEN;RACK1;CASP1;IRAK1;PERP;SOCS1;WRAP73;MKNK2;TXNIP;FAM162A;NOL8;CD81;PPP1R15A;AK1;TPD52L1;ZFP36L1;TOB1;IER5;ADA;VWA5A;SERTAD3;CD82;FDXR;PHLDA3;PLXNB2;ITGB4;DDIT3;CDH13;RNF19B;BTG1;RPS12;STOM;TAX1BP3;BAIAP2;DRAM1;RAD51C;IER3;CTSF;ABHD4;S100A10;NOTCH1;LDHB;HINT1;RAD9A;TGFB1;CGRRF1;RAB40C;PLK3;SFN;UPP1;SLC3A2;EPS8L2;IFI30;TM7SF3;PROCR;FUCA1;SPHK1;TRIAP1;TM4SF1;VAMP8;F2R;EI24;ISCU;DDIT4;RGS16;PCNA;ST14,0.015600624024960999,0.016640665626625067,True,True,Huang_GSE214411,184,0.41385340306491414,1.9160724884214866,0.0013245033112582781,HEXIM1;RNF19B;S100A10;EPHA2;SPHK1;PDGFA;TOB1;PTPN14;PTPRE;NDRG1;HMOX1;ZFP36L1;IER5;CDH13;TSPYL2;RAP2B;MXD1;BMP2;TM4SF1;GADD45A;CSRNP2;CD82;HBEGF;SFN;ABHD4;PLK3;CCNK;RRAD;TRIB3;PITPNC1;UPP1;RALGDS;DNTTIP2;INHBB;LIF;TAP1;SLC3A2;OSGIN1;ADA;KLF4;PPM1D;TGFB1;ST14;MKNK2;PERP;IER3;SAT1;SLC19A2;FAS;PPP1R15A;STOM;CDKN2B;CCND2;ATF3;SOCS1;TSC22D1;BAIAP2;FAM162A,0.0030525030525030525,0.006809090135330666,True,True,False,True,discordant
Mareckova_E-MTAB-14039,Venous,HALLMARK_PANCREAS_BETA_CELLS,14,-0.5664800455828292,-1.5445276628256264,0.04735883424408015,SRPRB;SEC11A;LMO2;SPCS1;MAFB,0.11839708561020036,0.11550935181482963,True,True,Huang_GSE214411,15,-0.25170813882124565,-0.7593277395260187,0.8242894056847545,SEC11A;ISL1;LMO2;CHGA,0.8411116384538312,0.8559494190956609,False,False,True,False,not_significant_in_both
Mareckova_E-MTAB-14039,Venous,HALLMARK_PEROXISOME,87,-0.31198813224633315,-1.3033244553927976,0.07521367521367521,ECI2;ALDH9A1;CDK7;DHRS3;SOD1;SIAH1;RDH11;SLC25A19;IDH1;ITGB1BP1;TSPO;IDI1;SLC25A17;PEX2;ABCD1;CTPS1;SCP2;ACSL5;CLN8,0.15669515669515668,0.16384271099744244,True,True,Huang_GSE214411,89,0.23445684624370228,0.976556903894616,0.5074404761904762,DHCR24;SLC23A2;ACSL4;IDI1;SLC25A4;PEX5;DLG4;CTPS1;ELOVL5;CDK7;SIAH1;ACSL1;CADM1;SOD2;SLC35B2;ACSL5;MVP;BCL10;HSD17B4;YWHAH;CTBP1;RDH11;ACOX1;ERCC1;IDE;SCP2;ITGB1BP1;PRDX5;ABCB1;IDH1,0.5285838293650793,0.5607077084977637,False,False,False,False,not_significant_in_both
Mareckova_E-MTAB-14039,Venous,HALLMARK_PI3K_AKT_MTOR_SIGNALING,91,-0.18161643187595666,-0.7562425510105844,0.9249592169657422,ACTR2;PRKAG1;AP2M1;IRAK4;MAP2K6;MKNK2;TBK1;E2F1;ARPC3;ATF1;YWHAB;TNFRSF1A;PIN1;PPP2R1B;MAPK1;DDIT3;SLC2A1;EGFR;TRAF2;PLA2G12A;PPP1CA;NFKBIB;SFN;CDK1;TSC2;THEM4,0.9438359356793289,0.9438189314621382,False,False,Huang_GSE214411,94,0.47784963497531063,2.009812448301236,0.0014285714285714286,MAP2K3;SLC2A1;AKT1;SQSTM1;ACTR3;IL2RG;PLCB1;CAB39;ARF1;HSP90B1;UBE2N;PTPN11;MAPK1;RAF1;EIF4E;ACTR2;NFKBIB;SFN;SMAD2;CXCR4;LCK;TRIB3;SLA;PPP2R1B;ACACA;ATF1;RALB;ARHGDIA;MKNK2;PDK1;CLTC;PAK4;ARPC3;RIT1;GSK3B,0.0030525030525030525,0.006809090135330666,True,True,False,False,not_significant_in_both
Mareckova_E-MTAB-14039,Venous,HALLMARK_PROTEIN_SECRETION,93,-0.2113284009191293,-0.892721733373484,0.6747967479674797,PPT1;SSPN;GBF1;ATP1A1;AP2M1;AP2S1;ICA1;GLA;LMAN1;CLTA;VAMP3;AP3S1;TMED2;SNX2;MAPK1;TMX1;CTSC;GOSR2;EGFR;LAMP2;CLN5;ARFIP1;TPD52;SOD1;YIPF6;TOM1L1;RAB2A;BNIP3;CD63;KRT18,0.7178688808164678,0.7456317657099223,False,False,Huang_GSE214411,94,0.49577990860189153,2.0852263117815575,0.0014285714285714286,CAV2;ATP1A1;ARCN1;KRT18;ADAM10;ATP6V1H;ARF1;BNIP3;SEC24D;MAPK1;OCRL;AP1G1;ARFGAP3;GLA;USO1;IGF2R;KIF1B;RAB9A;TMED10;NAPG;CD63;CLTC;TMED2;RAB22A;ARFGEF2;LMAN1;PAM;YKT6;TOM1L1;LAMP2;GNAS;RAB2A;NAPA;TPD52;COPB1;ATP6V1B1;DNM1L;STX12;SEC31A;STX7;AP3S1;SEC22B;SNAP23;COPB2;SGMS1,0.0030525030525030525,0.006809090135330666,True,True,False,False,not_significant_in_both
Mareckova_E-MTAB-14039,Venous,HALLMARK_REACTIVE_OXYGEN_SPECIES_PATHWAY,47,-0.317370591867926,-1.1599409273589232,0.23529411764705882,NDUFA6;LAMTOR5;CAT;PRDX1;SELENOS;FTL;EGLN2;TXN;JUNB;GPX4;ERCC2;NDUFB4;MBP;NDUFS2;MGST1;ATOX1;GPX3;HMOX2;HHEX;STK25;SOD1;PFKP;PRDX2;CDKN2D;PRDX6;PRDX4,0.35650623885918004,0.36199095022624433,False,False,Huang_GSE214411,47,0.5147812680962451,1.908472191675029,0.001669449081803005,PRNP;GSR;ABCC1;GCLM;SCAF4;TXN;PDLIM1;PFKP;TXNRD2;OXSR1;CDKN2D;HMOX2;SELENOS;MBP;SOD2;GLRX;TXNRD1;GLRX2;LAMTOR5;MGST1;LSP1;PTPA;GCLC;STK25;SOD1;NDUFB4;JUNB,0.0030915723737092683,0.006809090135330666,True,True,False,False,not_significant_in_both
Mareckova_E-MTAB-14039,Venous,HALLMARK_SPERMATOGENESIS,67,-0.3312442546419293,-1.3266456495090517,0.06070826306913996,ARL4A;PSMG1;RPL39L;CHFR;PGS1;RFC4;TALDO1;VDAC3;TSN;CDK1;PEBP1;MAP7;HSPA2;PCSK1N,0.1443997990959317,0.1445434834979523,True,True,Huang_GSE214411,77,-0.26125046960979514,-1.1680610638887106,0.18082191780821918,CDK1;VDAC3;SCG5;RAD17;RFC4;SEPTIN4;COIL;DBF4;NEK2;CAMK4;RPL39L;NCAPH;POMC;OAZ3;PARP2;AURKA;BUB1;PHF7;CDKN3;CCNB2;TTK;KIF2C;GMCL1,0.22051453391246242,0.22961513372472278,True,True,True,True,concordant_negative
Mareckova_E-MTAB-14039,Venous,HALLMARK_TGF_BETA_SIGNALING,52,-0.37966541538764204,-1.4418248041996657,0.03350970017636684,ID3;WWTR1;KLF10;PPP1R15A;BMPR2;NCOR2;SKI;RAB31;IFNGR2;TGIF1;ID2;SMAD7;FNTA;FKBP1A;CDH1;THBS1;PPP1CA;TGFB1;ID1;SMAD6;PMEPA1,0.09225902820490291,0.08935920047031158,True,True,Huang_GSE214411,53,0.5609578199083872,2.135228834968926,0.0015873015873015873,THBS1;SERPINE1;SMAD3;NOG;SKI;SMAD7;TGFBR1;IFNGR2;BMP2;SLC20A1;SMURF2;SPTBN1;CDKN1C;NCOR2;SMURF1;TGIF1;FURIN;WWTR1;TGFB1;SKIL;PPM1A;PPP1R15A;ID2;KLF10;CTNNB1;CDH1;UBE2D3;HDAC1;RHOA,0.0030525030525030525,0.006809090135330666,True,True,False,True,discordant
Mareckova_E-MTAB-14039,Venous,HALLMARK_TNFA_SIGNALING_VIA_NFKB,157,-0.21379803473713432,-0.9875274443390489,0.48575949367088606,TRIB1;IFNGR2;STAT5A;SDC4;TGIF1;RCAN1;LITAF;RNF19B;ID2;BTG1;DRAM1;IER3;JAG1;DUSP4;PHLDA2;PDLIM5;EIF1;NR4A2;FOSB;SPSB1;BIRC3;VEGFA;SPHK1;CD44;FJX1;RIPK2;BTG3;TUBB2A;PMEPA1;CEBPB;G0S2,0.5923896264279098,0.6004350090371595,False,False,Huang_GSE214411,185,0.7074251428929175,3.2640529664227507,0.0013404825737265416,PLAUR;RNF19B;SERPINE1;PHLDA2;TUBB2A;EHD1;MAP2K3;SPHK1;FOSL1;B4GALT1;SMAD3;RELB;CSF1;CD69;SGK1;CCL20;SERPINB8;PTPRE;FOSB;B4GALT5;DUSP4;PDE4B;ATP2B1;PLPP3;BCL2A1;IER5;CD83;PFKFB3;SQSTM1;NFKB1;PDLIM5;GCH1;RELA;SDC4;PLAU;IL1B;CCN1;ICOSLG;DUSP2;DENND5A;MXD1;DNAJB4;IFNGR2;BMP2;F2RL1;TRIB1;KYNU;BIRC2;CCL2;EGR1;GADD45A;GPR183;SLC16A6;F3;NFKBIE;EGR2;ZC3H12A;SPSB1;ETS2;HBEGF;TNF;PHLDA1;EIF1;NFKB2;KLF6;RHOB;TGIF1;TANK;EGR3;CD44;CCL5;TNIP1;NR4A1;LDLR;LIF;CEBPB;STAT5A;TAP1;TNFRSF9;KLF4;VEGFA;TNFAIP2;DUSP5;GEM;AREG;RIPK2;IL18;LITAF;TNFAIP3;PLEK;SIK1;IER3;PTGS2;CXCL1;SAT1;KDM6B;RCAN1;BTG3;MAP3K8;NR4A2;BCL3;PPP1R15A;CLCF1;NR4A3;ID2;IL7R;SOD2;KLF10;MCL1;ACKR3;MAFF;EFNA1;ATF3;IL15RA;IRS2;TSC22D1;YRDC;PANX1;PTX3;NFE2L2;IL6ST;NFIL3;TIPARP;TNFSF9;BHLHE40;SNN;LAMB3;ICAM1;CCL4;NFKBIA,0.0030525030525030525,0.006809090135330666,True,True,False,False,not_significant_in_both
Mareckova_E-MTAB-14039,Venous,HALLMARK_UNFOLDED_PROTEIN_RESPONSE,106,-0.2769605393458672,-1.1979170544514044,0.141396933560477,SLC30A5;SERP1;WIPI1;ERO1A;EIF4A1;GOSR2;MTREX;PDIA6;ATP6V0D1;GEMIN4;STC2;CKS1B;SRPRB;SEC11A;XBP1;VEGFA;HERPUD1;SPCS1;TUBB2A;LSM4;DDIT4;CEBPB;DNAJB9,0.23197525597269622,0.249157592177052,True,True,Huang_GSE214411,107,0.545183224701212,2.3510812811868305,0.001519756838905775,TUBB2A;YWHAZ;HERPUD1;KHSRP;ERO1A;EIF4G1;HYOU1;EIF4A3;ATF4;TSPYL2;EIF2AK3;BAG3;HSPA5;HSPA9;EDEM1;HSP90B1;DNAJA4;CCL2;ERN1;ATF6;SLC7A5;EIF4E;XBP1;XPOT;PDIA6;STC2;CHAC1;SRPRA;EIF4A1;DNAJC3;MTHFD2;EIF2S1;CEBPB;EIF4A2;CEBPG;VEGFA;NFYA;DNAJB9;EXOC2;DCP1A;SLC30A5;ALDH18A1;NABP1;CNOT2;WIPI1;ATF3;SPCS3;FUS;CALR,0.0030525030525030525,0.006809090135330666,True,True,False,True,discordant
Mareckova_E-MTAB-14039,Venous,HALLMARK_UV_RESPONSE_DN,136,0.22871340750337282,1.0755634823581983,0.27918781725888325,RND3;SNAI2;KIT;YTHDC1;KCNMA1;MT1E;LAMC1;PIK3R3;CACNA1A;TGFBR2;APBB2;SCHIP1;HAS2;PRKAR2B;ADD3;SCN8A;SIPA1L1;MAPK14;ARHGEF9;BMPR1A;NFKB1;DAB2;TJP1;CDKN1B;FYN;ZMIZ1;TENT4A;INPP4B;RASA2;MRPS31;NR3C1;PRKCE;ATRN;IRS1;DBP;SYNE1,0.4105703194983577,0.41208533912750295,False,False,Huang_GSE214411,137,0.39193210522289496,1.7233714786154544,0.001445086705202312,CELF2;SERPINE1;CAV1;SMAD3;DDAH1;TENT4A;ATP2B1;PLPP3;ABCC1;NFKB1;PDLIM5;CCN1;SMAD7;INSIG1;SLC7A1;RUNX1;MTA1;ATP2B4;DLC1;SYNE1;PRKCA;F3;RND3;CITED2;PRKCE;ATP2C1;ADGRL2;CDC42BPA;LDLR;LAMC1;PTPRM;GRK5;MGLL;NEK7;VLDLR;GJA1;ANXA2;DYRK1A;SYNJ2;RASA2;PMP22;AKT3;FHL2;SRI;KCNMA1;BHLHE40;MT1E;PRDM2;MAP1B,0.0030525030525030525,0.006809090135330666,True,True,True,False,not_significant_in_both
Mareckova_E-MTAB-14039,Venous,HALLMARK_UV_RESPONSE_UP,134,-0.2974990865886811,-1.3498967306063618,0.030100334448160536,CEBPG;DNAJA1;PPP1R2;AMD1;RHOB;CHRNA5;CYB5R1;CCNE1;PDAP1;TFRC;NPTXR;DNAJB1;GPX3;HSPA13;BTG1;ATP6V1C1;ALDOA;MGAT1;ATP6V1F;RAB27A;CLTB;STK25;ALAS1;FKBP4;TMBIM6;RFC4;FOSB;MAOA;NAT1;EPCAM;FEN1;CREG1;BTG3;SPR;MSX1;TUBA4A;HSPA2;PDLIM3,0.08853039543576628,0.08135225526529875,True,True,Huang_GSE214411,141,0.47398288348456874,2.0987469454067256,0.0013831258644536654,MMP14;HSPA2;AQP3;TFRC;GLS;FOSB;DNAJA1;ENO2;HMOX1;SQSTM1;GCH1;DDX21;BMP2;FKBP4;AMD1;PDLIM3;ALDOA;ALAS1;RPN1;CHKA;GRINA;CDKN1C;STIP1;TMBIM6;AGO2;NPTX2;RRAD;RHOB;GAL;SLC25A4;FURIN;PRKCD;MSX1;PPP1R2;NR4A1;DLG4;EPCAM;TAP1;CREG1;CEBPG;DNAJB1;NUP58;NXF1;BTG3;FGF18;CASP3;SOD2;CDKN2B;POLG2;YKT6;ATF3;HNRNPU;IL6ST;GRPEL1;CDC5L;CLTB;ICAM1;CA2;NFKBIA;HSPA13;FOS,0.0030525030525030525,0.006809090135330666,True,True,False,True,discordant
Mareckova_E-MTAB-14039,Venous,HALLMARK_WNT_BETA_CATENIN_SIGNALING,38,0.26021438381283124,0.9516744867163444,0.5275779376498801,MAML1;NUMB;DKK1;ADAM17;PPARD;TP53;SKP2;CCND2,0.6280689733927145,0.6375564201207011,False,False,Huang_GSE214411,38,0.3255750768918337,1.1473347736767154,0.25,ADAM17;DLL1;CSNK1E;NCOR2;FZD8;AXIN1;NCSTN;CCND2;FZD1;CTNNB1;PPARD;HDAC2;NOTCH1;DVL2;KAT2A;CUL1;MYC,0.29069767441860467,0.3076923076923077,False,False,True,False,not_significant_in_both
Mareckova_E-MTAB-14039,Venous,HALLMARK_XENOBIOTIC_METABOLISM,135,-0.367333103627255,-1.651937938179868,0.0016181229773462784,LCAT;COMT;DHPS;PTS;ACOX3;CBR1;ALDH2;ATOH8;POR;DDT;SAR1B;SERTAD1;ID2;CYP27A1;ALDH9A1;DDAH2;PTGDS;GSTO1;PDLIM5;ALAS1;TMBIM6;NFS1;PGRMC1;ADH5;BLVRB;PYCR1;BCAT1;IDH1;ACOX2;UPP1;HES6;ATP2A2;MAOA;DHRS7;SLC35B1;ESR1;PINK1;HPRT1;SPINT2;CSAD;CNDP2;CYB5A;PTGR1,0.009004141905276427,0.011689070718877849,True,True,Huang_GSE214411,143,0.3821475815973081,1.70769005280217,0.0013736263736263737,SERPINE1;EPHA2;ATP2A2;GSR;HMOX1;BCAR1;UGDH;PDLIM5;GCH1;SLC12A4;ARPP19;KYNU;HSD17B2;HPRT1;ALAS1;ETS2;TMBIM6;VNN1;SMOX;PTS;UPP1;NPC1;MT2A;COMT;SERTAD1;CYB5A;SPINT2;CNDP2;GCNT2;SLC1A5;PTGES3;ELOVL5;ACOX3;FAS;ID2;MCCC2;IRF8;CYP26A1;LCAT;ARG2;DHRS1;SLC35B1;CA2;PPARD;PSMB10;CYP27A1;MAN1A1;ACOX1;TGFB2,0.0030525030525030525,0.006809090135330666,True,True,False,True,discordant
Mareckova_E-MTAB-14039,ePV_2,HALLMARK_ADIPOGENESIS,178,-0.274685512268119,-1.2992483228382947,0.04512635379061372,MYLK;ACADM;MCCC1;CHUK;PHLDB1;SORBS1;LPL;PFKL;PPM1B;ATP5PO;GPD2;NABP1;ACADS;RAB34;NDUFB7;DLAT;TALDO1;OMD;NDUFS3;IDH3A;ETFB;G3BP2;SLC19A1;ATP1B3;FAH;FZD4;DECR1;CMPK1;MRPL15;GADD45A;CD151;PRDX3;ELMOD3;COQ9;CAVIN2;MIGA2;COL4A1;DLD;SUCLG1;COQ3;NDUFAB1;ATL2;COQ5;GHITM;MTCH2;ARL4A;MGST3;DNAJC15;GBE1,0.25070196550340956,0.11352541834116658,False,True,Huang_GSE214411,182,0.2559118140970996,1.1932150359897962,0.11838006230529595,GADD45A;HSPB8;PFKFB3;YWHAG;REEP5;ANGPTL4;ALDOA;UBQLN1;SPARCL1;IDH3A;CHUK;CMPK1;UBC;SOWAHC;CAVIN1;PIM3;PRDX3;GBE1;DLAT;DNAJB9;SDHB;COL15A1;DNAJC15;POR;PLIN2;GPX4;ATL2;PPM1B;IFNGR1;NDUFAB1;SLC1A5;PGM1;CHCHD10;BCL2L13;CD151;GRPEL1;ESRRA;GPHN;APOE;ACLY;RNF11;ESYT1;ARAF;FAH;PTGER3;TANK;ABCA1;AK2;LIFR;TKT;PEMT;NDUFA5;TOB1;AGPAT3;SORBS1;MDH2;VEGFB;SLC5A6;CYC1;ACO2;SOD1;SCARB1;RIOK3;SCP2;MRPL15;APLP2,0.14797507788161993,0.15784008307372793,True,True,False,False,not_significant_in_both
Mareckova_E-MTAB-14039,ePV_2,HALLMARK_ALLOGRAFT_REJECTION,95,0.2745846527136242,1.2121655730876095,0.14349775784753363,CXCL13;IRF7;SRGN;HLA-DMA;CDKN2A;CD74;TPD52;STAT1;GBP2;CCND2;APBB1;RPL39;IL15;CAPG;EIF5A;EIF3J;MTIF2,0.34166132820841344,0.2517504523640941,False,False,Huang_GSE214411,105,0.5156246651175657,2.2354797796736166,0.0016750418760469012,IL11;TGFB1;NPM1;IRF8;AKT1;F2R;EGFR;ABCE1;LIF;TGFB2;UBE2N;DYRK3;BCAT1;CCL2;SOCS5;CSF1;SOCS1;RPL39;EIF3D;MRPL3;RPL9;IFNGR2;UBE2D1;C2;NME1;RIPK2;GZMB;EIF5A;EIF3J;IFNGR1;IL1B;RPS3A;ICAM1;CCND2;RPS19;BCL10;DEGS1;ELF4;ICOSLG;IL27RA;TAP2;CD40;TAP1;HIF1A;GZMA;IL4R;ETS1,0.004036815759728726,0.006809090135330666,True,True,True,False,not_significant_in_both
Mareckova_E-MTAB-14039,ePV_2,HALLMARK_ANDROGEN_RESPONSE,89,-0.1964836653910622,-0.8397114403496367,0.8010752688172043,RAB4A;XRCC5;TSC22D1;SGK1;ACSL3;ACTN1;NGLY1;SAT1;UAP1;ALDH1A3;STK39;FKBP5;UBE2J1;CENPN;SLC38A2;CDK6;MERTK;TMEM50A;VAPA;SEC24D;GNAI3;PTPN21;B2M;UBE2I;PGM3;ABCC4;APPBP2;TNFAIP8;MYL12A;AKAP12;SMS;IDI1;STEAP4,0.8707339878447872,0.8410239042700307,False,False,Huang_GSE214411,89,0.4691590169112518,2.007728604482543,0.0016313213703099511,UAP1;RRP12;SMS;RPS6KA3;NDRG1;ACTN1;SAT1;ACSL3;ELL2;AKT1;AKAP12;SPCS3;ITGAV;ALDH1A3;SRP19;PTPN21;LMAN1;SGK1;PGM3;VAPA;ANKH;DNAJB9;B4GALT1;INSIG1;ADRM1;HMGCS1;IDI1;ELOVL5;SEC24D;ABHD2,0.004036815759728726,0.006809090135330666,True,True,False,False,not_significant_in_both
Mareckova_E-MTAB-14039,ePV_2,HALLMARK_ANGIOGENESIS,26,0.242197045129463,0.8189299373879331,0.7600849256900213,FSTL1;CCND2;VEGFA;VAV2;POSTN;STC1,0.8637328701022969,0.8122946475887652,False,False,Huang_GSE214411,28,0.4298645870856842,1.4327836864311971,0.06468531468531469,VEGFA;LRPAP1;FGFR1;STC1;ITGAV;MSX1;FSTL1;COL5A2;CCND2;VAV2;THBD;COL3A1;POSTN;TIMP1,0.08511225616488774,0.0951254627725216,True,True,True,False,not_significant_in_both
Mareckova_E-MTAB-14039,ePV_2,HALLMARK_APICAL_JUNCTION,140,0.2304126633258417,1.0784662689164153,0.3032258064516129,CALB2;TGFBI;SDC3;ZYX;PPP2R2C;SRC;LAYN;INSIG1;GTF2F1;CNN2;BAIAP2;VAV2;B4GALT1;SYMPK;CDH1;NF2;HADH;IRS1;BMP1;IKBKG;CNTN1;TAOK2;TJP1;CTNND1;ITGA3;EGFR;DHX16;MDK;PLCG1;RHOF;CD34;MMP9;NRXN2;CDH11;NLGN2;FLNC;EXOC4;ITGA9;SHC1;CX3CL1;MPZL2;FBN1;WASL,0.5053763440860215,0.4378712006521486,False,False,Huang_GSE214411,145,0.3132158965349294,1.4255542048283425,0.021207177814029365,FLNC;FSCN1;ACTN1;NRXN2;EGFR;BAIAP2;NF2;ADAM9;CD276;SDC3;ITGA3;NLGN2;VCL;ITGA9;B4GALT1;INSIG1;TIAL1;MMP2;MYL12B;AKT3;ACTB;ACTG1;ARPC2;ZYX;ICAM1;NECTIN1;MYH9;TGFBI;VASP;LAYN;ACTN4;PCDH1;PKD1;MDK;PARVA;PFN1;MAPK13;MPZL2;SIRPA;VAV2;PBX2;CDK8;CAP1;CX3CL1;ACTG2;MSN;TRAF1;SRC;JAM3,0.03029596830575624,0.036251586006887805,True,True,True,False,not_significant_in_both
Mareckova_E-MTAB-14039,ePV_2,HALLMARK_APICAL_SURFACE,28,0.4074111864296874,1.3674489474834608,0.09502262443438914,HSPB1;AKAP7;EFNA5;B4GALT1;FLOT2;CX3CL1;MDGA1;NTNG1;LYN;AFAP1L2;GAS1;TMEM8B;APP,0.29694570135746606,0.19004524886877827,False,True,Huang_GSE214411,28,-0.213661316100904,-0.7221295133902065,0.8744186046511628,FLOT2;AKAP7;AFAP1L2;BRCA1;SHROOM2,0.8744186046511628,0.8877346240113329,False,False,False,False,not_significant_in_both
Mareckova_E-MTAB-14039,ePV_2,HALLMARK_APOPTOSIS,130,-0.2257123569497116,-1.0426359056035603,0.3462214411247803,ANXA1;NEDD9;MGMT;ROCK1;TSPO;TAP1;SOD2;TGFB2;TIMP3;BCL2L11;TGFBR3;FDXR;IGFBP6;GADD45A;VDAC2;WEE1;BID;CASP6;RHOB;SMAD7;PMAIP1;BTG2;CD44;FEZ1;CAV1;GADD45B,0.539485766758494,0.4726572575082325,False,False,Huang_GSE214411,135,0.4725949594870477,2.128093722449563,0.0017123287671232876,EMP1;TNFRSF12A;GADD45A;RARA;SMAD7;PPP3R1;EGR3;SLC20A1;LGALS3;PEA15;SAT1;PLAT;F2R;TIMP3;SQSTM1;DAP;PMAIP1;TGFB2;DNAJA1;BTG3;HMOX1;BCAP31;IGFBP6;IER3;TIMP2;ETF1;CDKN1A;LMNA;CASP7;ANKH;DAP3;GADD45B;ANXA1;CD44;MMP2;GPX4;VDAC2;ENO2;IFNGR1;IL1B;CCND2;BCL10;MCL1;WEE1;GSN;GSR;BMP2;CTNNB1;RHOB;RELA;CLU;TAP1;HGF;BCL2L2;DNAJC3;ATF3;PLPPR4;CD14;BCL2L1;TIMP1;BTG2;BID;DCN;PDGFRB;BNIP3L;TGFBR3;SOD1;FAS;ISG20;NEFH;PSEN2;CAV1;CYLD;PPP2R5B;SOD2;CASP9,0.004036815759728726,0.006809090135330666,True,True,False,False,not_significant_in_both
Mareckova_E-MTAB-14039,ePV_2,HALLMARK_BILE_ACID_METABOLISM,74,0.22650469537356413,0.965060956173793,0.5193965517241379,FADS2;DHCR24;PEX6;ACSL5;ABCA2;ABCA1;PFKM;ABCA9;PEX12;CYP46A1;CYP7B1;PAOX;SLC35B2;PECR;HSD3B7;RXRA;ATXN1;SLC23A2;PEX26;ABCD1;ALDH1A1;FADS1;ABCA8;ABCD2,0.665893015030946,0.6295715778474399,False,False,Huang_GSE214411,75,-0.2595196265127514,-1.1142092101097048,0.25790754257907544,RBP1;MLYCD;PECR;CAT;ABCD2;CROT;RXRG;EFHC1;PEX1;FADS1;FDXR;AR;RETSAT;PEX11G;NUDT12,0.30703278878461365,0.31645097248966314,False,False,False,False,not_significant_in_both
Mareckova_E-MTAB-14039,ePV_2,HALLMARK_CHOLESTEROL_HOMEOSTASIS,67,0.24722459295569815,1.0313370420266608,0.3916849015317287,FADS2;ALDOC;SCD;CLU;ALCAM;CTNNB1;DHCR7;ABCA2;PLSCR1;TP53INP1;SREBF2;SEMA3B;ECH1;TMEM97,0.5634736493205171,0.5120064072310179,False,False,Huang_GSE214411,67,0.3541751128803078,1.4385456878728093,0.02711864406779661,TNFRSF12A;ERRFI1;PLAUR;ANXA5;LGALS3;FASN;CHKA;CD9;CPEB2;LGMN;ACTG1;HMGCS1;IDI1;FABP5;CXCL16;CYP51A1;CTNNB1;STX5;LSS;CLU;SREBF2;SCD;TRIB3;ATF3,0.03664681630783326,0.04445679355376493,True,True,True,False,not_significant_in_both
Mareckova_E-MTAB-14039,ePV_2,HALLMARK_COAGULATION,84,0.2898554119918985,1.2578783043433117,0.11751662971175167,APOC1;CTSV;SERPINE1;MMP14;CLU;SERPING1;CPQ;MST1;MMP11;CTSK;C1R;TFPI2;CAPN5;MMP15;CTSB;HTRA1;USP11;BMP1;CTSO;C3;FURIN;C1S;P2RY1;CASP9;CTSH;MMP7;ITGB3;MMP9,0.31810294968189706,0.21965725179766665,False,True,Huang_GSE214411,85,0.5492773402015053,2.316954160700243,0.0016750418760469012,SERPINE1;PRSS23;F3;THBS1;CSRP1;PLAT;FN1;TIMP3;FYN;CAPN2;APOC1;MMP14;MMP10;CTSB;KLK8;S100A13;ARF4;GNB2;CD9;ADAM9;CTSH;ANXA1;C2;F10;DUSP14;MMP2;LGMN;LAMP2;F2RL2;WDR1;PLAU;FURIN;LRP1,0.004036815759728726,0.006809090135330666,True,True,True,False,not_significant_in_both
Mareckova_E-MTAB-14039,ePV_2,HALLMARK_COMPLEMENT,133,-0.20886047061364643,-0.9691389980490689,0.5138121546961326,MAFF;GPD2;CPM;VCPIP1;GNAI3;SH2B3;C2;LAP3;SIRT6;HSPA5;DOCK4;DOCK10;PLAUR;GNG2;GCA;RABIF;EHD1;CALM1;F10;CSRP1;XPNPEP1;GNB4;TNFAIP3;FDX1;NOTCH4;F3;FN1,0.665893015030946,0.6246956288098877,False,False,Huang_GSE214411,141,0.44762785631298896,2.0443676853824666,0.0015455950540958269,SERPINE1;PLAUR;F3;CXCL1;ANXA5;LGALS3;CSRP1;PLAT;FN1;FYN;APOC1;MMP14;LAP3;CTSB;FDX1;S100A13;TIMP2;DYRK2;PIM1;GNB2;ADAM9;DUSP5;CASP7;CD55;EHD1;CTSH;F5;C2;F10;LGMN;GZMB;PPP2CB;LAMP2;HSPA5;KCNIP3;CTSL;RAF1;LRP1;XPNPEP1;PFN1;CEBPB;SH2B3;PPP4C;HSPA1A;ZEB1;PIK3CA;PREP;CLU;CALM1;GMFB;TFPI2;GZMA;MAFF,0.004036815759728726,0.006809090135330666,True,True,False,False,not_significant_in_both
Mareckova_E-MTAB-14039,ePV_2,HALLMARK_DNA_REPAIR,144,-0.2510047926513179,-1.1636880062485835,0.16928446771378708,VPS28;POLR1D;TAF12;NELFB;TMED2;NME1;DAD1;POLR2E;POLR2C;VPS37B;AGO4;SAC3D1;NCBP2;POLE4;BCAM;POLR3GL;HPRT1;ZWINT;TSG101;GTF2H5;MPC2;NELFCD;NT5C;TYMS;GTF2B;MRPL40;RFC4;RPA3;ADA,0.36607142857142855,0.2829654782116582,False,False,Huang_GSE214411,144,-0.17202941976374575,-0.8292970716493595,0.8473684210526315,GTF2H3;ERCC4;POLD4;FEN1;RPA3;RFC2;POLD3;NPR2;RAD51;POLR2I;ERCC3;POLR2J;SNAPC4;ADCY6;TK2;TARBP2;ZWINT;GSDME;POLL;DCTN4;AK3;RFC4;VPS28;UPF3B;XPC;TYMS;BCAM;HCLS1;POLA2;RFC3;POLH;DDB2;AK1;POLA1;PRIM1;POLR3GL;POLD1;LIG1;SURF1,0.8646616541353384,0.8735756918068367,False,False,True,False,not_significant_in_both
Mareckova_E-MTAB-14039,ePV_2,HALLMARK_E2F_TARGETS,197,-0.21162261987778608,-1.013116779281519,0.41404805914972276,POP7;UBE2S;CDC20;DUT;HMGB3;HMGB2;UNG;TUBB;NASP;RPA2;PRDX4;DLGAP5;SLBP;TCF19;RAN;NUP153;DCTPP1;CKS1B;MRE11;CKS2;SPC25;MLH1;MCM5;RAD51C;XPO1;CTPS1;UBE2T;TIMELESS;ORC6;JPT1;NME1;TUBG1;RBBP7;NOLC1;PTTG1;NCAPD2;SRSF2;EED;WEE1;POLE4;CCNE1;CCNB2;TRIP13;EXOSC8;CDKN3;HMMR;MAD2L1;RNASEH2A;RPA3;KPNA2,0.5750667488190594,0.5359845425886379,False,False,Huang_GSE214411,198,-0.4104835063151299,-2.0854969243542865,0.002840909090909091,TUBG1;RPA3;CBX5;NASP;RFC2;TK1;CCP110;EZH2;POLD3;CDC20;TOP2A;ESPL1;ORC2;HELLS;MCM4;MAD2L1;PSMC3IP;DNMT1;SPC24;CHEK1;MCM5;HNRNPD;TACC3;GINS1;E2F8;CTCF;MRE11;STMN1;CDK1;DIAPH3;USP1;TIPIN;ATAD2;KIF4A;UBE2T;ZW10;RRM2;DSCC1;NCAPD2;PSIP1;PLK4;RNASEH2A;TUBB;ING3;NAA38;CDKN3;CENPE;DEPDC1;MXD3;HMGB3;SMC1A;AURKB;LMNB1;BUB1B;TIMELESS;POLA2;PLK1;CDC25B;RFC3;BARD1;MYBL2;TMPO;PAN2;BRCA1;SMC3;MELK;ASF1B;SMC4;CENPM;TCF19;MCM3;ORC6;BIRC5;POLD1;GINS3;LIG1;RAD51AP1;AURKA;CDKN2C;CIT;SPC25;KIF2C;GINS4;CCNB2;RAD21;MKI67;BRCA2;CDCA8;HMMR;MMS22L;DLGAP5,0.0053676865271068165,0.006962818548948615,True,True,True,False,not_significant_in_both
Mareckova_E-MTAB-14039,ePV_2,HALLMARK_EPITHELIAL_MESENCHYMAL_TRANSITION,178,0.23213913574013012,1.1336942611784488,0.18303571428571427,TGFBI;SFRP4;FMOD;SERPINE1;MMP14;COLGALT1;SFRP1;GJA1;FBLN2;SLC6A8;ITGB5;FSTL1;TGM2;VEGFA;QSOX1;TFPI2;EDIL3;FGF2;SGCD;SNAI2;SNTB1;IL15;FAP;MATN2;HTRA1;CAPG;COL5A1;MEST;COL1A1;BMP1;LAMA1;CDH2;PLOD1;IGFBP4;POSTN;SDC1;FBN2;CCN1;SLIT3;GPC1;GLIPR1;NNMT;ITGB3;ANPEP;PTHLH;BDNF;COL1A2;CDH11;PDGFRB;COL5A2;FBLN5;BGN;ELN;COL6A2;ECM2;FBN1;IGFBP3;PCOLCE,0.36607142857142855,0.2976190476190476,False,False,Huang_GSE214411,183,0.5123643565303345,2.399026221792109,0.0015772870662460567,VEGFA;TNC;FGF2;TNFRSF12A;CCN2;SERPINE1;CRLF1;GADD45A;PDLIM4;TGFB1;SDC4;ITGA5;PLAUR;EMP3;CXCL1;THBS1;THBS2;TGM2;SAT1;RGS4;LOXL2;FN1;TIMP3;MMP14;QSOX1;ITGAV;COL12A1;GPC1;VIM;PFN2;CTHRC1;COL6A3;SERPINE2;VEGFC;ID2;FOXC2;CALU;DPYSL3;MSX1;GLIPR1;CXCL8;GADD45B;CD44;LOXL1;IGFBP3;SLC6A8;MMP2;WNT5A;FSTL1;TAGLN;COL5A2;FSTL3;ENO2;ELN;SNAI2;COPA;CADM1;LRP1;IL32;CCN1;NTM;TGFBI;GEM;FZD8;PLOD3;TPM4;IGFBP4;SERPINH1;DAB2;RHOB;DKK1;PTHLH;NT5E;COL5A1;COL3A1;SPOCK1;TFPI2;IGFBP2;GAS1;COL7A1;PTX3;TNFAIP3;TPM2;FAP;INHBA;CDH2;POSTN;COL6A2;TIMP1;GJA1,0.004036815759728726,0.006809090135330666,True,True,True,False,not_significant_in_both
Mareckova_E-MTAB-14039,ePV_2,HALLMARK_ESTROGEN_RESPONSE_EARLY,145,0.22953462207754635,1.0948816115822806,0.22298850574712645,CALB2;GAB2;GJA1;DEPTOR;ZNF185;TGM2;NAV2;SLC2A1;TFAP2C;DHCR7;B4GALT1;SLC39A6;RAB31;ASB13;KAZN;ABAT;PODXL;TPD52L1;IGFBP4;INPP5F;SLC24A3;SEMA3B;PGR;SCARB1;RHOD;TPBG;AMFR;MED24;ITPK1;KLF4;RBBP8;WFS1;SLC26A2;SYNGR1;RAPGEFL1;NBL1;TIAM1;CANT1;KRT19;MYBBP1A;CELSR2;ELOVL5;SLC1A1;MYOF;IGF1R;LRIG1;CBFA2T3,0.39819376026272574,0.3497858913680415,False,False,Huang_GSE214411,158,0.40121640545254034,1.8474642760977706,0.001564945226917058,PRSS23;FLNB;KLF4;RARA;RRP12;EGR3;TGM2;SLC19A2;HSPB8;SLC16A1;FASN;ABLIM1;KAZN;NXT1;TSKU;PMAIP1;SLC7A5;SLC2A1;MYBBP1A;IGF1R;AQP3;GREB1;KCNK15;KLF10;XBP1;CD44;BHLHE40;B4GALT1;TFAP2C;MYC;CHPT1;FKBP4;NBL1;CYP26B1;TUBB2B;PDLIM3;LRIG1;PPIF;ELOVL5;RHOBTB3;FOS;ABHD2;SIAH2;PAPSS2,0.004036815759728726,0.006809090135330666,True,True,True,False,not_significant_in_both
Mareckova_E-MTAB-14039,ePV_2,HALLMARK_ESTROGEN_RESPONSE_LATE,135,-0.24636387260023873,-1.1199855805250623,0.20812182741116753,METTL3;PPIF;CHPT1;IDH2;SLC2A8;XBP1;CXCL12;PRSS23;ETFB;GINS2;ALDH3B1;GAL;DUSP2;ACOX2;FKBP4;BAG1;CPE;PAPSS2;OPN3;HPRT1;GLA;RNASEH2A;SIAH2;IMPA2;PDLIM3;CD44;NPY1R;ARL3;CAV1,0.38541079150216206,0.3303521070018532,False,False,Huang_GSE214411,150,0.3272497270350877,1.51344668971141,0.0049586776859504135,SLC2A8;PRSS23;FLNB;KLF4;UGDH;EGR3;GAL;HSPB8;SLC16A1;NXT1;DUSP2;SLC7A5;BTG3;HPRT1;SGK1;CD9;EMP2;ID2;XBP1;CD44;TFAP2C;ASS1;CHPT1;FKBP4;NBL1;CYP26B1;LSR;FABP5;NAB2;PDLIM3;PPIF;ELOVL5;FOS;ABHD2;SIAH2;PAPSS2;DYNLT3;MDK;MAPK13;IGFBP4;BAG1;PTGER3;TIAM1;METTL3;TFPI2;ST6GALNAC2;KRT19;WFS1;LARGE1;ZFP36;ATP2B4;CLIC3;AMFR,0.008549444286121402,0.010017530678687703,True,True,False,False,not_significant_in_both
Mareckova_E-MTAB-14039,ePV_2,HALLMARK_FATTY_ACID_METABOLISM,128,-0.34248092259204627,-1.5569781622705372,0.005628517823639775,PPARA;SDHD;MLYCD;BCKDHB;HSDL2;MDH2;ACOX1;PDHA1;AADAT;HSD17B4;S100A10;PDHB;ACADM;DLST;SDHA;PRDX6;NTHL1;ACSL1;GCDH;ACOT8;GPD2;OSTC;EHHADH;HSD17B7;ODC1;ACADS;BLVRA;CRYZ;HMGCL;SUCLA2;MDH1;ERP29;PTPRG;LDHA;DECR1;FH;CA4;TDO2;DLD;HADHB;SUCLG1;PTS;MCEE;GRHPR;SMS;UROS;YWHAH;BPHL;IDI1;ACOT2,0.04690431519699813,0.02471882338400692,True,True,Huang_GSE214411,127,0.19373236663784887,0.8716487875160389,0.7658536585365854,UGDH;SMS;FASN;PTS;ODC1;ALDOA;PRDX6;LDHA;CPOX;ACSL4;HSP90AA1;SDHD;ECI2;HSPH1;HMGCS1;ENO2;ACSL1;IDI1;SDHA;ELOVL5;MCEE;DLST;GLUL;GRHPR;RDH11;FH;KMT5A;METAP1;OSTC;RAP1GDS1;ACADVL;APEX1;SUCLG2;MDH1;DHCR24;MDH2;SUCLA2;PTPRG;S100A10;AADAT,0.8077185792349727,0.804045835733948,False,False,False,False,not_significant_in_both
Mareckova_E-MTAB-14039,ePV_2,HALLMARK_G2M_CHECKPOINT,189,-0.204882300111772,-0.9911289321423712,0.4846846846846847,MTF2;PRIM2;KIF15;NSD2;G3BP1;UBE2S;CDC20;SFPQ;HMGB3;HNRNPU;NASP;RPA2;CUL3;FBXO5;MAPK14;NEK2;CDC27;SAP30;CKS1B;CKS2;MAP3K20;ODC1;MCM5;PURA;XPO1;E2F1;ORC6;JPT1;KIF11;GINS2;NOLC1;INCENP;PTTG1;KIF20B;SRSF2;KNL1;KIF23;CCNB2;SNRPD1;TTK;SQLE;CDKN3;HMMR;MAD2L1;DTYMK;CENPA;HSPA8;KPNA2,0.6549793036279523,0.6004350090371595,False,False,Huang_GSE214411,191,-0.3510776414230918,-1.7644180902406275,0.002898550724637681,CDC20;TOP2A;RPS6KA5;BUB3;NSD2;KIF20B;ESPL1;CENPA;CENPF;MAD2L1;GINS2;PBK;CHEK1;MCM5;MAPK14;HNRNPD;SLC38A1;MARCKS;TACC3;ATRX;ARID4A;CTCF;STMN1;CDK1;MAP3K20;KIF4A;CCNA2;PLK4;DTYMK;CDKN3;NUSAP1;CENPE;HMGB3;BUB1;SMC1A;INCENP;AURKB;LMNB1;POLA2;PLK1;CDC25B;BARD1;MYBL2;TMPO;POLQ;HMGN2;EXO1;KIF23;TPX2;MEIS2;SMC4;KNL1;MCM3;ORC6;BIRC5;NUMA1;TTK;E2F2;PRC1;AURKA;CDKN2C;KIF2C;STIL;CCNB2;CHAF1A;RAD21;NDC80;MKI67;CDC7;BRCA2;KIF15;SMC2;RBL1;HMMR;KIF11,0.0053676865271068165,0.006962818548948615,True,True,True,False,not_significant_in_both
Mareckova_E-MTAB-14039,ePV_2,HALLMARK_GLYCOLYSIS,160,-0.2546436894897539,-1.2014584625638216,0.12087912087912088,PKP2;HOMER1;PFKP;EXT1;ZNF292;IDUA;FAM162A;MDH2;ENO1;PGM2;PPP2CB;GOT1;CYB5A;NASP;POLR3K;TPI1;MERTK;GNPDA1;SDC2;TPST1;SAP30;PGK1;PYGL;VLDLR;TALDO1;FUT8;GLCE;PKM;MDH1;NT5E;KDELR3;HSPA5;GLRX;HS2ST1;LDHA;PLOD2;CACNA1H;NOL3;FKBP4;AKR1A1;COPB2;PSMC4;ABCB6;DLD;GALK1;P4HA2;GUSB;CASP6;HMMR;DDIT4;ALDH7A1;TXN;CD44;CENPA;PGAM1,0.31810294968189706,0.22385022385022385,False,True,Huang_GSE214411,162,0.3771248187995878,1.750628464083401,0.0016129032258064516,VEGFA;SLC16A3;SDC2;HK2;IRS2;TXN;P4HA2;P4HA1;EGFR;ENO1;EGLN3;QSOX1;ANGPTL4;STC1;HOMER1;GPC1;ALDOA;CHST1;IER3;ARPP19;LDHA;PSMC4;PRPS1;PGM2;SDC3;CD44;GLCE;B4GALT2;EXT1;CITED2;IGFBP3;B4GALT1;AK4;FKBP4;PGK1;DDIT4;ENO2;PPP2CB;HSPA5;PYGB;B3GALT6;TGFBI;GFPT1;IDUA;KDELR3;ERO1A;UGP2;PFKP;CHPF;PGAM1;PAM;PMM2;NT5E;COL5A1,0.004036815759728726,0.006809090135330666,True,True,False,False,not_significant_in_both
Mareckova_E-MTAB-14039,ePV_2,HALLMARK_HEDGEHOG_SIGNALING,26,-0.27636971223811757,-0.9046171600115887,0.5969868173258004,HEY1;LDB1;NF1;NRP2,0.7106985920545243,0.6842255785969058,False,False,Huang_GSE214411,26,0.2968170226047786,0.9471144610225041,0.5259515570934256,VEGFA;NRP2;HEY1;ETS2,0.5716864751015495,0.5795609444555654,False,False,False,False,not_significant_in_both
Mareckova_E-MTAB-14039,ePV_2,HALLMARK_HEME_METABOLISM,144,-0.18006708555509388,-0.8348123777528201,0.8743455497382199,MKRN1;GMPS;MINPP1;SMOX;CDC27;CDR2;BPGM;ATG4A;GLRX5;TNS1;FBXO34;BLVRA;ATP6V0A1;MOSPD1;YPEL5;SIDT2;HMBS;UBAC1;PSMD9;HAGH;ASNS;ARL2BP;BCAM;ABCB6;P4HA2;BTG2;UROS;MGST3;KDM7A,0.8921893364675714,0.8990699740238765,False,False,Huang_GSE214411,147,0.23747536481162862,1.0918540541878907,0.2671009771986971,SMOX;SLC25A37;TFRC;ELL2;RBM38;P4HA2;TOP1;CTSB;MAP2K3;RCL1;SLC2A1;ADIPOR1;SLC10A3;AQP3;RAD23A;CPOX;GLRX5;TENT5C;SLC6A8;CDR2;SDCBP;LAMP2;TMEM9B;HEBP1;NEK7;GCLM;KHNYN;TSPAN5;TNS1;HBB;FOXJ2;CDC27;SLC66A2;ISCA1;ACP5;PICALM;SEC14L1;GCLC;FECH;HTRA2;HDGF;BSG;MINPP1;BTG2;BACH1;RNF19A;BNIP3L;RIOK3;ICAM4;AGPAT4;SLC25A38;MBOAT2;PSMD9;KAT2B;PPP2R5B;CCND3,0.31058253162639193,0.32375876024084493,False,False,False,False,not_significant_in_both
Mareckova_E-MTAB-14039,ePV_2,HALLMARK_HYPOXIA,160,-0.25012938044092947,-1.1801590743079944,0.13553113553113552,JMJD6;KLF7;CSRP2;KDELR3;HSPA5;GLRX;LDHA;NAGK;PPP1R15A;PLAUR;HEXA;ANXA2;PRKCA;S100A4;GALK1;P4HA2;GAA;CASP6;XPNPEP1;DDIT4;GRHPR;SIAH2;AKAP12;TNFAIP3;STBD1;SLC2A3;F3;GBE1;PGF;CAV1,0.3388278388278388,0.2420198848770277,False,True,Huang_GSE214411,167,0.48965184783142535,2.295453842711021,0.0015698587127158557,VEGFA;CCN2;SERPINE1;SDC4;ERRFI1;IDS;PLAUR;SDC2;F3;NDRG1;HK2;TGM2;IRS2;JMJD6;PFKFB3;P4HA2;P4HA1;EGFR;ENO1;ANGPTL4;AKAP12;STC1;HMOX1;GPC1;ALDOA;SLC2A1;SLC6A6;IER3;LDHA;CDKN1A;PIM1;HAS1;CAVIN1;ADM;CDKN1C;PRKCA;PGM2;SDC3;GBE1;EXT1;CITED2;BHLHE40;IGFBP3;AK4;PLIN2;PGK1;DDIT4;ENO2;HSPA5;CHST3;PGM1;CCN1;MYH9;B3GALT6;KLF6;TGFBI;FOS;SIAH2;GRHPR;ILVBL;KDELR3;ERO1A;XPNPEP1;UGP2;PFKP;GAA;BCAN;PAM;LXN;COL5A1;TGFB3;MAFF;ATF3;PHKG1;ETS1;PRDX5;LARGE1;ZFP36;TNFAIP3;TPST2,0.004036815759728726,0.006809090135330666,True,True,False,False,not_significant_in_both
Mareckova_E-MTAB-14039,ePV_2,HALLMARK_IL2_STAT5_SIGNALING,147,-0.24617556762550585,-1.1431715645664366,0.1911504424778761,ODC1;XBP1;PUS1;AHNAK;RNH1;HOPX;NT5E;GSTO1;FAH;SYT11;ST3GAL4;CTSZ;P2RX4;CCNE1;TRAF1;BATF3;SNX14;GLIPR2;RHOB;MYO1E;ITGAE;AHR;SLC2A3;ARL4A;PHLDA1;CD44;SERPINB6;GADD45B,0.36759700476514634,0.30706898390020254,False,False,Huang_GSE214411,153,0.4754274465767053,2.1979290745110194,0.0016129032258064516,EMP1;PRNP;SNX9;IL1RL1;GLIPR2;NDRG1;HK2;IRF8;TGM2;MAPKAPK2;P4HA1;LIF;PUS1;ITGAV;ODC1;CXCL10;CKAP4;PHLDA1;PTRH2;TNFRSF4;UCK2;IGF1R;CSF1;NCS1;SOCS1;AHCY;PIM1;HIPK2;CDKN1C;MXD1;XBP1;PNP;GADD45B;DENND5A;TWSG1;CD44;BHLHE40;PLAGL1;MYC;PLIN2;GPX4;SPRED2;GSTO1;IFNGR1;NOP2;F2RL2;SLC1A5;PLEC;FURIN;LRIG1;CCND2;ETV4;KLF6;WLS;IL18R1;AHNAK;BMP2;ENPP1;RHOB;FAH;NT5E;TIAM1;COL6A1;RNH1;MAFF;IL4R;NFKBIZ;TRAF1;AHR,0.004036815759728726,0.006809090135330666,True,True,False,False,not_significant_in_both
Mareckova_E-MTAB-14039,ePV_2,HALLMARK_IL6_JAK_STAT3_SIGNALING,53,-0.20199530203278515,-0.7842128249506054,0.8314814814814815,PDGFC;LEPR;STAT3;IL10RB;BAK1;CD44;CXCL3,0.8709981167608286,0.8661265432098766,False,False,Huang_GSE214411,57,0.507077969429342,1.9712020347375263,0.0017391304347826088,TNFRSF12A;TGFB1;IL1R1;CXCL1;HMOX1;CXCL10;CSF1;SOCS1;PIM1;CD9;PDGFC;IFNGR2;ACVRL1;CD44;IL15RA;IFNGR1;IL1B;ACVR1B;IL18R1;IL4R;LTBR;HAX1;BAK1;CD14;PTPN1,0.004036815759728726,0.006809090135330666,True,True,False,False,not_significant_in_both
Mareckova_E-MTAB-14039,ePV_2,HALLMARK_INFLAMMATORY_RESPONSE,100,0.25258521456252614,1.1161113097480033,0.2413793103448276,IFITM1;HAS2;IRF7;SERPINE1;MMP14;ITGB8;ACVR1B;TNFSF10;BST2;IL1R1;ABCA1;NFKB1;SEMA4D;LY6E;IL15;MXD1;PSEN1;RHOG,0.4161712247324614,0.36929451237361793,False,False,Huang_GSE214411,117,0.552333107156334,2.443417468520237,0.001694915254237288,SERPINE1;GPR183;SPHK1;ITGA5;HBEGF;IL1R1;PLAUR;F3;EMP3;SLC7A1;PTPRE;MMP14;NFKB1;LIF;CMKLR1;PDPN;SELENOS;CXCL10;HRH1;ATP2A2;CCL2;CSF1;PDE4B;CDKN1A;ADM;MXD1;CD55;CXCL8;IFNGR2;IL15RA;NAMPT;MYC;TNFAIP6;ADRM1;RIPK2;BEST1;SGMS2;RAF1;IL1B;ICAM1;ATP2C1;TNFSF9;HAS2;ATP2B1;KLF6;ACVR1B;ICOSLG;AXL;IL18R1;LY6E;RELA;EDN1;CD40;HIF1A;CX3CL1;IL4R;ABCA1;AHR;CD14,0.004036815759728726,0.006809090135330666,True,True,True,False,not_significant_in_both
Mareckova_E-MTAB-14039,ePV_2,HALLMARK_INTERFERON_ALPHA_RESPONSE,83,0.46275556529395045,1.9754428288682062,0.002173913043478261,IFITM1;IFITM2;IFITM3;IRF7;PARP12;CD74;GBP2;USP18;ISG20;BST2;TRIM25;HERC6;IFI27;PLSCR1;SAMD9;LY6E;TRAFD1;IRF9;IL15;OAS1;DDX60;HLA-C;IRF2;DHX58;PSME2;TRIM14;C1S;TRIM21;PSME1;NUB1;GBP4;TDRD7;SP110;EPSTI1,0.022988505747126436,0.01358695652173913,True,True,Huang_GSE214411,85,-0.39783694256998275,-1.7449085997959326,0.0024691358024691358,B2M;TRIM14;SP110;HELZ2;TXNIP;PSMB8;TRAFD1;IL15;IFIH1;MVB12A;SAMD9L;OGFR;NUB1;EIF2AK2;IFIT3;ADAR;IFITM2;IFITM3;DHX58;EPSTI1;TRIM25;HLA-C;RTP4;PSMB9;TRIM5;DDX60;TRIM21;NMI;ISG15;PARP14;UBA7;IFI27;TMEM140;STAT2;CMTR1;USP18;IFI44;PARP9;MOV10;SAMD9;HERC6,0.0051440329218107,0.006809090135330666,True,True,False,True,discordant
Mareckova_E-MTAB-14039,ePV_2,HALLMARK_INTERFERON_GAMMA_RESPONSE,150,0.37051281597537544,1.7658437320348295,0.0022988505747126436,P2RY14;SECTM1;IFITM2;IFITM3;IRF7;PARP12;HLA-DMA;XAF1;VAMP8;TNFAIP2;CD74;OAS3;STAT1;SERPING1;MVP;USP18;TNFSF10;OAS2;ISG20;MTHFD2;BST2;TRIM25;IFIT1;C1R;NFKB1;CASP7;HERC6;LATS2;IFI27;PLSCR1;LY6E;TRAFD1;IRF9;MX2;IL15;DDX60;IDO1;IRF2;DHX58;PSME2;TRIM14;C1S;TRIM21;PSME1;ST8SIA4;GBP4;HLA-DRB1;TDRD7;SP110;EPSTI1;TAPBP,0.022988505747126436,0.014146772767462422,True,True,Huang_GSE214411,154,0.18936469071705997,0.8686675883309548,0.7754098360655738,UPP1;IRF8;PTGS2;NFKB1;LAP3;CMKLR1;CXCL10;CCL2;PDE4B;SOCS1;PNPT1;CDKN1A;PIM1;CASP7;PNP;IL15RA;NAMPT;TNFAIP6;RIPK2,0.8077185792349727,0.8119474723199726,False,False,True,False,not_significant_in_both
Mareckova_E-MTAB-14039,ePV_2,HALLMARK_KRAS_SIGNALING_DN,65,0.25248940180065316,1.0343167278553909,0.39443155452436196,THNSL2;STAG3;GTF3C5;KCNMB1;ASB7;NRIP2;RIBC2;MAST3;PDK2;ZNF112;CLSTN3;GPRC5C;CDKAL1;ADRA2C;EFHD1;TCF7L1;SNN;LFNG;CELSR2,0.5634736493205171,0.5139173348851622,False,False,Huang_GSE214411,69,-0.2455045061018012,-1.0493808680888244,0.3375,KMT2D;CELSR2;ASB7;RYR2;FGGY;VPS50;SLC16A7;EPHA5;GAMT;DTNB;CCDC106;SLC25A23;BARD1;SPHK2;CHST2;YPEL1;PDK2;ZNF112,0.3835227272727273,0.39823008849557523,False,False,False,False,not_significant_in_both
Mareckova_E-MTAB-14039,ePV_2,HALLMARK_KRAS_SIGNALING_UP,127,-0.18342997843335462,-0.8283697728896094,0.8361581920903954,TMEM176A;AVL9;FBXO4;IGF2;YRDC;BPGM;MTMR10;VWA5A;ZNF277;WDR33;RBM4;GLRX;ITGA2;PPP1R15A;PLAUR;TRAF1;CPE;SCN1B;PLAU;MAFB;AKAP12;TNFAIP3;HBEGF;ITGBL1;TMEM176B;KIF5C,0.8709981167608286,0.8664851731506689,False,False,Huang_GSE214411,139,0.41699888863457485,1.8935659021296565,0.0016129032258064516,EMP1;KLF4;HBEGF;GFPT2;PLAUR;MAFB;GPNMB;IRF8;TMEM158;PTGS2;PLAT;ANO1;IGF2;MMP10;LIF;CMKLR1;ADAM17;ANGPTL4;AKAP12;YRDC;KIF5C;CXCL10;ALDH1A3;TRIB1;GADD45G;SPARCL1;ID2;ANKH;CBX8;IGFBP3;LCP1;GNG11;PLAU;IL1B;SPRY2;TOR1AIP2;CCND2;ETV4;SCG5,0.004036815759728726,0.006809090135330666,True,True,False,False,not_significant_in_both
Mareckova_E-MTAB-14039,ePV_2,HALLMARK_MITOTIC_SPINDLE,190,-0.2548217383513287,-1.2209687550051258,0.08348457350272233,CLIP2;DLGAP5;FBXO5;ABR;NEK2;BCAR1;CDC27;NEDD9;UXT;ROCK1;DYNC1H1;ARFIP2;VCL;MAPRE1;SYNPO;ATG4B;BCL2L11;SHROOM1;BCR;KIF1B;RICTOR;KIF11;CEP131;INCENP;TRIO;MID1IP1;KIF20B;MAP1S;DOCK4;ARHGEF7;BIN1;SAC3D1;DST;ARAP3;ARHGAP29;KIF23;CCNB2;PIF1;TTK;TUBGCP6;ALMS1;NF1;ANLN;KNTC1;MYO1E;CYTH2,0.29694570135746606,0.1730250228035696,False,True,Huang_GSE214411,192,-0.30268783705478897,-1.5103623570698832,0.002824858757062147,KIF20B;ESPL1;ECT2;PCM1;CKAP5;NF1;CENPF;TUBD1;KPTN;CYTH2;CDC42BPA;MARCKS;TSC1;CDK1;ALMS1;KIF4A;PLEKHG2;RAB3GAP1;HDAC6;FGD6;CEP57;NUSAP1;CENPE;ARHGEF3;MID1;SASS6;BUB1;SMC1A;INCENP;LMNB1;PLK1;MAP3K11;SMC3;PCNT;KIF23;TPX2;SMC4;CNTRL;APC;BIRC5;NUMA1;CEP192;TTK;PRC1;AURKA;PIF1;KIF2C;SORBS2;RABGAP1;SHROOM2;CCNB2;NDC80;SOS1;BRCA2;KIF15;CDK5RAP2;TUBGCP5;KIF11;DOCK4;DLGAP5,0.0053676865271068165,0.006962818548948615,True,True,True,False,not_significant_in_both
Mareckova_E-MTAB-14039,ePV_2,HALLMARK_MTORC1_SIGNALING,185,-0.2509789043781169,-1.2081593864938713,0.10554561717352415,ENO1;TOMM40;PIK3R3;CCT6A;UNG;GOT1;PSMD14;GGA2;TPI1;CORO1A;GAPDH;GMPS;ATP2A2;PGK1;PDAP1;PFKL;TBK1;COPS5;XBP1;PPA1;SEC11A;VLDLR;PHGDH;EEF1E1;FDXR;PSMC2;HMBS;TUBG1;HSPA5;POLR3G;GLRX;LDHA;PLOD2;ASNS;PSMB5;PPP1R15A;PSMA3;SDF2L1;PSMC4;PSMC6;TM7SF2;ABCF2;HPRT1;PSMD13;GLA;SQLE;RAB1A;ACTR3;DDIT4;IFRD1;BTG2;IDI1;SLC2A3;GBE1,0.3104282858044828,0.20487986589681503,False,True,Huang_GSE214411,188,0.46117114221585853,2.1588938274240626,0.001579778830963665,HSPE1;TFRC;HK2;RPN1;UFM1;ACSL3;PITPNB;SQSTM1;P4HA1;ENO1;EGLN3;STIP1;STC1;SLC7A5;MAP2K3;SERP1;SHMT2;ALDOA;SLC2A1;PSMD12;PPA1;SLC6A6;ATP2A2;HPRT1;BCAT1;IFRD1;LDHA;CACYBP;ETF1;CDKN1A;PSMC4;HSPA9;CD9;HSPA4;XBP1;PNP;NUFIP1;UBE2D3;GBE1;YKT6;BHLHE40;INSIG1;NAMPT;PSMG1;RRP9;AK4;LGMN;TOMM40;SSR1;HMGCS1;PGK1;DDIT4;CCT6A;EEF1E1;HSPA5;NFKBIB;IDI1;COPS5;SLC1A5;EDEM1;PGM1;ELOVL5;CYP51A1;USO1;PNO1;MTHFD2;ACTR2;ARPC5L;ERO1A;RDH11;GSR;HSPD1,0.004036815759728726,0.006809090135330666,True,True,False,False,not_significant_in_both
Mareckova_E-MTAB-14039,ePV_2,HALLMARK_MYC_TARGETS_V1,195,-0.34665007272619935,-1.6712330606401213,0.0017211703958691911,CBX3;CDC20;DUT;PSMB3;GNL3;MRPL9;SRM;PSMD14;HNRNPU;PRDX4;PSMA6;ILF2;NPM1;EIF4H;EEF1B2;PPM1G;RAN;PGK1;EIF3D;COPS5;HNRNPA1;VBP1;ODC1;PSMA2;CCT3;MCM5;ACP1;EIF4A1;XPO1;SNRPA1;CTPS1;NME1;RPS2;TUFM;NOLC1;PTGES3;ABCE1;LDHA;PSMD8;PSMA7;SRSF7;SRSF2;CLNS1A;NCBP2;CCT2;PSMC4;SNRPD3;PRDX3;PSMC6;SNRPD1;HPRT1;TYMS;CCT5;PRPF31;U2AF1;MAD2L1;EXOSC7;TCP1;RFC4;NDUFAB1;EIF3B;IFRD1;YWHAQ;VDAC3;SRSF3;PSMD7;SLC25A3;RPS10;KPNA2,0.022988505747126436,0.011689070718877849,True,True,Huang_GSE214411,195,0.5464002846111928,2.582679508070038,0.0015479876160990713,DDX21;SRSF7;NPM1;HSPE1;PRPS2;EIF4H;RPL34;TCP1;EIF1AX;CCT4;PABPC4;RSL1D1;ABCE1;RPL22;EIF4E;PCBP1;EIF2S1;GSPT1;EEF1B2;NOP56;C1QBP;XPOT;ODC1;SRM;DDX18;G3BP1;EIF4A1;SSB;GNL3;RNPS1;HPRT1;IFRD1;LDHA;CNBP;RPL14;HDAC2;ETF1;HNRNPA2B1;ILF2;PSMC4;EIF3D;PABPC1;SYNCRIP;PRDX3;RANBP1;PTGES3;EIF3B;NME1;RAD23B;CCT2;MYC;RRP9;HSP90AB1;TRIM28;NAP1L1;EIF4G2;GLO1;RPS6;PGK1;NOLC1;SNRPG;RPL18;EIF3J;HNRNPA3;SRSF2;COPS5;KPNA2;VDAC1;NDUFAB1;HNRNPA1;CCT5;RPS3;TFDP1;CCT7;SNRPD1;CUL1;FBL;DHX15;RPL6;HSPD1;YWHAQ;PSMD8;PWP1;CTPS1;ACP1;RPS5;EIF2S2;AP3S1;PSMD3;SNRPB2;NOP16;LSM7;RUVBL2;NCBP2;VBP1;CCT3;APEX1;GOT2;NHP2;ERH;IMPDH2;HDGF;POLE3;PHB2;SET;SERBP1;TOMM70;SNRPA1;RPS10;XRCC6;SRSF3;CYC1;SSBP1;TXNL4A;CSTF2;PSMD7;SNRPD3;PSMA7;RPLP0;SF3B3,0.004036815759728726,0.006809090135330666,True,True,False,True,discordant
Mareckova_E-MTAB-14039,ePV_2,HALLMARK_MYC_TARGETS_V2,55,0.20339546005063297,0.8092342489619673,0.8004587155963303,NOP16;DDX18;PA2G4;PES1;TBRG4;IPO4;TCOF1;WDR43;PLK1;EXOSC5;TMEM97,0.8707339878447872,0.8410239042700307,False,False,Huang_GSE214411,56,0.6235278271433102,2.3938779747187606,0.0017761989342806395,NPM1;RRP12;HSPE1;HK2;DUSP2;PUS1;NOC4L;NOP56;SRM;DDX18;RCL1;GNL3;MYBBP1A;IMP4;NIP7;PPRC1;WDR43;MYC;RRP9;TFB2M;TCOF1;NOLC1;DCTPP1;UTP20;MRTO4;NOP2;BYSL;TBRG4;FARSA;HSPD1;PPAN;NDUFAF4;NOP16;IPO4,0.004036815759728726,0.006809090135330666,True,True,True,False,not_significant_in_both
Mareckova_E-MTAB-14039,ePV_2,HALLMARK_MYOGENESIS,125,0.28695916557823437,1.3254809643536418,0.059447983014861996,AGRN;MYOM2;APOD;CKMT2;BDKRB2;SCD;CLU;SLC6A8;ITGB5;SYNGR2;NAV2;MYL3;WWTR1;MAPRE3;CTF1;PFKM;FGF2;SGCD;CDH13;TPD52L1;HDAC5;MEF2D;COL15A1;COL1A1;PLXNB2;LSP1,0.29694570135746606,0.1423903784787114,False,True,Huang_GSE214411,137,0.34362058258922146,1.5441064355530694,0.007961783439490446,FGF2;LSP1;DES;PRNP;TGFB1;SPHK1;HBEGF;HSPB8;KIFC3;ABLIM1;MRAS;MAPRE3;IFRD1;FHL1;CNN3;CDKN1A;NOTCH1;COL6A3;KLF5;GADD45B;FST;BHLHE40;IGFBP3;SLC6A8;DAPK2;COL15A1;TAGLN;ACSL1;BDKRB2;MEF2D;PFKM;MYH9;TEAD4;EIF4A2,0.012765522875816993,0.014951705989653421,True,True,True,False,not_significant_in_both
Mareckova_E-MTAB-14039,ePV_2,HALLMARK_NOTCH_SIGNALING,30,0.41157884288841157,1.3990747691506407,0.07926829268292683,FZD7;FBXW11;HEYL;DTX1;PSENEN;PPARD;NOTCH3;FZD1;TCF7L2;LFNG,0.29694570135746606,0.1690855290968015,False,True,Huang_GSE214411,30,0.5871683436970493,1.9704482566758483,0.001876172607879925,DTX1;LFNG;DLL1;NOTCH1;PRKCA;WNT2;WNT5A;FZD7;CUL1;FZD1;APH1A;SKP1;HES1,0.004078636104086793,0.006809090135330666,True,True,True,False,not_significant_in_both
Mareckova_E-MTAB-14039,ePV_2,HALLMARK_OXIDATIVE_PHOSPHORYLATION,200,-0.34122822571937483,-1.6749670040625053,0.0018281535648994515,NDUFA6;BDH2;ATP5PF;ATP6V1G1;VDAC1;ATP5MG;ACADVL;ATP5MC1;TIMM8B;SDHD;HSPA9;GRPEL1;AIFM1;MDH2;ATP6V1H;ISCU;UQCR10;TIMM10;NDUFS4;MPC1;TIMM13;CYB5A;NDUFS6;PDHA1;PDHB;HTRA2;ACADM;ATP5MC3;DLST;SDHA;MRPS11;MRPS12;UQCRH;COX7A2L;ATP1B1;ATP5F1B;ATP5PO;NDUFV1;NDUFA4;ALAS1;GLUD1;IDH2;NDUFB7;DLAT;NDUFS3;SUCLA2;ATP5F1C;MDH1;NDUFS1;IDH3A;ETFB;TOMM22;COX4I1;NDUFB2;NDUFC2;LDHB;LDHA;DECR1;FH;NDUFB8;MRPL15;ABCB7;VDAC2;RHOT1;COX7A2;COX11;PRDX3;UQCRFS1;NDUFB3;UQCRC2;DLD;HADHB;CYCS;SLC25A11;SUCLG1;MTX2;NDUFAB1;VDAC3;NDUFB5;FDX1;NDUFS2;SLC25A5;SLC25A3;NDUFA9;MGST3,0.022988505747126436,0.011757789535567314,True,True,Huang_GSE214411,198,0.29560902856746585,1.4148243595399788,0.013846153846153847,OAT;FDX1;IDH3A;LDHA;HSPA9;MRPS30;CASP7;ATP6V1G1;PRDX3;GLUD1;MTRR;SDHD;DLAT;SDHB;POR;TIMM9;MRPS22;GPX4;VDAC2;COX7A2L;UQCRB;TIMM50;CYCS;ATP1B1;VDAC1;ETFA;NDUFAB1;SDHA;UQCRH;DLST;NDUFA4;GRPEL1;NDUFA1;NDUFS4;NDUFA6;FH;NDUFB4;SLC25A5;ATP5F1C;MAOB;ATP5F1B;NDUFB2;POLR2F;LRPPRC;ISCA1;COX7C;PMPCA;NDUFB3;ACADVL;ATP5PD;SLC25A12;GOT2;HTRA2;ATP5MG;NDUFB6;NDUFA5;MDH1;PDK4;PHB2;ATP6V1D;MDH2;SUCLA2;ATP5F1E;TOMM70;ATP6V1H;CYC1;LDHB;ISCU;COX17;NDUFC2;COX6C;ATP5MC3;ACO2,0.020361990950226245,0.024725274725274724,True,True,False,True,discordant
Mareckova_E-MTAB-14039,ePV_2,HALLMARK_P53_PATHWAY,168,-0.2599270064388569,-1.2278244107504628,0.08333333333333333,VWA5A;RRAD;HDAC3;TAP1;RALGDS;COQ8A;TRIAP1;PVT1;CGRRF1;KRT17;RAD51C;BTG1;SERTAD3;FDXR;HINT1;PLK2;LDHB;PPP1R15A;PDGFA;GADD45A;EI24;APAF1;PHLDA3;SLC3A2;TM7SF3;S100A4;DDIT4;WRAP73;HBEGF;BTG2;PLK3;BAK1;ADA;PTPRE;IER5,0.29694570135746606,0.1730250228035696,False,True,Huang_GSE214411,172,0.4126569173901019,1.9375162882705463,0.0016129032258064516,UPP1;GADD45A;TGFB1;KLF4;SPHK1;HBEGF;SLC3A2;NINJ1;PLK3;NDRG1;SLC19A2;RNF19B;SAT1;PTPRE;F2R;BAIAP2;LIF;IER5;HMOX1;CDKN2B;DRAM1;HEXIM1;KLK8;ZFP36L1;IER3;SOCS1;RPL36;CDKN1A;NOTCH1;PLK2;HDAC3;MXD1;CCNK;PHLDA3;RPS12;DDIT4;MKNK2;RPL18;CSRNP2;IRAK1;CCND2;SLC35D1;TNFSF9;AEN;TRAF4;FOS,0.004036815759728726,0.006809090135330666,True,True,False,False,not_significant_in_both
Mareckova_E-MTAB-14039,ePV_2,HALLMARK_PANCREAS_BETA_CELLS,13,-0.5261639586369122,-1.42644727019453,0.08971962616822429,PAK3;CHGA;SRPRB;SEC11A;SPCS1;MAFB,0.29694570135746606,0.1831012778943353,False,True,Huang_GSE214411,13,0.6255187152157956,1.7157991381925872,0.022684310018903593,MAFB;SRPRB;FOXO1;STXBP1;AKT3;SPCS1,0.031505986137366104,0.038358266206367474,True,True,False,False,not_significant_in_both
Mareckova_E-MTAB-14039,ePV_2,HALLMARK_PEROXISOME,85,-0.2212873975396203,-0.9404586280315634,0.5626204238921002,SCP2;RDH11;PRDX5;SEMA3C;SOD1;PEX2;PEX13;ERCC1;ECI2;MLYCD;ACOX1;STS;GNPAT;PEX11B;HSD17B4;HRAS;ACSL1;TSPO;ERCC3;ACOT8;SOD2;EHHADH;IDH2;SIAH1;CTPS1;HMGCL;FIS1;CLN8;CADM1;YWHAH;IDI1,0.6861224681610979,0.6619063810495297,False,False,Huang_GSE214411,87,0.24429812333198325,1.0201285356377494,0.4276315789473684,CRABP2;ITGB1BP1;DLG4;CNBP;PABPC1;ACSL4;ECI2;ACSL1;PEX5;IDI1;SLC25A19;ERCC1;SLC23A2;SIAH1;CADM1;ELOVL5;BCL10;RDH11;TTR;PEX6;CTPS1;PEX13;SLC25A17,0.4751461988304093,0.4884004884004884,False,False,False,False,not_significant_in_both
Mareckova_E-MTAB-14039,ePV_2,HALLMARK_PI3K_AKT_MTOR_SIGNALING,89,-0.15762101296329567,-0.6736242809871689,0.9767025089605734,PRKAG1;GSK3B;RAF1;THEM4;CDKN1B;MAPK1;ARHGDIA;RIPK1;CFL1;EIF4E;ARF1;PAK4;RPS6KA1;PRKAR2A;ACTR2;MAP2K6;ITPR2;CDKN1A;PIN1;CDK2;ARPC3;PIKFYVE;PIK3R3;MAPK9;PLCB1;HRAS;TRAF2;YWHAB;TBK1;E2F1;PPP1CA;MKNK1;UBE2N;MAPK8;ACTR3;RALB,0.9767025089605734,0.9816105617694205,False,False,Huang_GSE214411,90,0.36102066783202413,1.511635948015512,0.01192504258943782,RPS6KA3;AKT1;SQSTM1;EGFR;ARF1;EIF4E;MAPK1;MAP2K3;SLC2A1;CAB39;UBE2N;CDKN1A;ARPC3;UBE2D3;CSNK2B;MKNK2;NFKBIB;RAF1;GRK2;RALB;AKT1S1;DUSP3;ACTR2;ARHGDIA;RPS6KA1;PFN1,0.01806824634763306,0.02168189561715967,True,True,False,False,not_significant_in_both
Mareckova_E-MTAB-14039,ePV_2,HALLMARK_PROTEIN_SECRETION,93,-0.25217599874120067,-1.075899215954658,0.31401869158878504,AP3S1;VAMP4;RAB9A;CTSC;ARF1;STAM;COG2;MON2;ARFGEF2;KRT18;ARFGEF1;NAPG;STX16;SOD1;ARFIP1;SNAP23;ATP6V1H;DNM1L;ADAM10;RER1;VAMP3;ICA1;ARCN1;ARFGAP3;SEC24D;KIF1B;STX12;CLTA;TMED2;CD63;DST;SNX2;COPB2;TSG101;TOM1L1;TMX1;GLA;AP2S1;CAV2,0.5064817606270726,0.44700169621179364,False,False,Huang_GSE214411,93,0.37958552722758365,1.615561852399741,0.003395585738539898,RPS6KA3;EGFR;ATP1A1;ARF1;MAPK1;LMAN1;TMED2;ARFGAP3;BET1;BNIP3;YKT6;ARCN1;RER1;TSG101;LAMP2;RAB9A;SEC24D;CAV2;USO1;GOSR2;STAM;RAB5A;CD63;OCRL;RAB22A;ADAM10;RAB2A;PAM;AP3S1;SEC22B;ABCA1;COPB2;CLTA;ARFGEF2;STX12;CLN5;ATP6V1H;GNAS;SEC31A;SOD1;NAPG;TMX1,0.006063545961678389,0.007236937328122739,True,True,False,False,not_significant_in_both
Mareckova_E-MTAB-14039,ePV_2,HALLMARK_REACTIVE_OXYGEN_SPECIES_PATHWAY,44,-0.3167334825252472,-1.203477215515932,0.1776937618147448,SOD1;NDUFA6;PFKP;NQO1;ERCC2;GCLM;PRDX4;PRDX6;ATOX1;SOD2;LAMTOR5;MSRA;GLRX;CDKN2D;PDLIM1;NDUFS2;TXN,0.36607142857142855,0.29011226418733843,False,False,Huang_GSE214411,45,0.46612451866409627,1.7388753398322994,0.0071301247771836,LSP1;PRNP;TXN;SELENOS;ABCC1;PDLIM1;PRDX6;GPX4;GCLM;GSR;NDUFA6;PFKP;SCAF4;LAMTOR5;NDUFB4;SBNO2;GLRX2;FTL;GCLC,0.011883541295306001,0.01371177841766077,True,True,False,False,not_significant_in_both
Mareckova_E-MTAB-14039,ePV_2,HALLMARK_SPERMATOGENESIS,65,-0.3891354050014447,-1.569121236715507,0.0070052539404553416,SCG5;MTOR;CHFR;NPHP1;SIRT1;NEK2;PIAS2;RAD17;BRAF;PEBP1;CLPB;MAST2;TALDO1;SEPTIN4;SPATA6;TSN;CCNB2;TTK;CDKN3;MLF1;RFC4;VDAC3;CCT6B;ARL4A;HSPA2,0.05003752814610958,0.02718129926610492,True,True,Huang_GSE214411,66,-0.2972926196075144,-1.2340491355486114,0.13145539906103287,TOPBP1;PARP2;COIL;EZH2;RAD17;NPHP1;MAP7;GMCL1;PHKG2;NCAPH;PHF7;CDK1;RFC4;CDKN3;BUB1;VDAC3;SPATA6;CAMK4;SEPTIN4;TTK;AURKA;KIF2C;CCNB2,0.16031146226955229,0.17469156021399718,True,True,True,True,concordant_negative
Mareckova_E-MTAB-14039,ePV_2,HALLMARK_TGF_BETA_SIGNALING,51,-0.28074780997114307,-1.07627517843377,0.3560606060606061,SKI;BMPR1A;SKIL;CDKN1C;SPTBN1;FNTA;ARID4B;TRIM33;SMURF1;RHOA;LTBP2;PPP1CA;ID1;FKBP1A;PPP1R15A;ID3;TGFBR1;SMURF2;SMAD7,0.539485766758494,0.48163548163548164,False,False,Huang_GSE214411,51,0.5713039408099873,2.198587248926536,0.0017605633802816902,SERPINE1;TGFB1;SMAD7;THBS1;SLC20A1;TGFBR1;SMURF2;SMAD3;KLF10;HIPK2;CDKN1C;ID2;FKBP1A;IFNGR2;LTBP2;UBE2D3;TGIF1;ACVR1;SKIL;FURIN;BMP2;SKI;CTNNB1;WWTR1,0.004036815759728726,0.006809090135330666,True,True,False,False,not_significant_in_both
Mareckova_E-MTAB-14039,ePV_2,HALLMARK_TNFA_SIGNALING_VIA_NFKB,155,-0.36835110886926314,-1.750698278169034,0.0016891891891891893,TNIP1;RCAN1;EGR2;SOCS3;NFAT5;EGR3;KDM6B;YRDC;JAG1;TAP1;MAFF;EIF1;SOD2;NFKBIA;BTG1;SPSB1;NR4A1;PHLDA2;PLK2;DUSP2;PPP1R15A;PLAUR;GADD45A;TNFAIP6;EHD1;TRAF1;ATP2B1;TNFAIP8;RIPK2;FJX1;RHOB;PLAU;CCL2;TNFAIP3;HBEGF;BTG2;SLC2A3;PHLDA1;GEM;PANX1;F3;NR4A2;CD44;CXCL3;PTPRE;IER5;GADD45B,0.022988505747126436,0.011689070718877849,True,True,Huang_GSE214411,174,0.6747832014304141,3.1764659307372654,0.0015772870662460567,VEGFA;TNC;RELB;SERPINE1;GPR183;GADD45A;PHLDA2;EGR2;KLF4;SDC4;SPHK1;HBEGF;SPSB1;GFPT2;PLAUR;EGR3;NINJ1;CLCF1;F3;CXCL1;FOSL1;RNF19B;SAT1;PTPRE;IRS2;PTGS2;PFKFB3;SQSTM1;NFKB1;LIF;DUSP2;ZC3H12A;IER5;LITAF;BTG3;YRDC;MAP2K3;DRAM1;CXCL10;TRIB1;PHLDA1;FOSB;CCL2;EIF1;IER3;SGK1;CSF1;PDE4B;EGR1;CDKN1A;SMAD3;PLK2;DUSP5;KLF10;ID2;MXD1;EHD1;IFNGR2;GADD45B;TUBB2A;DENND5A;CD44;ETS2;BHLHE40;B4GALT1;IL15RA;NAMPT;MYC;TNFAIP6;RIPK2;NFKBIE;TGIF1;PLAU;IL1B;ICAM1;KDM6B;SERPINB8;TNFSF9;CCN1;ATP2B1;KLF6;FOS;TNIP1;DUSP4;MCL1;GEM;ICOSLG;B4GALT5;CEBPB;TNFAIP2;HES1;BMP2;DNAJB4;NR4A1;PANX1;RHOB;RELA;EDN1,0.004036815759728726,0.006809090135330666,True,True,False,True,discordant
Mareckova_E-MTAB-14039,ePV_2,HALLMARK_UNFOLDED_PROTEIN_RESPONSE,106,-0.2642240749219302,-1.1646669742418672,0.16817359855334538,EIF4G1;CNOT2;IMP3;EIF4A2;CNOT4;NFYB;EXOSC10;CEBPG;SRPRA;EXOSC1;EXOSC4;EIF2S1;HSPA9;WIPI1;DCP1A;PREB;EXOSC2;CXXC1;NPM1;LSM1;LSM4;CKS1B;ATP6V0D1;SRPRB;NABP1;EIF4A1;XBP1;ALDH18A1;SEC11A;SPCS1;KDELR3;HSPA5;YIF1A;NOLC1;ZBTB17;ASNS;EIF4A3;HERPUD1;FUS;DNAJA4;EXOSC9;PDIA6;DDIT4;CCL2,0.36607142857142855,0.2826447034510006,False,False,Huang_GSE214411,105,0.5493905724703853,2.3818711535469945,0.0016750418760469012,VEGFA;NPM1;SRPRB;EIF4E;EIF2AK3;EIF2S1;SLC7A5;SPCS3;NOP56;XPOT;SERP1;DKC1;EIF4A1;EIF4A3;DCP1A;CCL2;ALDH18A1;HSPA9;SLC30A5;HERPUD1;XBP1;BAG3;SRPRA;TUBB2A;ARFGAP1;DNAJB9;RRP9;KHSRP;DDX10;SSR1;NOLC1;DDIT4;HYOU1;HSPA5;EDEM1;DNAJA4;WIPI1;EEF2;SPCS1;PDIA6;ERN1;GOSR2;EIF4A2;EIF4G1;MTHFD2;CEBPG;YWHAZ;KDELR3;ERO1A;CEBPB;TATDN2;YIF1A;FUS;PAIP1;DNAJC3;SDAD1;ATF3;WFS1;SEC11A;NHP2;PDIA5;LSM1;BANF1,0.004036815759728726,0.006809090135330666,True,True,False,False,not_significant_in_both
Mareckova_E-MTAB-14039,ePV_2,HALLMARK_UV_RESPONSE_DN,135,0.26216871045537204,1.2413425767057997,0.07785888077858881,HAS2;PLPP3;AMPH;CACNA1A;ATP2B4;SERPINE1;GJA1;RBPMS;KCNMA1;MRPS31;ANXA4;INSIG1;CDON;SCAF8;TGFBR2;VAV2;NFKB1;MGLL;YTHDC1;SNAI2;CELF2;IRS1;COL1A1;EFEMP1;MT1E;CCN1;GRK5;TJP1;LTBP1;SLC7A1;RXRA;ITGB3;ATXN1;BDNF;COL1A2;PDGFRB;COL5A2;FBLN5;ATRX;PEX14;ABCC1;ADGRL2;IGF1R;COL3A1;PRDM2;CAP2;ZMIZ1;WDR37;ERBB2,0.29694570135746606,0.16743845328728776,False,True,Huang_GSE214411,133,0.33773897540610376,1.5199103323441456,0.008169934640522876,SERPINE1;SMAD7;SDC2;F3;MTA1;SLC7A1;RGS4;KCNMA1;FYN;NFKB1;RND3;ABCC1;PTPN21;IGF1R;SMAD3;PRKCA;CITED2;BHLHE40;INSIG1;MYC;RUNX1;AKT3;GRK5;COL5A2;MIOS;RBPMS;SNAI2;ATP2C1;TENT4A;DDAH1;HAS2;CCN1;ATP2B1;SYNJ2;NEK7,0.012765522875816993,0.015270905870136216,True,True,True,False,not_significant_in_both
Mareckova_E-MTAB-14039,ePV_2,HALLMARK_UV_RESPONSE_UP,130,-0.2084117746688553,-0.9627191100960445,0.5377855887521968,PLCL1;CDK2;TMBIM6;FOSB;NPTX2;CLTB;KLHDC3;GRPEL1;NAT1;MARK2;CDKN1C;HSPA13;HYAL2;MSX1;HNRNPU;RRAD;PPIF;PDAP1;CLCN2;TAP1;SOD2;ALAS1;POLG2;NFKBIA;PPP1R2;BCL2L11;BTG1;NR4A1;IGFBP2;PPAT;GAL;ASNS;FKBP4;BID;CCNE1;RHOB;RFC4;AP2S1;BTG2;BAK1;PDLIM3;HSPA2,0.672231985940246,0.6459886951978341,False,False,Huang_GSE214411,135,0.44673368550525955,2.0116404812323343,0.0017123287671232876,DDX21;GRINA;GAL;TFRC;RPN1;PPAT;MMP14;SQSTM1;STIP1;GLS;DNAJA1;BTG3;HMOX1;CDKN2B;CDC34;NUP58;ALDOA;DLG4;AGO2;CHKA;HSPA13;FOSB;AQP3;NXF1;CDKN1C;AMD1;MSX1;YKT6;SLC6A8;TMBIM6;FKBP4;SIGMAR1;ENO2;PPP1R2;CLTB;ICAM1;PDLIM3;FURIN;POLR2H;PPIF;NPTXR;FOS;CEBPG;MGAT1;DNAJB1;GRPEL1;BMP2;NR4A1;RHOB;FGF18;TAP1;POLG2;EIF2S3;STARD3;IGFBP2;RRAD;ATF3;BAK1,0.004036815759728726,0.006809090135330666,True,True,False,False,not_significant_in_both
Mareckova_E-MTAB-14039,ePV_2,HALLMARK_WNT_BETA_CATENIN_SIGNALING,37,0.38396944113874787,1.3851064545832916,0.043478260869565216,CCND2;WNT6;NCSTN;CTNNB1;AXIN2;LEF1;TP53;HDAC5;PPARD;RBPJ;WNT5B,0.25070196550340956,0.11077263915812793,False,True,Huang_GSE214411,39,0.38648825826878486,1.3759765881398065,0.0948905109489051,AXIN1;ADAM17;DLL1;CSNK1E;HEY1;HDAC2;NOTCH1;MYC;CCND2;TCF7;CUL1;FZD1;FZD8;CTNNB1;DKK1,0.121654501216545,0.13225158320404892,True,True,True,False,not_significant_in_both
Mareckova_E-MTAB-14039,ePV_2,HALLMARK_XENOBIOTIC_METABOLISM,129,-0.20191776194409938,-0.9172390637642871,0.6594594594594595,HACL1;CYFIP2;ABHD6;ASL;LCAT;ACP2;TMBIM6;UPP1;TKFC;ENTPD5;GSS;NQO1;ACOX1;CYB5A;DDAH2;ADH5;SSR3;CNDP2;ATP2A2;BCAR1;SMOX;TPST1;DHPS;ALAS1;TGFB2;ACP1;SAR1B;GSTO1;FAH;PTGES3;ACOX2;LEAP2;TDO2;SERTAD1;PTGR1;PAPSS2;HPRT1;F10;SLC35B1;CASP6;CES1;PTS;SLC12A4;BPHL;TMEM176B,0.7668133249528599,0.7347737709854703,False,False,Huang_GSE214411,132,0.40947064607549727,1.8502236128900786,0.0016366612111292963,UPP1;SERPINE1;UGDH;IL1R1;SMOX;NINJ1;IRF8;PTS;TGFB2;HMOX1;SHMT2;SLC6A6;ATP2A2;HPRT1;BCAT1;ENPEP;COMT;ARPP19;AHCY;ID2;SERTAD1;ETS2;PTGES3;PTGDS;F10;TMBIM6;PYCR1;POR;SSR3;GSTO1;SLC35B1;ABHD6;SLC1A5;ELOVL5;SLC35D1;GART;SLC12A4;PAPSS2,0.004036815759728726,0.006809090135330666,True,True,False,False,not_significant_in_both
Mareckova_E-MTAB-14039,Immune_Myeloid,HALLMARK_ADIPOGENESIS,161,-0.27791370631830203,-1.2542298046612537,0.08022130013831259,ALDH2;PFKFB3;ADIPOR2;TANK;ELMOD3;SOD1;IMMT;GPAT4;GRPEL1;SCP2;CHUK;PTCD3;ABCA1;DLD;ETFB;POR;DHRS7B;SLC66A3;SQOR;RTN3;SUCLG1;IDH1;ARL4A;CRAT;DNAJC15;MGLL;ATP1B3;APLP2;TALDO1;VEGFB;YWHAG;DHRS7;ENPP2;DECR1;ALDOA;PIM3;MTCH2;APOE;MGST3;PLIN2,0.12534578146611342,0.16978052939325416,True,True,Huang_GSE214411,167,0.207061991007395,0.9685010146154934,0.5359281437125748,DNAJC15;UBQLN1;ATP1B3;YWHAG;CD36;GPAT4;TOB1;CMPK1;ALDOA;BAZ2A;G3BP2;GBE1;UBC;PFKFB3;PGM1;ABCA1;GADD45A;PLIN2;PHLDB1;TANK;DNAJB9;DHCR7;PPP1R15B;ARAF;GRPEL1;PIM3;ADIPOR2;RNF11;RETN;ALDH2;RIOK3;BCL6,0.5985499915697183,0.5889320260577745,False,False,False,False,not_significant_in_both
Mareckova_E-MTAB-14039,Immune_Myeloid,HALLMARK_ALLOGRAFT_REJECTION,132,-0.25496063910580763,-1.106044623938289,0.28591749644381226,NLRP3;ETS1;ABI1;HLA-A;BCAT1;FLNA;CCL2;LY86;B2M;RPL9;NPM1;UBE2D1;HLA-DOA;RPS9;CD86;HLA-E;NME1;HIF1A;EIF3J;SOCS5;EIF3D;HLA-DQA1;CTSS;CCL4;CRTAM;CAPG;TLR6;TLR1;SRGN;HLA-DMA;C2;HLA-DRA;TNF;ABCE1;F2R;IL18;ICAM1;CCR1;IL1B;IFNAR2;EREG;HLA-DMB;MMP9;IGSF6;BCL10;BCL3;FCGR2B;TIMP1,0.35050605608096896,0.41651901322066237,False,False,Huang_GSE214411,152,0.4804271474606068,2.1859749566153823,0.0015105740181268882,CFP;HLA-DQA1;FGR;EREG;FLNA;HLA-DOB;ICOSLG;GZMB;IL2RB;CCL22;BCL3;LY75;TIMP1;SRGN;AKT1;IRF7;GZMA;HIF1A;WAS;NLRP3;STAT4;RPS3A;IRF4;CCL19;BCL10;CD80;RPL9;IL2RG;INHBA;FCGR2B;RPL39;UBE2D1;CCR5;HLA-DRA;RIPK2;CCL2;ICAM1;TAP2;IL4R;CD86;TGFB1;TGFB2;MAP4K1;CD40;NPM1;CTSS;LCP2;FAS;UBE2N;KLRD1;EIF3A;LYN;MRPL3;PTPRC;TAPBP;CD3D;TAP1;TPD52;PRF1;SOCS1;CD7;EIF4G3;IFNGR2;TLR2;DYRK3;BCAT1;HLA-DOA;CCND2;MMP9;PRKCB;RPS19;GPR65;CD74;LIF;GBP2;EIF5A;ELF4;LTB;PTPN6;IFNGR1;SPI1;JAK2;RPS9;IKBKB;ITGAL;ST8SIA4;EIF3J,0.005385029617662898,0.006809090135330666,True,True,False,False,not_significant_in_both
Mareckova_E-MTAB-14039,Immune_Myeloid,HALLMARK_ANDROGEN_RESPONSE,80,-0.3228329952107553,-1.288888380377483,0.09156976744186046,B2M;NCOA4;TMEM50A;SORD;SGK1;SPCS3;ITGAV;ELOVL5;TNFAIP8;SLC38A2;AKAP12;UAP1;DBI;SMS;KRT8;MYL12A;SCD;VAPA;INSIG1;KRT19;ACSL3;NDRG1;ELL2,0.13694589583684474,0.18592846181088418,True,True,Huang_GSE214411,88,0.5397957822905727,2.253006310075045,0.001519756838905775,ACSL3;STEAP4;ELL2;UAP1;B4GALT1;NGLY1;ELOVL5;NDRG1;SLC38A2;VAPA;AKT1;PTK2B;UBE2J1;HMGCR;SMS;ANKH;PDLIM5;ZMIZ1;SAT1;ACTN1;DNAJB9;INSIG1;GNAI3;RRP12;XRCC6;MYL12A;ADAMTS1;TNFAIP8;IDI1;SRF;TPD52;RPS6KA3;SRP19;KRT8;ALDH1A3;DHCR24;AKAP12;ZBTB10,0.005385029617662898,0.006809090135330666,True,True,False,True,discordant
Mareckova_E-MTAB-14039,Immune_Myeloid,HALLMARK_ANGIOGENESIS,22,-0.5131302822343772,-1.5683715901746904,0.0231023102310231,OLR1;VEGFA;SPP1;VCAN;THBD;TIMP1,0.04125412541254125,0.06507693022823409,True,True,Huang_GSE214411,23,0.45724253311596386,1.4326676728225973,0.07652173913043478,VEGFA;VCAN;TIMP1;OLR1;THBD;JAG1;S100A4;FGFR1;PTK2;VAV2;CCND2,0.10683760683760685,0.11010322177040976,True,True,False,True,discordant
Mareckova_E-MTAB-14039,Immune_Myeloid,HALLMARK_APICAL_JUNCTION,110,-0.19916588809619018,-0.8449706662886272,0.7887323943661971,MYL12B;IKBKG;CD86;TUBG1;MAP3K20;WASL;GAMT;ITGB1;VASP;MPZL2;NECTIN2;CLDN7;CD276;BAIAP2;CRAT;ICAM1;ACTG1;TGFBI;INSIG1;ADAM9;MMP9;VCAN;STX4,0.8215962441314554,0.8368513468076362,False,False,Huang_GSE214411,121,0.34233493179159535,1.5048248422902661,0.009584664536741214,LAMB3;B4GALT1;ACTN4;MPZL2;VCAN;SRC;VCL;RHOF;VASP;MYL12B;ICAM5;PBX2;PIK3CB;ACTN1;BAIAP2;ACTG1;MSN;ICAM1;INSIG1;MYH9;CD86;VCAM1;TRAF1;CLDN4;PECAM1;JUP;PTPRC;PTEN;NF1;AKT3;PTK2;VAV2;FSCN1;CDH1;CLDN7;MAP3K20;ICAM4;ACTB;TIAL1;MMP9,0.02178332849259367,0.017667584399522974,True,True,False,False,not_significant_in_both
Mareckova_E-MTAB-14039,Immune_Myeloid,HALLMARK_APICAL_SURFACE,19,0.3383684622378944,1.082821283285421,0.35141509433962265,AKAP7;IL2RG;CRYBG1;BRCA1;FLOT2;THY1,0.39933533447684394,0.4781157746117315,False,False,Huang_GSE214411,21,0.5234428880837205,1.6256697156981088,0.0216998191681736,B4GALT1;IL2RB;SULF2;LYPD3;PLAUR;IL2RG;ADIPOR2;LYN,0.04173042147725692,0.03693586241391251,True,True,True,False,not_significant_in_both
Mareckova_E-MTAB-14039,Immune_Myeloid,HALLMARK_APOPTOSIS,125,-0.4290640750403517,-1.8605662244090284,0.0014347202295552368,CASP6;EBP;TSPO;IL1A;SATB1;CD44;VDAC2;SC5D;TNF;F2R;IL18;CD14;GNA15;CASP4;BCL2L11;BTG3;IL1B;DNAJA1;BTG2;EREG;SQSTM1;GADD45B;BCL10;IGFBP6;LGALS3;TIMP2;MCL1;BCAP31;DDIT3;KRT18;EGR3;BCL2L2;SOD2;TIMP1;SMAD7;IER3;HMOX1,0.005589090096132349,0.011689070718877849,True,True,Huang_GSE214411,142,0.45562931971401627,2.064052906332813,0.001455604075691412,LMNA;ANXA1;RARA;CASP9;CTNNB1;NEDD9;EREG;ISG20;CD44;GCH1;BNIP3L;GNA15;SOD2;TIMP1;EMP1;BCL2L11;VDAC2;PPP3R1;SMAD7;TIMP3;CDKN1A;DNAJA1;PEA15;PSEN1;CYLD;ANKH;BCL10;LGALS3;MCL1;PDGFRB;GADD45A;SAT1;TNFRSF12A;SLC20A1;SQSTM1;BIRC3;TGFB2;KRT18;ADD1;TGFBR3;FAS;CASP1;CFLAR;IGF2R;BID;CASP7;ETF1;DNAJC3;BAX;TAP1,0.005385029617662898,0.006809090135330666,True,True,False,True,discordant
Mareckova_E-MTAB-14039,Immune_Myeloid,HALLMARK_BILE_ACID_METABOLISM,51,-0.22610677649216587,-0.8399839991607694,0.7312977099236642,HSD17B4;ALDH9A1;PAOX;PEX19;SLC27A5;PRDX5;SLC23A2;PXMP2;DIO2;GCLM;ACSL1;SLC29A1;CROT;AMACR;PEX13;PEX1;SOD1;SCP2;ABCA1;HACL1;IDH1;EFHC1;NPC1;HSD17B11;AQP9,0.7779762871528343,0.78846114277484,False,False,Huang_GSE214411,64,0.2112492387187255,0.8372202438740386,0.7483333333333333,ACSL5;AQP9;ACSL1;PNPLA8;SLC35B2;ABCA1;RXRA;BCAR3;PEX6;IDI1;ATXN1,0.7636054421768708,0.7897977132805628,False,False,False,False,not_significant_in_both
Mareckova_E-MTAB-14039,Immune_Myeloid,HALLMARK_CHOLESTEROL_HOMEOSTASIS,56,-0.44035202685912894,-1.66961139726112,0.0030627871362940277,HSD17B7;CTNNB1;ALCAM;PNRC1;S100A11;GSTM2;GUSB;ERRFI1;ETHE1;EBP;CPEB2;CXCL16;NFIL3;SC5D;SEMA3B;PLSCR1;ACTG1;SCD;LGALS3;PLAUR;FABP5;LGMN;CD9,0.009008197459688316,0.01655560614212988,True,True,Huang_GSE214411,62,0.5409561685845061,2.126454989977604,0.0016155088852988692,ATF5;CTNNB1;LDLR;CPEB2;STARD4;CXCL16;CD9;PLSCR1;PLAUR;ERRFI1;CHKA;HMGCR;LGALS3;PNRC1;NIBAN1;NFIL3;FDFT1;ACTG1;TNFRSF12A;DHCR7;ALCAM;JAG1;TRIB3;SREBF2;SQLE;ALDOC;IDI1;ANTXR2,0.005385029617662898,0.006809090135330666,True,True,False,True,discordant
Mareckova_E-MTAB-14039,Immune_Myeloid,HALLMARK_COAGULATION,72,-0.45219048642195503,-1.7920132397988322,0.0014992503748125937,P2RY1;APOC2;C1QA;THBS1;MMP7;C2;TFPI2;CPQ;LAMP2;APOC1;ADAM9;MMP9;OLR1;F3;THBD;MMP14;CTSB;TIMP1;PLAU;FN1;LGMN;CD9,0.005589090096132349,0.011689070718877849,True,True,Huang_GSE214411,79,0.3478842548062375,1.4414257212495667,0.02711323763955343,ANXA1;CASP9;THBS1;FYN;CAPN2;FURIN;CD9;TIMP1;DUSP14;GNB2;TIMP3;SH2B2;OLR1;THBD;LTA4H;SERPINB2;ARF4;PECAM1;ANG;WDR1;SERPINA1;SERPINE1;LGMN;FN1;MMP9;MAFF,0.04841649578491684,0.04445679355376493,True,True,False,True,discordant
Mareckova_E-MTAB-14039,Immune_Myeloid,HALLMARK_COMPLEMENT,138,-0.45997053521073067,-1.9997425848399368,0.001445086705202312,PRCP;C1QA;CD59;LAP3;CALM3;C1QC;APOBEC3G;GRB2;CTSS;C2;PLSCR1;FCER1G;TFPI2;CPQ;LAMP2;CASP4;KYNU;DOCK10;APOC1;GCA;DOCK4;ADAM9;OLR1;CTSC;CEBPB;LGALS3;TIMP2;PLAUR;F3;STX4;MMP14;MMP12;CTSB;HSPA1A;CTSD;TIMP1;PLA2G7;FN1;LGMN;HSPA5;CTSL;LIPA,0.005589090096132349,0.011689070718877849,True,True,Huang_GSE214411,153,0.41348855655156197,1.8853203448138016,0.0014388489208633094,PIK3R5;CASP9;FYN;CD55;EHD1;GZMB;SRC;TIMP1;PLSCR1;IRF7;CD36;PLAUR;SH2B3;GZMA;S100A12;DUSP5;GNB2;KYNU;WAS;CALM1;HSPA1A;APOBEC3G;PSEN1;LGALS3;OLR1;S100A9;CEBPB;CD46;DOCK10;MMP12;GNAI3;LTA4H;SERPINB2;CDA;CTSS;TNFAIP3;USP16;CA2;LCP2;CASP1;RCE1;CASP7;LYN;HSPA5;GZMK;FDX1;RAF1;GRB2;ANXA5;ANG;NOTCH4;SERPINA1;SERPINE1;USP15;DOCK4;LGMN;PRCP;FCN1;FN1;MAFF;ADRA2B,0.005385029617662898,0.006809090135330666,True,True,False,True,discordant
Mareckova_E-MTAB-14039,Immune_Myeloid,HALLMARK_DNA_REPAIR,136,0.23142275047572095,1.1283751710677723,0.17358490566037735,TYMS;IMPDH2;RFC4;PCNA;POLA1;RFC3;TP53;UMPS;SNAPC5;ALYREF;ZWINT;NME4;POLR2G;ERCC3;POLL;SAC3D1;RPA3;ADA;FEN1;SF3A3;DDB2;AAAS;GTF2F1;DUT;NELFB;USP11,0.23457419683834776,0.2881077272371408,True,False,Huang_GSE214411,139,-0.20508830188888338,-0.9996412286214625,0.48757763975155277,NT5C;RPA3;GSDME;SSRP1;POLR2F;UMPS;PCNA;SNAPC5;SAC3D1;SMAD5;CETN2;RFC3;VPS28;POLR2I;RAD51;POLD3;TYMS;POLR3GL;ERCC4;POLR2G;GTF3C5;TK2;FEN1;RFC4;PRIM1,0.5669507438971544,0.5463054787132244,False,False,False,False,not_significant_in_both
Mareckova_E-MTAB-14039,Immune_Myeloid,HALLMARK_E2F_TARGETS,178,0.5792651706701303,2.9170430469555497,0.004149377593360996,TK1;ASF1B;RAD51AP1;MCM5;TOP2A;E2F8;MXD3;KIF2C;AURKB;CDCA3;LMNB1;SPC24;NCAPD2;KIF4A;NAP1L1;MELK;MCM7;PTTG1;HMGB2;MCM2;RFC1;DIAPH3;CDC20;UBE2T;BIRC5;CBX5;SHMT1;DDX39A;PCNA;RPA1;RFC3;NUP205;TMPO;PHF5A;TACC3;XRCC6;CDKN3;MYBL2;TP53;DEPDC1;CENPM;CDC25B;BUB1B;ORC6;PAN2;TUBB;STMN1;DLGAP5;TIMELESS;AURKA;CKS2;PSIP1;BRCA1;CDCA8;RAD51C;RPA3;HMMR;RAD21;NOP56;DONSON;BARD1;RANBP1;DEK;MKI67;MAD2L1;CDKN2C;MCM6;CCNB2;DUT;PRIM2;TCF19;UBE2S;CENPE;SMC1A;SSRP1;CDK4;KIF22;USP1;SMC4;WEE1;PRKDC;POP7;EIF2S1;IPO7;MYC;ANP32E;PAICS;POLD1;RACGAP1;ATAD2;RRM2;CKS1B;CCP110;MTHFD2;LIG1;NBN,0.009879470460383323,0.019758940920766646,True,True,Huang_GSE214411,186,-0.44401785699179225,-2.2679264407534023,0.003401360544217687,CHEK1;TK1;HMMR;CDKN1B;CHEK2;TRA2B;POLD1;LMNB1;ASF1A;KIF22;ING3;KIF4A;NME1;E2F8;MSH2;DCK;RAD1;RRM2;ASF1B;MELK;PSMC3IP;CIT;TUBG1;LBR;NCAPD2;GINS4;LIG1;CCNB2;DONSON;CDCA3;UBR7;CBX5;RFC2;EXOSC8;PDS5B;UNG;RBBP7;MAD2L1;CCP110;CDC25B;CDKN2C;MCM2;MCM5;POP7;RPA3;MCM6;CKS1B;SSRP1;RACGAP1;PSIP1;XPO1;TOP2A;TIPIN;RPA1;MXD3;ATAD2;PCNA;NASP;DEPDC1;DCTPP1;NAA38;POLE;RNASEH2A;DNMT1;AURKB;CENPM;PA2G4;RAD51AP1;MCM7;RFC3;SMC4;SPC25;PMS2;BRCA2;KIF2C;BUB1B;POLD3;MCM4;MRE11;RFC1;HELLS;TUBB;STMN1;SMC3;UBE2T;TCF19;BIRC5;MCM3;CDCA8;CTCF;RAD21;SMC1A;BARD1;ORC6;MKI67;USP1;BRCA1;MMS22L,0.008098477486232589,0.007236937328122739,True,True,False,True,discordant
Mareckova_E-MTAB-14039,Immune_Myeloid,HALLMARK_EPITHELIAL_MESENCHYMAL_TRANSITION,129,-0.3352043281523452,-1.4738982107698977,0.012711864406779662,PPIB;ITGAV;WNT5A;ADAM12;ITGB1;CD59;JUN;DST;AREG;CDH2;THBS1;GLIPR1;DAB2;BASP1;CD44;PDLIM4;CAPG;CCN1;TFPI2;GEM;ANPEP;TGFBI;GADD45B;VEGFA;SPP1;VCAN;VIM;PLAUR;TGM2;MMP14;ITGA5;TIMP1;NT5E;PMP22;FN1;CXCL8,0.023540489642184557,0.03911342894393742,True,True,Huang_GSE214411,143,0.31663814429033493,1.4420080765365768,0.011834319526627219,VIM;ANPEP;THBS1;FLNA;VEGFA;CD44;SDC4;EMP3;TGM2;VCAN;TIMP1;ITGA5;BASP1;PLAUR;NOTCH2;TIMP3;PTX3;INHBA;PDGFRB;GADD45A;SAT1;TNFRSF12A;SLC6A8;ID2;TGFB1;COPA;VCAM1;ELN;TNFAIP3;TGFBR3;FAS;QSOX1,0.02465483234714004,0.021615195482424143,True,True,False,True,discordant
Mareckova_E-MTAB-14039,Immune_Myeloid,HALLMARK_ESTROGEN_RESPONSE_EARLY,108,-0.3915771604956042,-1.6616722903675054,0.001466275659824047,BLVRB;UGCG;ELOVL5;AREG;NRIP1;CANT1;INPP5F;CD44;FKBP4;ZNF185;ELF3;CLDN7;ISG20L2;SEMA3B;MYBBP1A;KRT8;GLA;GREB1;DHRS3;XBP1;KRT19;PAPSS2;SLC7A5;SH3BP5;TGM2;NCOR2;KRT18;EGR3;IGF1R;SLC2A1;BHLHE40,0.005589090096132349,0.011689070718877849,True,True,Huang_GSE214411,133,0.3785576311546661,1.7183240838972695,0.001557632398753894,RARA;SLC7A5;B4GALT1;CD44;ISG20L2;SH3BP5;ELOVL5;TGM2;PPIF;PTGES;FLNB;SLC2A1;PAPSS2;ADD3;TIPARP;TOB1;MYC;TMEM164;KLF4;BHLHE40;RBBP8;FDFT1;TPD52L1;SIAH2;MED13L;DHCR7;RRP12;GLA;KRT18;SVIL;IGF1R;XBP1;KDM4B;LAD1;IL6ST;NXT1;KLF10;MAST4;DYNLT3;LRIG1;PODXL;OPN3;BAG1;KRT8;INPP5F;CLDN7;UGCG;GAB2;MYBL1;NBL1;AQP3;NAV2;NRIP1;FKBP4;CLIC3,0.005385029617662898,0.006809090135330666,True,True,False,True,discordant
Mareckova_E-MTAB-14039,Immune_Myeloid,HALLMARK_ESTROGEN_RESPONSE_LATE,113,-0.29996576006227216,-1.273306406851683,0.09312320916905444,RABEP1;PPIF;CHPT1;DUSP2;CXCL12;TPBG;CPE;S100A9;SLC24A3;IMPA2;CA2;ALDH3B1;SCUBE2;SORD;SGK1;BAG1;RAB31;METTL3;BLVRB;ELOVL5;AREG;NRIP1;ETFB;ST14;CD44;DCXR;FKBP4;SEMA3B;TFPI2;PRLR;GALE;BATF;BTG3;GLA;XBP1;KRT19;PAPSS2;SLC7A5;NCOR2;FABP5;EGR3;CD9,0.13694589583684474,0.18812769529101905,True,True,Huang_GSE214411,128,0.29322217917769494,1.296632434390063,0.062409288824383166,ISG20;SLC7A5;CD44;ELOVL5;PPIF;PTGES;CD9;FLNB;PAPSS2;ADD3;TOB1;LLGL2;LSR;S100A9;KLF4;RBBP8;NAB2;FDFT1;TPD52L1;SIAH2;DHCR7;ID2;GLA;UGDH;CA2;XBP1;IL6ST;NXT1;HPRT1;DYNLT3;BTG3;TSPAN13;OPN3;BAG1;SERPINA1;CDH1;NBL1;EMP2;NRIP1;FKBP4;CLIC3;CAV1;PTPN6;JAK2;MAPK13;NCOR2;SGK1;AREG;BCL2;SLC26A2;AMFR;AFF1;FABP5;DUSP2;EGR3;MICB;ATP2B4;ITPK1,0.09455952852179267,0.0921170314751043,True,True,False,True,discordant
Mareckova_E-MTAB-14039,Immune_Myeloid,HALLMARK_FATTY_ACID_METABOLISM,112,-0.3426163966512571,-1.4626973405558168,0.008823529411764706,RDH11;HADHB;PDHA1;PRDX6;ELOVL5;MIF;XIST;PPARA;DLD;ADSL;SUCLA2;SMS;GRHPR;SUCLG1;UROD;IDH1;CRAT;MGLL;ACSL4;HSP90AA1;OSTC;IL4I1;GABARAPL1;DECR1;ALDOA;HSPH1;LDHA;GLUL;HSD17B11;S100A10;SERINC1;G0S2,0.01764705882352941,0.030605998775760052,True,True,Huang_GSE214411,123,0.219151157416546,0.9653495506955936,0.5386949924127465,S100A10;ACSL5;LDHA;ELOVL5;ACSL1;CD36;GABARAPL1;ACSL4;IL4I1;SMS;ALDOA;PTS;G0S2;HSPH1;UGDH;CA2;TP53INP2;ADIPOR2;IDI1;ACADVL;PRDX6,0.5985499915697183,0.5903506766167086,False,False,False,False,not_significant_in_both
Mareckova_E-MTAB-14039,Immune_Myeloid,HALLMARK_G2M_CHECKPOINT,173,0.4826375950953772,2.4390688422168685,0.0035971223021582736,MCM5;HIRA;TOP2A;UBE2C;KIF2C;AURKB;GINS2;LMNB1;KIF4A;UPF1;SMC2;PTTG1;PRMT5;MCM2;CDC20;TPX2;BIRC5;NUSAP1;DR1;DDX39A;MARCKS;TMPO;TACC3;INCENP;NDC80;KIF23;CDKN3;MYBL2;PRC1;CENPF;CDC25B;ORC6;STMN1;AURKA;CBX1;CKS2;CCNA2;HMMR;TNPO2;RAD21;ABL1;HMGN2;KMT5A;BARD1;CENPA;DTYMK;MKI67;MAD2L1;CDKN2C;MCM6;CCNB2;STIL;NUP50;TFDP1;BUB3;PRIM2;KPNB1;UBE2S;NEK2;CENPE;SMC1A;DKC1;SLC38A1;CDK4;KIF22;SMC4;RBM14;MT2A;MYC;CHAF1A;KIF20B;RACGAP1;KIF5B,0.00946611132146914,0.0183452577508714,True,True,Huang_GSE214411,176,-0.304780088983277,-1.5306533745720359,0.0029940119760479044,E2F1;MT2A;E2F2;KNL1;PDS5B;MAD2L1;CDC25B;CDKN2C;MCM2;MCM5;CENPA;MCM6;CKS1B;RACGAP1;CBX1;XPO1;TOP2A;CCND1;TTK;PML;NASP;ARID4A;POLE;KIF15;AURKB;STIL;TPX2;CENPF;CCNA2;KIF11;SMC4;BUB3;BRCA2;PRC1;KIF2C;NSD2;DTYMK;CHMP1A;POLQ;STMN1;NUSAP1;CDC27;BIRC5;MCM3;FBXO5;NUP50;RBL1;CASP8AP2;HMGN2;CTCF;PURA;GINS2;MTF2;RAD21;SMC1A;BARD1;ORC6;MKI67;BUB1,0.00787897888433659,0.006962818548948615,True,True,False,True,discordant
Mareckova_E-MTAB-14039,Immune_Myeloid,HALLMARK_GLYCOLYSIS,139,-0.4181096101785321,-1.8515458489017593,0.0013315579227696406,B4GALT7;GFPT1;TPI1;SRD5A3;PYGL;RRAGD;SOD1;GALK1;CHST2;GUSB;MPI;MIF;CASP6;HS2ST1;DLD;P4HA2;AKR1A1;GOT1;CYB5A;CD44;COPB2;FKBP4;ELF3;IDH1;FAM162A;AGL;GALE;PAM;P4HA1;TALDO1;TGFBI;PGAM1;ENO1;PFKP;PKM;ERO1A;ALDOA;PGK1;VEGFA;LDHA;CITED2;VCAN;MXI1;SLC16A3;SDC2;HK2;NT5E;HSPA5;IER3,0.005589090096132349,0.011689070718877849,True,True,Huang_GSE214411,148,0.22010800265312158,1.0046295397811815,0.447178002894356,DDIT4;ISG20;VEGFA;B4GALT1;CD44;LDHA;VCAN;HK2;ERO1A;EGLN3;TXN;PGK1;P4HA1;ALDOA;FAM162A;GYS1;PFKP;PKP2;SLC16A3;QSOX1;CHST12;HSPA5;IRS2;CYB5A;ENO1;HOMER1;ANG;GFPT1;IDUA;EXT1;IGFBP3;CXCR4;TGFA;MIF;ARPP19;FKBP4;PKM;ECD;BPNT1,0.5323547653504238,0.5052858789766734,False,False,False,False,not_significant_in_both
Mareckova_E-MTAB-14039,Immune_Myeloid,HALLMARK_HEDGEHOG_SIGNALING,17,-0.4048296618493903,-1.1533092426273517,0.28741496598639454,TLE3;VEGFA;NRP2,0.35050605608096896,0.4165434289657892,False,False,Huang_GSE214411,16,0.35292232180265726,1.003418316744592,0.44712430426716143,VEGFA;TLE3;ETS2;MYH9,0.5323547653504238,0.5052858789766734,False,False,False,False,not_significant_in_both
Mareckova_E-MTAB-14039,Immune_Myeloid,HALLMARK_HEME_METABOLISM,130,-0.3728037130504639,-1.6298167744300915,0.0014285714285714286,BLVRB;EIF2AK1;MOSPD1;BMP2K;PICALM;GDE1;P4HA2;ARL2BP;NUDT4;LRP10;ATP6V0A1;NFE2L1;CDC27;UROD;FOXO3;CDR2;LAMP2;SLC25A37;DCAF11;PSMD9;TFRC;ARHGEF12;BTG2;ACP5;CTNS;TNS1;SDCBP;MXI1;AGPAT4;SLC11A2;ELL2;MGST3;MPP1;CTSB;SLC2A1,0.005589090096132349,0.011689070718877849,True,True,Huang_GSE214411,143,0.2821965514225876,1.2851569327952315,0.060650887573964495,MAP2K3;ELL2;KHNYN;SLC25A37;FBXO34;BNIP3L;AGPAT4;SMOX;TOP1;PICALM;YPEL5;CLIC2;SLC2A1;BACH1;MPP1;TENT5C;SDCBP;SLC6A8;EPB41;NR3C1;ADD1;CA2;CAST;ADIPOR1;RIOK3;CLCN3;KAT2B;NUDT4;BCAM;MARK3;TFRC;MINPP1;USP15;SLC11A2;ICAM4;SEC14L1;ISCA1;KDM7A;SLC7A11;AQP3,0.09455952852179267,0.09012815096465286,True,True,False,True,discordant
Mareckova_E-MTAB-14039,Immune_Myeloid,HALLMARK_HYPOXIA,142,-0.5262470544439042,-2.340671944836198,0.0013513513513513514,ADM;JUN;CHST2;MIF;ERRFI1;PRKCA;CASP6;CSRP2;AKAP12;P4HA2;NFIL3;GAPDH;HS3ST1;GRHPR;CCN1;AMPD3;RBPJ;FOXO3;ANXA2;FAM162A;DUSP1;BTG1;PAM;P4HA1;TGFBI;ENO1;KDM3A;PFKP;ERO1A;ALDOA;PPP1R15A;PGK1;VEGFA;LDHA;JMJD6;CITED2;NDRG1;FOSL2;MXI1;PLAUR;TGM2;F3;DDIT3;SDC2;PDK1;HK2;SLC2A3;HSPA5;IER3;SLC2A1;PLIN2;BHLHE40;FBP1;HMOX1,0.005589090096132349,0.011689070718877849,True,True,Huang_GSE214411,152,0.4775077532769536,2.1726915220557697,0.0015105740181268882,DDIT4;IDS;ISG20;HAS1;VEGFA;LDHA;SDC4;BNIP3L;NOCT;NDRG1;BTG1;TES;TGM2;HK2;ERO1A;PGK1;SLC2A3;JMJD6;PLAUR;ERRFI1;FOSL2;SLC2A1;P4HA1;CDKN1A;TIPARP;SLC6A6;ALDOA;PNRC1;FAM162A;GBE1;NFIL3;BHLHE40;PFKFB3;PGM1;PLIN2;SIAH2;MYH9;NR3C1;GYS1;PFKP;S100A4;ADM;ANXA2;KDM3A;GPI;TNFAIP3;CDKN1C;RBPJ;ALDOC;HSPA5;IRS2;ENO1;TPD52;PDK1;GAPDH;CSRP2;AKAP12;SERPINE1;EXT1;IGFBP3;ATF3;NEDD4L;CXCR4,0.005385029617662898,0.006809090135330666,True,True,False,True,discordant
Mareckova_E-MTAB-14039,Immune_Myeloid,HALLMARK_IL2_STAT5_SIGNALING,142,-0.33509938511539217,-1.4904743368118338,0.010810810810810811,NFIL3;CD44;CAPG;SMPDL3A;RNH1;PLSCR1;ARL4A;AHR;DENND5A;GSTO1;SERPINB6;BATF;ITGAE;P4HA1;MAP3K8;DHRS3;XBP1;GADD45B;GABARAPL1;SPP1;P2RX4;NDRG1;CDCP1;TGM2;PNP;CTSZ;HK2;IGF1R;PHLDA1;NT5E;SLC2A3;PLIN2;BHLHE40,0.02079002079002079,0.03404979782932539,True,True,Huang_GSE214411,160,0.4535674426458499,2.0895861094128683,0.00145985401459854,IL3RA;DENND5A;CD44;ADAM19;GLIPR2;FURIN;NDRG1;PTGER2;TGM2;IL2RB;HK2;SPRED2;PNP;AHR;MXD1;EMP1;PLSCR1;PRNP;SNX9;PLEC;SLC2A3;MAPKAPK2;AHNAK;CDC42SE2;IL1R2;GABARAPL1;P4HA1;CD48;IRF4;MAP3K8;MYC;PHLDA1;BATF3;NFIL3;PRKCH;SELL;BHLHE40;CKAP4;PLIN2;TNFRSF18;SLC39A8;CD83;TNFRSF1B;IL4R;CD86;ALCAM;TRAF1;CA2;IGF1R;CDKN1C;XBP1;IGF2R,0.005385029617662898,0.006809090135330666,True,True,False,True,discordant
Mareckova_E-MTAB-14039,Immune_Myeloid,HALLMARK_IL6_JAK_STAT3_SIGNALING,62,0.2621312723516168,1.1236051040114554,0.22590361445783133,CXCL10;STAT2;EBI3;LTB;CXCL9;ITGA4;IL2RG;CSF2RA;IRF1;MYD88;IL18R1;TYK2;TLR2;CSF3R;PTPN1;STAM2;ACVRL1;STAT1,0.2972415979708307,0.3529743975903614,False,False,Huang_GSE214411,71,0.46220708454143167,1.8516362261399422,0.0015822784810126582,IL3RA;PIK3R5;CD44;CD9;CD36;IL1R2;MAP3K8;TYK2;CSF3R;IL2RG;EBI3;IRF9;PTPN1;PTPN2;TNFRSF12A;TNFRSF1B;IL4R;TGFB1;MYD88;FAS;STAT3;CXCL11;CXCL10;IL6ST;GRB2;SOCS3;BAK1;SOCS1;IFNGR2;TLR2;CSF2RA;IL1R1,0.005385029617662898,0.006809090135330666,True,True,True,False,not_significant_in_both
Mareckova_E-MTAB-14039,Immune_Myeloid,HALLMARK_INFLAMMATORY_RESPONSE,136,-0.40369139291970485,-1.7577578325825969,0.0013568521031207597,SRI;HIF1A;PTAFR;RGS1;CD69;ADM;CHST2;MARCO;ABCA1;ATP2A2;IL1A;TLR1;PDE4B;BEST1;IL18;NFKBIA;CD14;ICAM1;AHR;GNA15;CCRL2;IL7R;TNFAIP6;IL1B;HRH1;OSM;BTG2;EREG;C5AR1;SPHK1;OLR1;CD82;SLC1A2;P2RX4;ATP2B1;C3AR1;GPR183;HBEGF;FPR1;PLAUR;CCL20;CLEC5A;SLC11A2;MSR1;F3;MMP14;ITGA5;TIMP1;AQP9;CXCL8,0.005589090096132349,0.011689070718877849,True,True,Huang_GSE214411,158,0.5104704641619959,2.372052069409306,0.0014903129657228018,CCL17;PIK3R5;AQP9;CD55;TNFAIP6;LDLR;EREG;SGMS2;C5AR1;GCH1;GNA15;EMP3;PTGIR;ICOSLG;PTGER2;IL2RB;CCL22;NAMPT;ATP2B1;CCL20;AHR;TIMP1;MXD1;ITGA5;IRF7;PLAUR;ATP2A2;HIF1A;NFKB1;IRAK2;NLRP3;CD48;CDKN1A;PSEN1;MYC;LAMP3;OLR1;SLC7A1;CSF3R;INHBA;SELL;RNF144B;CALCRL;EBI3;ABCA1;RIPK2;CCL2;CCR7;GPR132;TNFRSF1B;ICAM1;GNAI3;PDE4B;IL4R;SELENOS;ADM;CD40;GABBR1;LCP2;SPHK1;LYN;SLC31A2;CXCL11;TAPBP;CXCL10;NOD2;RAF1;MEFV;FPR1;KIF1B;SCARF1;IFNGR2;TLR2;SERPINE1;SLC11A2;PROK2;IL1R1;TNFRSF9;SEMA4D;ICAM4;RELA,0.005385029617662898,0.006809090135330666,True,True,False,True,discordant
Mareckova_E-MTAB-14039,Immune_Myeloid,HALLMARK_INTERFERON_ALPHA_RESPONSE,83,0.5288961614503191,2.376977839658173,0.002898550724637681,CXCL10;STAT2;PSME1;IFITM1;UBE2L6;OGFR;IFI44L;UBA7;TAP1;IL15;NCOA7;IFIH1;ISG15;IFIT3;IFITM2;TXNIP;CNP;NUB1;EPSTI1;IRF1;SAMD9L;IFI35;NMI;GBP4;CD74;DDX60;PSME2;TRAFD1;CASP8;RNF31;TRIM21;OAS1;LAMP3;LY6E;IFIT2;SELL;PARP14;SP110,0.009008197459688316,0.016329863237395388,True,True,Huang_GSE214411,93,-0.3114302592138802,-1.4319528189709934,0.020895522388059702,IRF2;HERC6;NCOA7;NUB1;NMI;IFI44L;BST2;IFI35;C1S;RTP4;LGALS3BP;IFI27;PARP14;IFIT3;MVB12A;IFITM3;SAMD9L;MX1;LY6E;CNP;PARP9;TMEM140;TRIM14;IFI44;LPAR6;TRIM21;SAMD9;TXNIP,0.04173042147725692,0.03602676273803397,True,True,False,True,discordant
Mareckova_E-MTAB-14039,Immune_Myeloid,HALLMARK_INTERFERON_GAMMA_RESPONSE,166,0.3183005671087461,1.6016066142164276,0.0038461538461538464,CXCL10;SLAMF7;STAT2;XAF1;PSME1;UBE2L6;CXCL9;IRF5;OGFR;IFI44L;OAS3;TAP1;IL15;IFIH1;ISG15;IFIT3;IFITM2;TXNIP;SERPING1;IRF4;OAS2;PSMB10;EPSTI1;SECTM1;IFIT1;IRF1;SAMD9L;IFI35;NMI;ITGB7;SSPN;GBP4;RNF213;MYD88;TOR1B;CD74;DDX60;ST8SIA4;PSME2;TRAFD1;CASP8;RNF31;TRIM21;LY6E;ST3GAL5;IFIT2;IRF8;PTPN1;PARP14;SP110;JAK2;NLRC5;NCOA3;STAT1;MX1,0.009615384615384616,0.019054878048780487,True,True,Huang_GSE214411,184,0.35010100741881545,1.6645418725765206,0.0029806259314456036,HLA-DQA1;TNFAIP6;ISG20;GCH1;HLA-DRB1;BTG1;IL2RB;XCL1;NAMPT;PNP;SOD2;PLSCR1;IRF7;NUP93;UPP1;GZMA;HIF1A;NFKB1;STAT4;CDKN1A;IRF4;MX2;TNFAIP2;IDO1;IRF9;RIPK2;CCL2;PTPN1;PTPN2;ICAM1;PDE4B;IL4R;CD86;MYD88;PFKP;LATS2;VCAM1;MTHFD2;CD40;TNFAIP3;AUTS2;LCP2;FAS;CASP1;STAT3;CASP7;IFIH1;CXCL11;TAPBP;CXCL10;TAP1;ZNFX1;SOCS3;FPR1;SOCS1,0.00787897888433659,0.006962818548948615,True,True,True,True,concordant_positive
Mareckova_E-MTAB-14039,Immune_Myeloid,HALLMARK_KRAS_SIGNALING_DN,37,-0.31645963871958344,-1.0961706040140087,0.3312202852614897,VPS50;CPEB3;CLSTN3;IGFBP2;PTPRJ;SGK1;SKIL;GAMT;CHST2;SLC16A7;CAMK1D;KMT2D;COPZ2;ENTPD7;BTG2;NR4A2,0.3851398665831276,0.45843638098476086,False,False,Huang_GSE214411,51,0.2303805563847616,0.8534982096873149,0.72,SNN;LYPD3;KMT2D;CD80;LFNG;SKIL;TENT5C;SERPINB2;TGFB2;PTPRJ,0.75,0.7639257294429708,False,False,False,False,not_significant_in_both
Mareckova_E-MTAB-14039,Immune_Myeloid,HALLMARK_KRAS_SIGNALING_UP,124,-0.35737293350202115,-1.560568861923737,0.005714285714285714,LAPTM5;CTSS;AKAP12;EVI5;SATB1;MPZL2;STRN;TMEM176A;TMEM176B;SEMA3B;FCER1G;EPB41L3;GADD45G;IL7R;IL1B;SLPI;EREG;SDCCAG8;MMP9;ERO1A;LY96;PPP1R15A;SPP1;C3AR1;HBEGF;PLAUR;CCL20;PLAU;G0S2;PTGS2;GPNMB,0.012987012987012986,0.02471882338400692,True,True,Huang_GSE214411,143,0.31663533799910665,1.4419952963498266,0.011834319526627219,ADAM8;EREG;MPZL2;ERO1A;CCL20;EMP1;PLAUR;KCNN4;GALNT3;ANKH;IL1RL2;IL2RG;EPB41L3;INHBA;USP12;G0S2;KLF4;LCP1;PRELID3B;TNFRSF1B;BIRC3;ID2;MAP4K1;CTSS;TNFAIP3;TRAF1;CA2;IKZF1;RETN;ZNF277;PECAM1;JUP;CXCL10;ADGRA2;ADAM17;TSPAN13;ALDH1A3;AKAP12;SATB1;IGFBP3;CSF2RA;CXCR4;TFPI;CCND2;MMP9;LIF;HBEGF;PIGR;GNG11;PTBP2;DOCK2;IL7R,0.02465483234714004,0.021615195482424143,True,True,False,True,discordant
Mareckova_E-MTAB-14039,Immune_Myeloid,HALLMARK_MITOTIC_SPINDLE,173,0.30388670737818424,1.5357290999751698,0.0035971223021582736,FSCN1;TOP2A;KIF2C;LMNB1;FGD4;KIF4A;RHOT2;RFC1;TPX2;BIRC5;WASF2;NUSAP1;NET1;MARCKS;INCENP;ARHGEF3;NDC80;KIF23;PRC1;CENPF;DLGAP5;ANLN;RHOF;AURKA;SAC3D1;STAU1;ARHGAP4;ABL1;ALS2;EZR;TIAM1;SUN2;ATG4B;NIN;CCNB2;ARHGAP27;RANBP9;NEK2;CENPE;SMC1A;ECT2;PXN,0.00946611132146914,0.0183452577508714,True,True,Huang_GSE214411,183,0.2351814444122491,1.1049316231405242,0.24108416547788872,NEDD9;FLNA;ACTN4;NET1;TUBA4A;SEPTIN9;CDC42EP2;BCL2L11;CDC42EP4;DYNC1H1;VCL;FLNB;ARHGEF7;NOTCH2;EZR;AKAP13;RHOF;ARF6;PPP4R2;DYNLL2;PXN;PDLIM5;PCGF5;UXT;STK38L;CYTH2;MARK4;MYH9;MYO9B;EPB41;ABR;GEMIN4;PAFAH1B1;MID1IP1;TRIO;ARHGAP10;CSNK1D;KLC1;ARL8A,0.3172160072077483,0.29948343537625927,False,False,True,False,not_significant_in_both
Mareckova_E-MTAB-14039,Immune_Myeloid,HALLMARK_MTORC1_SIGNALING,177,-0.44125797408656053,-2.0278004868180832,0.0012953367875647669,HSPD1;TBK1;ELOVL5;CACYBP;SDF2L1;PDAP1;EDEM1;PSMD14;EBP;ATP2A2;GOT1;IFRD1;ATP6V1D;NFIL3;ABCF2;GAPDH;SEC11A;CALR;SC5D;CANX;UBE2D3;ACACA;IDH1;PSMD12;P4HA1;RIT1;USO1;GLA;EEF1E1;TFRC;SCD;SERP1;XBP1;ENO1;INSIG1;BTG2;HSPE1;SQSTM1;ACSL3;ERO1A;ALDOA;CTSC;PPP1R15A;PGK1;SLC7A5;FKBP2;LDHA;RAB1A;PRDX1;IFI30;HSPA9;STIP1;DDIT3;PNP;PDK1;HK2;SLC2A3;LGMN;HSPA5;SLC2A1;BHLHE40;CD9,0.005589090096132349,0.011689070718877849,True,True,Huang_GSE214411,183,0.47930631571858107,2.251881336692959,0.0014265335235378032,DDIT4;CFP;ACSL3;MAP2K3;LDLR;SLC7A5;LDHA;STARD4;ELOVL5;TES;PITPNB;HK2;HSPA9;NAMPT;ERO1A;EGLN3;TUBA4A;PNP;EDEM1;SERP1;CD9;PGK1;UFM1;SLC2A3;HSPE1;ATP2A2;SLC2A1;CACYBP;P4HA1;HSPA4;ADD3;CDKN1A;DAPP1;HMGCR;SLC6A6;UBE2D3;ALDOA;NIBAN1;GBE1;NFIL3;PPA1;BHLHE40;PGM1;RAB1A;PNO1;SQSTM1;INSIG1;HSPD1;PSMD12;STIP1;LTA4H;DHCR7;GLA;TRIB3;MTHFD2;GPI;ADIPOR2;SQLE;XBP1;ETF1;IDI1;HSPA5;IFRD1;RIT1;GTF2H1;ENO1;MTHFD2L;PDK1;HPRT1;GAPDH,0.005385029617662898,0.006809090135330666,True,True,False,True,discordant
Mareckova_E-MTAB-14039,Immune_Myeloid,HALLMARK_MYC_TARGETS_V1,191,0.24010631176053865,1.206452096721752,0.10038610038610038,MCM5;RRP9;TYMS;NAP1L1;MCM7;DDX18;IMPDH2;MCM2;CDC20;RUVBL2;NHP2;RFC4;PCNA;SNRPA;XRCC6;TRIM28;MRPL9;SF3B3;ACP1;CCNA2;EIF3B;ETF1;POLE3;NOP56;SNRPB2;RANBP1;DEK;MAD2L1;MCM6;SNRPA1;FAM120A;DUT;TFDP1;CCT7;BUB3;STARD7;SRM;RRM1;KPNB1;SET;LSM2;HDAC2;COX5A;CDK4;USP1;GNL3;HDDC2;VDAC3;EIF2S1;DDX21;MYC;PPIA;TARDBP,0.14340871483728626,0.196835490953138,True,True,Huang_GSE214411,195,0.35806141650762446,1.6915223893439775,0.0014367816091954023,PCBP1;PABPC1;RPL14;LDHA;DDX21;RPL22;EIF4G2;PGK1;RPS6;HSPE1;RNPS1;RPL34;EEF1B2;RPL6;MYC;UBE2E1;DHX15;SRSF2;HNRNPC;TCP1;RPS3;NOLC1;GSPT1;CCT4;EIF1AX;HSPD1;GNL3;XRCC6;HSP90AB1;NPM1;EIF4E;FBL;PSMA6;RACK1;SNRPA;ILF2;DDX18;EIF4A1;ETF1;IFRD1;RPLP0;PABPC4;NCBP2;PTGES3;VDAC1;HNRNPA1;HPRT1;KPNA2;RPS10;CCT2;ODC1;TFDP1;EIF4H;RPS5;CSTF2;SSB;G3BP1;SNRPB2;EIF2S1;RSL1D1;RPL18;RAD23B;NAP1L1;HNRNPA2B1;CCT5;ACP1;LSM7;HNRNPA3;SNRPG;UBA2;XPOT;RPS2;U2AF1;CDK2,0.005385029617662898,0.006809090135330666,True,True,True,True,concordant_positive
Mareckova_E-MTAB-14039,Immune_Myeloid,HALLMARK_MYC_TARGETS_V2,49,0.2412296616929343,0.9859215174114316,0.4887005649717514,MCM5;RRP9;TMEM97;DDX18;NIP7;NOP56;SRM;PUS1;NOC4L;NOP2;CDK4;GNL3;MYC;IMP4;PRMT3,0.5311962662736428,0.6014776184267709,False,False,Huang_GSE214411,54,-0.22836115834229465,-0.9180468863460512,0.6454081632653061,RABEPK;SUPV3L1;TFB2M;UNG;MCM5;PPAN;DCTPP1;TMEM97;PA2G4;NDUFAF4;MRTO4;MCM4;UTP20;IMP4,0.6866044290056449,0.697738554881412,False,False,False,False,not_significant_in_both
Mareckova_E-MTAB-14039,Immune_Myeloid,HALLMARK_MYOGENESIS,84,-0.2422809630233228,-0.9898532321713801,0.4713855421686747,EIF4A2;CDKN1A;GAA;GSN;BAG1;ADAM12;PRNP;ITGB1;GNAO1;MRAS;IFRD1;NOTCH1;CRAT;AGL;RIT1;SCD;ATP6AP1;GADD45B;SPHK1;PDE4DIP;HBEGF;BHLHE40,0.5237617135207496,0.5929377888914147,False,False,Huang_GSE214411,105,0.3180180559366095,1.346891355440567,0.055900621118012424,KLF5;ACSL1;PRNP;CD36;LSP1;CDKN1A;FHL1;MYOM2;GABARAPL2;BHLHE40;TPD52L1;MEF2D;SLC6A8;MYH9;TGFB1;NOTCH1;SVIL;PDE4DIP;PDLIM7;WWTR1;SPHK1;IFRD1;RIT1;DAPK2;FLII;BAG1;IGFBP3;NAV2;MRAS;CRYAB;HBEGF;TPM3;SPTAN1;CNN3;LPIN1;GSN;OCEL1;PLXNB2;AGRN;SIRT2;FXYD1;PICK1;COL15A1;PSEN2;TAGLN;CLU;RYR1;CKB,0.0901622921258265,0.08437829602718856,True,True,False,False,not_significant_in_both
Mareckova_E-MTAB-14039,Immune_Myeloid,HALLMARK_NOTCH_SIGNALING,24,-0.21384947583584424,-0.6724255660321269,0.9273021001615509,WNT5A;SKP1;PRKCA;NOTCH1;PPARD,0.9273021001615509,0.9438189314621382,False,False,Huang_GSE214411,27,0.4281159941658593,1.3908598887390229,0.07692307692307693,PPARD;NOTCH2;FBXW11;SKP1;LFNG;JAG1;NOTCH1;PSENEN;KAT2A;NOTCH3,0.10683760683760685,0.11028398125172319,True,True,False,False,not_significant_in_both
Mareckova_E-MTAB-14039,Immune_Myeloid,HALLMARK_OXIDATIVE_PHOSPHORYLATION,195,-0.2826868159248005,-1.300606663930996,0.03851261620185923,ATP5MG;AIFM1;NDUFB4;COX11;ATP5F1B;ATP6V1H;UQCR10;NDUFB6;ATP6V0B;COX7A2;MDH2;SLC25A5;NDUFV1;MRPS12;NDUFS4;MRPL35;GPX4;BCKDHA;CYB5R3;TIMM8B;LDHB;COX8A;ATP5F1E;DLAT;NDUFA9;TIMM9;FDX1;TOMM22;COX7C;UQCRB;COX4I1;ATP5F1C;ATP6V1F;CYCS;NDUFS2;MFN2;VDAC1;IMMT;GRPEL1;HADHB;TIMM13;NDUFA4;NDUFS6;PDHA1;COX7A2L;NDUFB2;MRPL11;DLD;RHOT1;ETFB;SUCLA2;ATP6V1D;POR;CYB5A;VDAC2;TIMM17A;SLC25A3;SUCLG1;TOMM70;UQCRFS1;ATP6V0E1;MTX2;IDH1;ATP6V0C;UQCRC2;NDUFB5;ATP6AP1;DECR1;ATP6V1G1;LDHA;ATP6V1C1;MPC1;BDH2;HSPA9;MGST3,0.06418769366976539,0.09962049335863378,True,True,Huang_GSE214411,196,-0.12597416344924184,-0.637570396370295,1.0,MPC1;HTRA2;PMPCA;DECR1;FXN;MTX2;HSD17B10;ATP5MC3;AFG3L2;MGST3;IDH3G;NDUFB1;DLD;ATP6V0E1;COX8A;UQCR11;RHOT2;ATP5ME;VDAC3;ATP6V1E1;UQCRC1;ECHS1;ECH1;NDUFC1;BDH2;SURF1;UQCR10;ATP5PB;ATP5MC1;SUCLG1;NDUFB2;ACAA2;COX15;MRPS12;MRPS30;NDUFS2;IDH2;OXA1L;TIMM10;ATP5F1D;SLC25A11;ACADM;ATP5F1A;SUPV3L1;NDUFS6;NNT;ATP6V0B;SUCLA2;PDHB;NDUFS8;IMMT;NDUFA3;UQCRFS1;SLC25A12;POLR2F;NDUFV1;ACAT1;MRPL15;MRPL35;NDUFS7;IDH3B;HADHA;TIMM13;MRPS11;ECI1;MRPL34;NDUFA8;NDUFS1;NDUFB7;NDUFS3;ETFB,1.0,1.0,False,False,True,False,not_significant_in_both
Mareckova_E-MTAB-14039,Immune_Myeloid,HALLMARK_P53_PATHWAY,143,-0.4042808715950568,-1.7887528459658508,0.0013831258644536654,ST14;IL1A;SLC35D1;NOTCH1;MKNK2;DCXR;PLK3;TAX1BP3;KIF13B;ABCC5;BAIAP2;ZFP36L1;FOXO3;F2R;FAM162A;BTG1;IRAK1;PLK2;BTG2;SPHK1;PPP1R15A;SLC3A2;CD82;RALGDS;NDRG1;HBEGF;S100A10;IFI30;PROCR;RAP2B;DDIT3;CTSD;TSPYL2;IER3;UPP1;HMOX1,0.005589090096132349,0.011689070718877849,True,True,Huang_GSE214411,168,0.350941073753648,1.6207420144918223,0.002898550724637681,S100A10;RNF19B;DDIT4;MKNK2;HEXIM1;VDR;NDRG1;BTG1;DNTTIP2;TRAF4;MXD1;UPP1;TM4SF1;RRAD;CDKN1A;RPS12;TOB1;EPHA2;PLK3;FAM162A;AEN;KLF4;IER5;CCNK;GADD45A;TPD52L1;CYFIP2;SAT1;RXRA;BAIAP2;TGFB1;PLK2;S100A4;TRIB3;NOTCH1;RACK1;FAS;CASP1;SPHK1;HINT1;PITPNC1;BAX;TAP1;BAK1;SOCS1;SLC3A2;ADA;IRAK1;ATF3;TSPYL2;RPL18;RALGDS;TGFA;CCND2;SLC7A11;RHBDF2;DRAM1;RPL36;ZFP36L1;SLC35D1;NINJ1;APAF1;FOXO3;LIF;HBEGF;FBXW7;MDM2;RPS27L,0.00787897888433659,0.006962818548948615,True,True,False,True,discordant
Mareckova_E-MTAB-14039,Immune_Myeloid,HALLMARK_PANCREAS_BETA_CELLS,10,-0.5402871774879964,-1.3391106917223672,0.13941480206540446,MAFB;SRP14;FOXO1;SRPRB;SEC11A;ELP4;SPCS1,0.193631669535284,0.24701187085974424,True,True,Huang_GSE214411,11,0.4255300885980428,1.093963417583634,0.34572490706319703,VDR;FOXO1,0.4432370603374321,0.4067351847802318,False,False,False,False,not_significant_in_both
Mareckova_E-MTAB-14039,Immune_Myeloid,HALLMARK_PEROXISOME,72,-0.27935670876902563,-1.1070797280630593,0.2863568215892054,DLG4;SOD1;RDH11;SCP2;ELOVL5;PEX2;SIAH1;TSPO;ABCC5;IDE;IDH1;CRAT;ACSL4;SLC25A19;DHRS3;BCL10;SEMA3C;HSD17B11;PRDX1;SOD2,0.35050605608096896,0.41651901322066237,False,False,Huang_GSE214411,77,0.2504645720043657,1.0253947649240405,0.4153605015673981,ACSL5;PABPC1;ELOVL5;ACSL1;SOD2;SLC25A19;DLG4;ACSL4;BCL10;SLC35B2,0.5192006269592476,0.4788017309134272,False,False,False,False,not_significant_in_both
Mareckova_E-MTAB-14039,Immune_Myeloid,HALLMARK_PI3K_AKT_MTOR_SIGNALING,83,-0.2605757038859438,-1.0753119594425782,0.3242009132420091,ARF1;PTPN11;ACTR3;ITPR2;YWHAB;SLA;RALB;PLA2G12A;ARPC3;RPS6KA3;TNFRSF1A;PPP2R1B;AP2M1;CAB39;RPS6KA1;CDKN1A;NFKBIB;MAP2K6;MKNK1;AKT1S1;TBK1;GRB2;MKNK2;CALR;CLTC;UBE2D3;MAPK10;ACACA;EIF4E;RIT1;SQSTM1;PLCB1;DDIT3;PDK1;SLC2A1,0.3851398665831276,0.4533621690896712,False,False,Huang_GSE214411,86,0.40839907810280845,1.7288725704889145,0.0032733224222585926,MAP2K3;MKNK2;AKT1;AKT1S1;SLC2A1;MAPK1;CDKN1A;DAPP1;UBE2D3;IL2RG;MAPK8;SQSTM1;ARF1;MYD88;TRIB3;EIF4E;UBE2N;RIT1;SMAD2;RAF1;PTEN;PDK1;RPS6KA3;GRB2;RALB;VAV3;GSK3B;RIPK1;CXCR4;PLCB1;CAB39;TBK1;PIKFYVE;ACTR2;PRKCB;NFKBIB;ARPC3;CDK2;DUSP3;ACACA;ARHGDIA;PPP2R1B;ATF1;ACTR3,0.008098477486232589,0.007154803108761951,True,True,False,False,not_significant_in_both
Mareckova_E-MTAB-14039,Immune_Myeloid,HALLMARK_PROTEIN_SECRETION,89,-0.4222027365683466,-1.7603382252053121,0.0014970059880239522,TMED10;RPS6KA3;COPE;PPT1;RAB5A;AP2M1;TMED2;IGF2R;GOLGA4;KIF1B;SEC24D;CLTA;COPB1;MON2;RER1;ARFGEF2;SOD1;VAMP4;DST;ARFGAP3;STAM;ABCA1;SNX2;ARFIP1;ADAM10;ICA1;COPB2;CLTC;GOSR2;SGMS1;ERGIC3;LAMP2;RAB9A;CLN5;PAM;STX7;USO1;GLA;CTSC;BNIP3;CD63;SEC22B;KRT18,0.005589090096132349,0.011689070718877849,True,True,Huang_GSE214411,92,0.30744553339556924,1.3138836215671517,0.06688417618270799,BNIP3;ARFGAP3;SEC22B;SNAP23;VAMP7;MAPK1;AP1G1;ATP1A1;NAPA;RAB9A;GNAS;ABCA1;ARF1;OCRL;GLA;KRT18;IGF2R;CLCN3;RAB5A;TPD52;RPS6KA3;ATP6V1H;ARFGEF2;KIF1B,0.09835908262162939,0.09728607444757525,True,True,False,True,discordant
Mareckova_E-MTAB-14039,Immune_Myeloid,HALLMARK_REACTIVE_OXYGEN_SPECIES_PATHWAY,44,-0.4485826400138039,-1.644242581861402,0.006389776357827476,NDUFB4;GCLM;PRDX4;TXN;EGLN2;GLRX;GPX4;TXNRD1;ATOX1;NDUFS2;SOD1;PRNP;PRDX6;CDKN2D;MGST1;LAMTOR5;JUNB;OXSR1;PFKP;FTL;PRDX1;SOD2,0.013890818169190165,0.02659044073655521,True,True,Huang_GSE214411,47,0.35169170252718934,1.3161024389897236,0.09650582362728785,SOD2;TXN;OXSR1;PRNP;LSP1;ABCC1;SBNO2;SELENOS;PFKP;PRDX6;PDLIM1;MGST1;SCAF4,0.13041327517201062,0.13326669998334167,True,True,False,True,discordant
Mareckova_E-MTAB-14039,Immune_Myeloid,HALLMARK_SPERMATOGENESIS,53,0.31431475333957526,1.3087210643848302,0.06395348837209303,KIF2C;RFC4;CDKN3;RAD17;AURKA;TLE4;TOPBP1;COIL;NF2;CCNB2;PRKAR2A;NEK2;STAM2;VDAC3;PHKG2;MTOR;STRBP,0.10315078769692423,0.14872904272579773,True,True,Huang_GSE214411,57,-0.22791561100410263,-0.9510269451865098,0.5650118203309693,ACRBP;TOPBP1;CCNB2;COIL;SPATA6;NCAPH;PCSK1N;RPL39L;ACE;TTK;PEBP1;GMCL1;KIF2C;RFC4;PARP2;BUB1,0.6141432829684449,0.6158166979084134,False,False,False,False,not_significant_in_both
Mareckova_E-MTAB-14039,Immune_Myeloid,HALLMARK_TGF_BETA_SIGNALING,47,-0.5308473202919872,-1.9494386049246268,0.001564945226917058,XIAP;CDK9;CTNNB1;SMAD3;SKIL;RAB31;THBS1;LTBP2;TGFBR1;SMURF1;UBE2D3;TGIF1;JUNB;SKI;FNTA;ID3;PPP1R15A;ARID4B;SMURF2;NCOR2;SMAD7,0.005589090096132349,0.011689070718877849,True,True,Huang_GSE214411,49,0.5336304524614922,2.0067168308344883,0.0017482517482517483,THBS1;CTNNB1;TGIF1;FURIN;SKI;SMAD3;SMAD7;UBE2D3;SKIL;SLC20A1;BCAR3;ID2;TGFB1;CDKN1C;WWTR1;ID3;KLF10;IFNGR2;SERPINE1;CDH1,0.005463286713286713,0.006809090135330666,True,True,False,True,discordant
Mareckova_E-MTAB-14039,Immune_Myeloid,HALLMARK_TNFA_SIGNALING_VIA_NFKB,167,-0.5468854212975028,-2.506386063079246,0.0013774104683195593,NFKB1;HES1;EGR1;FUT4;FJX1;CDKN1A;GADD45A;SDC4;CFLAR;PNRC1;PFKFB3;SGK1;SMAD3;TANK;NFAT5;CD69;JUN;AREG;BCL2A1;TNFAIP8;ABCA1;NR4A1;TNIP2;CCL4;IL1A;NFIL3;NFE2L2;CD44;CCN1;PDE4B;KDM6B;TNF;IL18;TGIF1;NFKBIA;DUSP1;ICAM1;BTG1;DENND5A;IER2;JUNB;CCRL2;KYNU;GEM;NR4A3;IL7R;BTG3;TNFAIP6;IL1B;TNIP1;MAP3K8;LITAF;PLK2;CXCL3;EIF1;BTG2;SQSTM1;GADD45B;SPHK1;OLR1;PPP1R15A;VEGFA;NR4A2;CEBPB;RCAN1;ATP2B1;BCL3;GPR183;HBEGF;FOSL2;PLAUR;CCL20;MCL1;DUSP4;F3;PLPP3;EGR3;SOD2;CXCL2;SOCS3;PHLDA2;PLAU;EGR2;PHLDA1;SLC2A3;IER3;BHLHE40;G0S2;PTGS2,0.005589090096132349,0.011689070718877849,True,True,Huang_GSE214411,189,0.6675382035381129,3.1159134969234854,0.0014771048744460858,RNF19B;PHLDA2;MAP2K3;EHD1;TGIF1;TNFAIP6;FOSL1;DENND5A;LAMB3;LDLR;VEGFA;B4GALT1;CD44;SDC4;DUSP4;GCH1;ZC3H12A;BTG1;ICOSLG;SNN;TUBB2A;EIF1;NR4A1;BCL3;NAMPT;ATP2B1;CCL20;SOD2;MXD1;SMAD3;SLC2A3;PLAUR;TNIP1;SLC16A6;SIK1;FOSL2;DUSP5;B4GALT5;NFKB1;KYNU;ETS2;PTX3;BIRC2;CDKN1A;PLPP3;TIPARP;PER1;SERPINB8;MAP3K8;MYC;CD80;MCL1;PHLDA1;PNRC1;OLR1;PDLIM5;TNFAIP2;TRIP10;NFIL3;INHBA;CEBPB;G0S2;KLF4;BHLHE40;IER5;PFKFB3;ABCA1;GADD45A;BCL2A1;SAT1;RIPK2;TANK;NR4A3;CCL2;SLC2A6;CEBPD;CD83;KLF9;SQSTM1;BIRC3;ICAM1;LITAF;PDE4B;NFAT5;ID2;SERPINB2;JAG1;PLK2;TNFAIP3;TRAF1;NFKB2;REL;KDM6B;CFLAR;TNFAIP8;SPHK1;IFIH1;CXCL11;RCAN1;IRS2;CXCL10;BCL6;TAP1;IL6ST;NFE2L2;KLF10;SOCS3;FUT4;NR4A2;NFKBIE;IL23A;BTG3;RELB;IFNGR2;TLR2;SERPINE1;ZBTB10;ATF3;TNC;GEM;TNFRSF9;RELA;PANX1;DRAM1;RHOB;MAFF;FOSB;NINJ1;KLF6;GPR183;DNAJB4;LIF;HBEGF,0.005385029617662898,0.006809090135330666,True,True,False,True,discordant
Mareckova_E-MTAB-14039,Immune_Myeloid,HALLMARK_UNFOLDED_PROTEIN_RESPONSE,101,-0.3709519785501231,-1.5690336653180286,0.006925207756232687,ERN1;DDIT4;CCL2;ARFGAP1;EIF4A2;NPM1;HERPUD1;PDIA6;IMP3;SPCS3;EXOSC10;YWHAZ;SRPRB;TATDN2;EDEM1;DNAJA4;FKBP14;EIF4G1;SEC11A;CALR;SPCS1;GOSR2;WIPI1;PARN;EIF4E;ATP6V0D1;EIF2AK3;PAIP1;EIF4A1;SERP1;XBP1;ERO1A;VEGFA;SLC7A5;CEBPB;HSPA9;TSPYL2;HSPA5;BAG3,0.014427516158818097,0.02718129926610492,True,True,Huang_GSE214411,103,0.42351275236854397,1.8282064501016264,0.001524390243902439,DDIT4;EIF2AK3;VEGFA;SLC7A5;ERN1;TUBB2A;HSPA9;ERO1A;EDEM1;SERP1;YWHAZ;DCP1A;ATF4;EIF4A3;CEBPB;NOLC1;EEF2;CCL2;DNAJB9;GEMIN4;MTHFD2;NPM1;EIF4E;BAG3;XBP1;HYOU1;EIF4A1;WIPI1;HSPA5;DNAJC3;NFYA;NABP1;CNOT2;ATF6;DNAJA4;ATP6V0D1;RPS14;SRPRA;ATF3;EIF2S1;MTREX;TSPYL2;ZBTB17,0.005385029617662898,0.006809090135330666,True,True,False,True,discordant
Mareckova_E-MTAB-14039,Immune_Myeloid,HALLMARK_UV_RESPONSE_DN,111,-0.40101186058504124,-1.7162316465334193,0.001388888888888889,PRKCA;APBB2;MIOS;ICA1;DAB2;CCN1;AGGF1;TOGARAM1;ANXA2;DUSP1;MGLL;RUNX1;INSIG1;KCNMA1;TENT4A;ATP2B1;CITED2;RASA2;F3;PLPP3;SIPA1L1;SDC2;IGF1R;SMAD7;PMP22;BHLHE40,0.005589090096132349,0.011689070718877849,True,True,Huang_GSE214411,113,0.3157180284590008,1.367735726512784,0.033182503770739065,FYN;LDLR;SYNJ2;ATP2B1;SMAD3;NOTCH2;NFKB1;SMAD7;ADD3;PLPP3;ABCC1;MYC;PDLIM5;SLC7A1;RUNX1;PDGFRB;BHLHE40;ZMIZ1;RXRA;INSIG1;NR3C1;ANXA2;SIPA1L1;TGFBR3;IGF1R;YTHDC1;PRDM2;ATXN1;PRKCE;CDK13;PTEN;AKT3;VAV2;CELF2;SERPINE1,0.05721121339782598,0.0530920060331825,True,True,False,True,discordant
Mareckova_E-MTAB-14039,Immune_Myeloid,HALLMARK_UV_RESPONSE_UP,114,-0.31488343197092705,-1.3563576449825618,0.03526093088857546,FKBP4;GRINA;UROD;EPCAM;NFKBIA;ICAM1;BTG1;JUNB;TMBIM6;BCL2L11;BTG3;CREG1;TFRC;DNAJA1;BTG2;SQSTM1;ALDOA;ATP6V1C1;DNAJB1;MMP14;STIP1;SOD2;CXCL2;HMOX1,0.060794708428578384,0.09218544023156983,True,True,Huang_GSE214411,124,0.37841219517336755,1.6752397062824138,0.0015600624024961,DDX21;GCH1;FURIN;BTG1;NR4A1;PPIF;TUBA4A;GRINA;SOD2;BCL2L11;AGO2;PPP1R2;CHKA;DLG4;RRAD;DNAJA1;ALDOA;GLS;NUP58;NXF1;SLC6A8;SQSTM1;ICAM1;STIP1;PRKACA;GRPEL1;RAB27A;HSPA2;CA2;CDKN1C;ARRB2;BID;LYN;TAP1;IL6ST;EIF5;BAK1;BTG3;TFRC;HSPA13;EIF2S3;POLG2;ATF3;HLA-F;TMBIM6;WIZ;RHOB;AQP3;ALAS1;FOSB;EPCAM,0.005385029617662898,0.006809090135330666,True,True,False,True,discordant
Mareckova_E-MTAB-14039,Immune_Myeloid,HALLMARK_WNT_BETA_CATENIN_SIGNALING,24,-0.23151177576582238,-0.7279626768032633,0.8562197092084006,CTNNB1;CSNK1E;NUMB;NOTCH1;RBPJ;PPARD;NCOR2,0.8736935808248986,0.8849816115849102,False,False,Huang_GSE214411,30,0.44042713751828966,1.5005263836583305,0.05272407732864675,CTNNB1;PPARD;NCSTN;MYC;NUMB;JAG1;NOTCH1;RBPJ;ADAM17;NOTCH4;KAT2A;CCND2,0.08787346221441125,0.08049477454755229,True,True,False,False,not_significant_in_both
Mareckova_E-MTAB-14039,Immune_Myeloid,HALLMARK_XENOBIOTIC_METABOLISM,114,-0.3818862672177315,-1.644971775150265,0.0028208744710860366,BLVRB;ADH5;COMT;SAR1B;ELOVL5;CASP6;ATP2A2;POR;CYB5A;SLC35D1;DCXR;TMEM176B;LONP1;HACL1;IDH1;KYNU;ACP2;GSTO1;NPC1;TMBIM6;DDAH2;DHRS7;GABARAPL1;PPARD;PAPSS2;APOE;SERTAD1;CNDP2;MAN1A1;AQP9;FBP1;UPP1;HMOX1,0.009008197459688316,0.01611928269192021,True,True,Huang_GSE214411,132,0.3154985010050593,1.4171752600848173,0.026706231454005934,AQP9;GCH1;ELOVL5;SMOX;PTGES;PPARD;CD36;UPP1;ATP2A2;GABARAPL1;PAPSS2;KYNU;MAN1A1;ETS2;SLC6A6;EPHA2;PDLIM5;PTS;CYFIP2;SERTAD1;ID2;TGFB2;CDA;UGDH;CA2;FAS;SPINT2;CYP2S1;ALDH2;DHPS;JUP;CYB5A;ACOX3;PTGES3;HPRT1;CSAD;ABHD6;NDRG2;POR;SERPINE1;BCAT1;IL1R1;TMBIM6;ALAS1;ACP1;SLC35D1;ARPP19;NINJ1;FBP1;GSR,0.04841649578491684,0.044142531328935426,True,True,False,True,discordant
Mareckova_E-MTAB-14039,Immune_Lymphoid,HALLMARK_ADIPOGENESIS,170,-0.22380345296916782,-1.0408942187549466,0.3646112600536193,NABP1;PHYH;CCNG2;MIGA2;SUCLG1;COL15A1;G3BP2;MCCC1;ADIPOR2;NKIRAS1;UBC;NDUFAB1;PPP1R15B;MTCH2;TANK;QDPR;LAMA4;IDH3A;PIM3;ATP5PO;FAH;SLC25A1;SULT1A1;GPAM;SSPN;ABCA1;FZD4;RAB34;CRAT;CD151;COQ9;DLD;LPCAT3;DLAT;ECHS1;ELMOD3;RREB1;DNAJC15;AGPAT3;DHRS7B;SOWAHC;ARL4A;IDH1;LTC4S;TST;AIFM1;COQ5,0.49271791899137746,0.4877742609412967,False,False,Huang_GSE214411,191,-0.1685264095332628,-0.826461803101019,0.8906752411575563,SLC25A1;CAVIN2;CMBL;PFKL;GPX3;ADCY6;ELOVL6;NMT1;MRPL15;ACADS;NDUFS3;COQ5;ANGPT1;RREB1;MTCH2;SLC25A10;DBT;COQ9;JAGN1;TST;ABCB8;IMMT;SPARCL1;REEP6;EPHX2;NDUFB7;SULT1A1;CHCHD10;COL15A1;SCARB1;MGLL;ITIH5;UQCRC1;ALDH2;CAVIN1;SAMM50;RAB34;OMD;PHLDB1;ENPP2;UCK1;ME1;CD151;COL4A1;COQ3;CRAT;SSPN;ITSN1;APOE;PEMT;SNCG;FZD4;CD302;MYLK;LAMA4,0.8906752411575563,0.9019496112987911,False,False,True,False,not_significant_in_both
Mareckova_E-MTAB-14039,Immune_Lymphoid,HALLMARK_ALLOGRAFT_REJECTION,146,0.46702583621100824,2.29441389235266,0.0034129692832764505,ETS1;STAT4;APBB1;IL2;CD40LG;BCL3;IL2RG;GPR65;CD4;TIMP1;ICAM1;IL16;ITGAL;EIF5A;FYB1;FLNA;ITK;CCR1;PTPRC;ITGB2;LCP2;NCR1;EIF3J;NCK1;CCL5;TRAF2;TRAT1;CD3G;NLRP3;CD3E;HCLS1;GBP2;CD2;GLMN;THY1;FAS;LCK;STAB1;TGFB1;MAP4K1;GCNT1;IL2RB;IL2RA;ABI1;PRF1;CD96;ABCE1;CCR2;KLRD1;DYRK3;WAS;DEGS1;PTPN6;IRF4;CSF1;PSMB10;TAP1;IFNGR1;SIT1;CCL4;IL4R;UBE2D1,0.028441410693970423,0.017962996227770794,True,True,Huang_GSE214411,175,0.4579906834949773,2.3516445947253066,0.0025575447570332483,IRF7;RIPK2;KLRD1;IRF8;LIF;TGFB1;SRGN;IL2RB;ICAM1;IL13;RPL9;TAPBP;NCR1;IL27RA;DYRK3;CRTAM;MMP9;KRT1;ABI1;BCL3;STAT4;HIF1A;HLA-A;IL4R;CD96;GZMB;RPS3A;GBP2;CD47;CSF1;UBE2D1;IL18;CXCR3;RPL39;CD7;IL2RG;LYN;ITGAL;CCND2;FASLG;IL6;CD247;NCF4;DEGS1;BCL10;FGR;GPR65;TAP2;CCL5;CTSS;RPS19;IRF4;IFNGR1;NPM1;B2M;IL2RA;ICOSLG;TAP1;ITGB2;GZMA;TRAT1;GCNT1;PTPRC;HLA-DMB;ST8SIA4;PRKCB;MRPL3;GLMN;WAS;UBE2N;EIF3D;HLA-E;IL12RB1;CFP;PRF1;PSMB10;SPI1,0.00578168362627197,0.006809090135330666,True,True,True,True,concordant_positive
Mareckova_E-MTAB-14039,Immune_Lymphoid,HALLMARK_ANDROGEN_RESPONSE,87,-0.27690798028822006,-1.152291197348938,0.22950819672131148,ELOVL5;APPBP2;SEC24D;ACTN1;IDI1;NGLY1;PTPN21;HPGD;LMAN1;HMGCR;XRCC6;HOMER2;SAT1;CCND1;KRT8;RAB4A;ACSL3;SMS;KRT19;HMGCS1,0.3989510099319273,0.3558266615834286,False,False,Huang_GSE214411,97,0.4246449765552332,1.960292004749296,0.0024330900243309003,UAP1;ELL2;B4GALT1;SLC38A2;IDI1;DNAJB9;ABHD2;ACSL3;VAPA;SAT1;HPGD;RPS6KA3;NKX3-1;INSIG1;PDLIM5;SGK1;KRT8;HMGCR;UBE2J1;NDRG1;ELOVL5;SMS;HERC3;MAK;GSR;B2M;SCD;ANKH;CDC14B;HMGCS1;ITGAV;SRF;SRP19;IQGAP2;PTK2B;GNAI3;ZBTB10;ALDH1A3;KRT19;SPCS3;DBI;ABCC4;NGLY1;TMEM50A;AKT1,0.00578168362627197,0.006809090135330666,True,True,False,False,not_significant_in_both
Mareckova_E-MTAB-14039,Immune_Lymphoid,HALLMARK_ANGIOGENESIS,23,-0.23537852380602609,-0.7370704891881144,0.8344051446945338,VAV2;VEGFA;SERPINA5;PTK2;MSX1;JAG1;LRPAP1,0.8514338211168712,0.8664851731506689,False,False,Huang_GSE214411,28,-0.43716862964968317,-1.5065789904192508,0.038869257950530034,KCNJ8;COL5A2;TIMP1;POSTN;APP;LUM;FSTL1;COL3A1;NRP1;VCAN,0.06269235153311296,0.061211429843354384,True,True,True,False,not_significant_in_both
Mareckova_E-MTAB-14039,Immune_Lymphoid,HALLMARK_APICAL_JUNCTION,128,0.22289430649004716,1.0925738818244177,0.24281150159744408,LDLRAP1;TRAF1;ICAM2;ICAM1;CNN2;PFN1;FYB1;SHC1;PTPRC;LAYN;BMP1;MYH9;SRC;MAPK14;DHX16;TIAL1;THY1;ACTN4;NRXN2;MYL9;ZYX;RRAS,0.40468583599574015,0.3692950594637933,False,False,Huang_GSE214411,162,-0.37135130246438847,-1.7975506605251925,0.001597444089456869,EPB41L2;DLG1;IRS1;VAV2;MAPK11;RASA1;HRAS;SDC3;GNAI1;SLIT2;NF1;FLNC;GAMT;TMEM8B;MDK;RRAS;TAOK2;PLCG1;THBS3;ZYX;NLGN2;TUBG1;NRXN2;MAP3K20;WASL;MYH10;SHROOM2;LIMA1;ADAMTS5;FSCN1;TGFBI;CRAT;MPZL1;COL16A1;TJP1;SYMPK;CNTN1;MMP2;TSPAN4;SORBS3;YWHAH;PPP2R2C;PARVA;ITGA9;CERCAM;FBN1;TRO;THY1;SHC1;BMP1;CDH11;CD34;NEXN;CLDN5;VWF;ITGA2;VCAN;MYL9,0.00578168362627197,0.006809090135330666,True,True,False,False,not_significant_in_both
Mareckova_E-MTAB-14039,Immune_Lymphoid,HALLMARK_APICAL_SURFACE,29,0.47125061723363204,1.6914799997799674,0.010256410256410256,CRYBG1;IL2RG;CD160;MAL;CROCC;EFNA5;THY1;HSPB1;IL2RB;GSTM3;AKAP7;EPHB4,0.03976820815816384,0.033507853403141365,True,True,Huang_GSE214411,35,-0.29429916022530156,-1.0681787456149583,0.3351063829787234,DCBLD2;TMEM8B;SRPX;EFNA5;GHRL;GAS1;SHROOM2;SULF2;APP;BRCA1;THY1;EPHB4,0.38965858485898075,0.3965756011582526,False,False,False,False,not_significant_in_both
Mareckova_E-MTAB-14039,Immune_Lymphoid,HALLMARK_APOPTOSIS,136,-0.2389952500588225,-1.0732443045197695,0.30985915492957744,CASP8;SC5D;CASP3;GADD45B;LGALS3;PEA15;PTK2;EMP1;PMAIP1;EBP;CDKN1A;LMNA;EGR3;DNAJA1;BTG3;ETF1;BTG2;MCL1;VDAC2;IGFBP6;KRT18;SAT1;CCND1;BCL2L2;TNF;SMAD7;CLU;IL18;WEE1;BIRC3;RHOB,0.48415492957746475,0.4441154700222058,False,False,Huang_GSE214411,155,0.3990658554107116,2.0071883311795373,0.002570694087403599,CTH;RARA;LMNA;IRF1;GCH1;TNFRSF12A;CASP9;SATB1;BNIP3L;CTNNB1;EGR3;ANXA1;SQSTM1;BIK;SMAD7;GADD45B;MADD;CASP3;CCNA1;PPP3R1;DNAJA1;BCL2L11;PMAIP1;GNA15;CD44;SAT1;MCL1;ETF1;SOD1;GADD45A;IL1A;CYLD;CD38;NEDD9;IL18;CLU;PDCD4;LGALS3;EMP1;IGF2R;VDAC2;CCND2;FASLG;BTG3;IL6;CDKN1A;ENO2;BCL10;RELA;IFNGR1;GSR;RHOB;TAP1;ANKH;BMP2;SPTAN1;DNAJC3;PSEN2;BID;ADD1;BIRC3;SLC20A1,0.00578168362627197,0.006809090135330666,True,True,False,False,not_significant_in_both
Mareckova_E-MTAB-14039,Immune_Lymphoid,HALLMARK_BILE_ACID_METABOLISM,62,-0.23611306447692826,-0.928661568656435,0.5818181818181818,PEX26;ACSL1;PNPLA8;HSD17B4;PXMP2;EFHC1;SLC27A5;ALDH1A1;ABCA1;IDI1;CROT;ABCD3;ABCA5;SLC23A2;NEDD4;ACSL5;IDH1,0.6926406926406926,0.6726221755123489,False,False,Huang_GSE214411,81,-0.19232923901170673,-0.8305833141525302,0.8078902229845626,CROT;EPHX2;NEDD4;ALDH9A1;FADS1;EFHC1;PEX11A;PEX11G;ABCD2;PFKM;DIO2;FDXR;FADS2;CYP46A1;AR;RBP1,0.8415523156089194,0.8415523156089194,False,False,True,False,not_significant_in_both
Mareckova_E-MTAB-14039,Immune_Lymphoid,HALLMARK_CHOLESTEROL_HOMEOSTASIS,65,-0.38808180849984547,-1.5424082640524175,0.00906344410876133,TP53INP1;GPX8;STX5;MAL2;TNFRSF12A;SC5D;LGALS3;EBP;ACAT2;S100A11;IDI1;GUSB;LDLR;HMGCR;JAG1;NSDHL;SEMA3B;MVK;ACSS2;TM7SF2;CHKA;CLU;ALCAM;CD9;SQLE;HMGCS1,0.03976820815816384,0.03098613370516694,True,True,Huang_GSE214411,70,0.47221906595526936,2.0872174631607474,0.0024390243902439024,CXCL16;CHKA;TNFRSF12A;CPEB2;IDI1;ABCA2;CTNNB1;FASN;SREBF2;ERRFI1;STARD4;ALDOC;DHCR7;JAG1;NFIL3;PDK3;CD9;CLU;PLAUR;ALCAM;LGALS3;PLSCR1;HMGCR;CYP51A1,0.00578168362627197,0.006809090135330666,True,True,False,True,discordant
Mareckova_E-MTAB-14039,Immune_Lymphoid,HALLMARK_COAGULATION,74,-0.3103095171511817,-1.2607392054937803,0.1156773211567732,KLF7;THBS1;TFPI2;MMP7;FURIN;MSRB2;LTA4H;PEF1;CLU;DUSP14;PLAU;CD9;ARF4,0.25147243729733304,0.217396332015079,False,True,Huang_GSE214411,95,-0.37724254698077336,-1.6705788420868206,0.005067567567567568,FN1;KLF7;CTSO;RGN;KLK8;LRP1;PROS1;TIMP1;RAPGEF3;SERPING1;MSRB2;CFD;MMP2;CAPN5;CTSK;CPQ;S100A13;C2;SPARC;FBN1;C1R;MMP11;A2M;BMP1;PRSS23;C1S;VWF;ITGA2;C1QA;HTRA1,0.009745322245322246,0.010084711577248892,True,True,True,False,not_significant_in_both
Mareckova_E-MTAB-14039,Immune_Lymphoid,HALLMARK_COMPLEMENT,143,0.29922348121055137,1.4757322564997566,0.0064516129032258064,CP;RASGRP1;CD40LG;PIK3R5;CDK5R1;TIMP1;ITGAM;DPP4;PFN1;FYN;GNG2;PIM1;CA2;LCP2;CCL5;CASP10;CTSV;PLSCR1;CTSL;CASP7;SRC;DOCK10;LCK;CASP9;USP16;ZEB1;DYRK2;USP8;GPD2;LAP3;COL4A2;CPQ;WAS;DUSP6;CTSC;CFH;MMP14;GNAI2;PLEK;CEBPB;SH2B3;PLAT;SPOCK2,0.03679175864606328,0.02659044073655521,True,True,Huang_GSE214411,169,0.3382529472862348,1.7212116099141723,0.002617801047120419,IRF7;CA2;SERPINE1;IRF1;CASP9;ADAM9;GATA3;CXCL1;ADRA2B;HSPA5;PDP1;ITGAM;CASP3;CBLB;CD55;FCER1G;CD46;EHD1;MAFF;RCE1;FDX1;GZMB;FYN;LAP3;KYNU;CALM1;CASP10;PLA2G4A;CLU;PLAUR;CTSD;LGALS3;PLSCR1;DUSP6;PREP;LYN;GZMK;IL6;DOCK10;LTA4H;PIK3CA;BRPF3;PRKCD;STX4;SH2B3;CCL5;TNFAIP3;HSPA1A;CTSS,0.00578168362627197,0.006809090135330666,True,True,True,True,concordant_positive
Mareckova_E-MTAB-14039,Immune_Lymphoid,HALLMARK_DNA_REPAIR,141,-0.203971987837962,-0.9169692962591689,0.644927536231884,CSTF3;MRPL40;ELOA;TP53;ERCC3;REV3L;POLD4;BCAM;NT5C;GTF2A2;NFX1;FEN1;POLE4;POLR2A;SNAPC5;NME3;POLB;ITPA;SAC3D1;SRSF6;GTF3C5;TAF12;POLR2J;POLR1D;HPRT1;NELFCD;EIF1B;RFC2;RBX1;POLH;ERCC2;GTF2H5;TAF9;ERCC8;TMED2;NUDT9;MPG;DGUOK;VPS28;DCTN4;TAF13;TARBP2;MPC2;DDB1;VPS37B;POLR3C;SNAPC4;TSG101;NT5C3A;ERCC4;GTF2H1;AGO4;XPC;AK1,0.71658615136876,0.7226078837332034,False,False,Huang_GSE214411,148,-0.19217614203684075,-0.9143448924598377,0.6654991243432574,POLL;NT5C;ZWINT;POLR2G;GTF2H3;MRPL40;SF3A3;TMED2;CDA;ITPA;POLR2D;SNAPC4;RFC5;SSRP1;XPC;POLR2J;NELFCD;ADCY6;POLD1;TAF1C;VPS37D;NME1;RAD51;TYMS;TK2;TARBP2;SEC61A1;USP11;NME4;CANT1;UMPS;RFC4;ERCC8;AK1;LIG1;AAAS;TAF6;REV3L;CETN2;POLA2;POLR2I;CSTF3;ERCC2;RAD52;FEN1;DGCR8;RFC3;GSDME;SMAD5;SAC3D1;ERCC4;PRIM1;POLD3;NPR2,0.7343643614434393,0.7175192715291185,False,False,True,False,not_significant_in_both
Mareckova_E-MTAB-14039,Immune_Lymphoid,HALLMARK_E2F_TARGETS,187,0.27701113199236926,1.4251388312001647,0.012461059190031152,MTHFD2;MCM3;CENPE;POLD1;RFC1;TRIP13;RFC3;NUP107;PA2G4;RAD21;CDK1;PSIP1;BUB1B;KIF18B;RPA1;LMNB1;RAD51AP1;PRKDC;CDKN1B;SMC4;PPP1R8;HNRNPD;TOP2A;NUP205;RPA2;MKI67;NBN;SLBP;NCAPD2;DEPDC1;KIF2C;UNG;PTTG1;ATAD2;DCK;KIF22;CDKN2C;SYNCRIP;AURKB;PLK1;ZW10;MCM2;CDC20;SNRPB;POLD3;AURKA;LUC7L3;DEK;ORC2;SSRP1;AK2;RRM2;MRE11;BIRC5;POLA2;CTCF;GSPT1;SMC1A;BRCA2;TCF19;LIG1;GINS1;DNMT1;DLGAP5;POLE,0.04153686396677051,0.0386389432249028,True,True,Huang_GSE214411,198,-0.4264515858028226,-2.086697307305398,0.0016638935108153079,SMC1A;SSRP1;PAICS;MCM7;PRDX4;ILF3;SUV39H1;POLD1;NME1;MYBL2;CENPM;ATAD2;PA2G4;CCNB2;POLD2;CDC25A;MAD2L1;BARD1;DCTPP1;PTTG1;CDK1;XPO1;CDC20;PLK4;PSMC3IP;STMN1;ZW10;RACGAP1;GINS4;TRIP13;HELLS;CSE1L;HMGB3;CHEK1;RNASEH2A;PPP1R8;GINS3;KIF18B;MCM3;HMMR;CENPE;LIG1;ASF1B;TMPO;SMC6;TCF19;AURKB;RRM2;TUBG1;BUB1B;TOP2A;ORC6;E2F8;TIPIN;RAD50;POLA2;CDKN3;KIF4A;CDC25B;DEPDC1;CCNE1;ESPL1;TACC3;DIAPH3;CDCA3;POP7;BIRC5;CDK4;DLGAP5;PLK1;TUBB;TIMELESS;CBX5;MELK;CTCF;KIF2C;UBE2T;SPC24;MMS22L;CDCA8;RFC3;DSCC1;MRE11;CIT;RAD51AP1;SMC3;SPC25;BRCA1;BRCA2;GINS1;MKI67;POLD3;MXD3,0.00578168362627197,0.006809090135330666,True,True,False,True,discordant
Mareckova_E-MTAB-14039,Immune_Lymphoid,HALLMARK_EPITHELIAL_MESENCHYMAL_TRANSITION,158,0.19267865354104027,0.9703599501292165,0.5813953488372093,ACTA2;TAGLN;SPP1;IL32;IGFBP4;IGFBP3;TIMP1;TIMP3;BGN;FLNA;PDGFRB;BMP1;TGM2;MYLK;GLIPR1;MGP;THY1;FAS;TGFB1;ITGB5;SLC6A8;TGFBR3;SERPINH1;MYL9;COL4A2;FBLN2;FBN2;SERPINE2;POSTN;MMP14;EMP3;NNMT;TNC,0.6926406926406926,0.6726221755123489,False,False,Huang_GSE214411,183,-0.551990301099593,-2.721047058723968,0.001658374792703151,FGF2;PDLIM4;FBLN2;FMOD;DKK1;LRP1;SERPINH1;LAMC1;MEST;LOXL2;PDGFRB;GAS1;DPYSL3;COL5A2;COL11A1;TIMP1;COL6A3;NID2;ECM1;DST;POSTN;PFN2;ITGB5;COL7A1;COL1A2;TGFBI;COL4A1;LGALS1;SFRP4;EFEMP2;ACTA2;LUM;COL16A1;SNAI2;ABI3BP;TGM2;SDC1;MMP2;DCN;WNT5A;FSTL1;FBN2;COL1A1;NNMT;ADAM12;ECM2;COL3A1;MGP;SPARC;GPX7;P3H1;MXRA5;TPM1;FBN1;CALD1;COL4A2;SGCB;THY1;PMP22;COL5A1;CDH2;IGFBP4;CAP2;CTHRC1;CALU;BMP1;TPM2;FBLN1;COL6A2;CDH11;SPOCK1;DAB2;SFRP1;PCOLCE;PRRX1;EDIL3;MYLK;LOX;BGN;GJA1;NT5E;ITGA2;CXCL12;VCAN;HTRA1;FBLN5;MYL9,0.00578168362627197,0.006809090135330666,True,True,False,False,not_significant_in_both
Mareckova_E-MTAB-14039,Immune_Lymphoid,HALLMARK_ESTROGEN_RESPONSE_EARLY,133,-0.39183991354117137,-1.7376929863005237,0.001447178002894356,FOS;BAG1;GLA;ELOVL5;NRIP1;TPD52L1;RAB31;WFS1;PMAIP1;PGR;FARP1;SLC7A2;EGR3;CBFA2T3;FHL2;NADSYN1;SLC16A1;FKBP4;SIAH2;ISG20L2;SLC7A5;CHPT1;CELSR1;WWC1;KRT18;RHOD;SNX24;KLF10;CA12;SEMA3B;CCND1;SLC22A5;NXT1;JAK2;RHOBTB3;KRT8;MUC1;NAV2;IGF1R;DEPTOR;SYNGR1;LRIG1;GREB1;KRT19;MYOF;RPS6KA2,0.024691358024691357,0.011689070718877849,True,True,Huang_GSE214411,184,0.28639102725774973,1.4767716489806129,0.007444168734491315,AREG;B4GALT1;RARA;SLC7A5;SIAH2;HSPB8;SLC19A2;SLC2A1;EGR3;ABHD2;CLIC3;FASN;FRK;NXT1;BHLHE40;STC2;KRT13;PMAIP1;CD44;ISG20L2;SLC37A1;DHCR7;KLF4;MYB;TMEM164;MYC;TIPARP;ABLIM1;RBBP8;CHPT1;MAST4;DHRS3;FCMR;KLF10;FLNB;KRT8;MLPH;TGIF2;ELF1;MUC1;TIAM1;ELOVL5;ITPK1;CELSR1;AMFR,0.013785497656465397,0.014179369018078695,True,True,False,True,discordant
Mareckova_E-MTAB-14039,Immune_Lymphoid,HALLMARK_ESTROGEN_RESPONSE_LATE,127,-0.34751741266995023,-1.567702310789529,0.0029498525073746312,UGDH;HPRT1;BLVRB;SORD;TPSAB1;DLG5;CPE;FOS;BAG1;SERPINA5;GLA;ELOVL5;MOCS2;NRIP1;MEST;TPD52L1;NAB2;RAB31;WFS1;PGR;FARP1;EGR3;BTG3;SLC16A1;FKBP4;SIAH2;ST14;GINS2;SLC7A5;CHPT1;HOMER2;TFPI2;CA12;DUSP2;SEMA3B;CCND1;DCXR;SLC22A5;NXT1;JAK2;GALE;TST;CD9;KRT19;MYOF;RPS6KA2,0.028441410693970423,0.01638806948541462,True,True,Huang_GSE214411,178,0.23890646396520498,1.2174142275219204,0.09350649350649351,AREG;CA2;SLC7A5;SIAH2;HSPB8;EGR3;ABHD2;CLIC3;FRK;CCNA1;NXT1;ID2;KRT13;CD44;NAB2;DHCR7;KLF4;TPSAB1;MYB;RBBP8;CHPT1;ZFP36;HPRT1;CD9;SGK1;PDCD4;FLNB;PRKAR2B;CACNA2D2;BTG3;TIAM1;ELOVL5;ITPK1,0.1305653479566523,0.13123718386876282,True,True,False,True,discordant
Mareckova_E-MTAB-14039,Immune_Lymphoid,HALLMARK_FATTY_ACID_METABOLISM,122,-0.4135229035569174,-1.8046474823247642,0.0014814814814814814,HSDL2;GRHPR;SUCLG1;XIST;UROS;SDHA;ADIPOR2;ECI1;RDH11;UGDH;PCBD1;ERP29;ACSL1;ADSL;HSD17B4;CRYZ;ACSL4;ALDH1A1;ELOVL5;MCEE;HSP90AA1;CRAT;ACAT2;IDI1;LDHA;BCKDHB;NTHL1;PTS;DLD;HPGD;DLST;PTPRG;PDHA1;UROD;ACADVL;ECHS1;PRDX6;NSDHL;ODC1;HMGCL;BPHL;SLC22A5;ACSL5;ECI2;GSTZ1;IDH1;HADHB;LTC4S;SMS;ACSM3;AADAT;HMGCS1,0.024691358024691357,0.011689070718877849,True,True,Huang_GSE214411,136,0.2562149395549733,1.2472602194262496,0.0761904761904762,CA2;ADH1C;IDI1;LDHA;FASN;GABARAPL1;S100A10;LTC4S;PTS;GLUL;HPGD;ACSL1;CRYZ;HSPH1;TP53INP2;ACSL4;HSD17B11;HIBCH;CPOX;ELOVL5;ENO2;SERINC1;ALDOA;ADIPOR2;ACSS1;SMS;SDHD;HADHB;CA4;HMGCS1;DLST;HSP90AA1;IDH1;ALDH3A2;IL4I1;CPT1A;GAPDHS;GPD2;ACADVL;PRDX6,0.11544011544011544,0.11002234828949631,True,True,False,True,discordant
Mareckova_E-MTAB-14039,Immune_Lymphoid,HALLMARK_G2M_CHECKPOINT,180,0.2630754220738128,1.3369714676812017,0.027586206896551724,BCL3;MT2A;MCM3;CENPE;PBK;CENPF;KIF11;ODF2;RAD21;SLC38A1;CDK1;CCNA2;LMNB1;HMGN2;CDKN1B;SMC4;HNRNPD;MAPK14;FOXN3;TOP2A;RPA2;MKI67;EFNA5;BUB3;TGFB1;KIF2C;NUSAP1;PTTG1;TPX2;G3BP1;KIF22;CDKN2C;SYNCRIP;AURKB;PLK1;KPNB1;PML;MCM2;CDC20;MEIS2;BUB1;KIF20B;AURKA;E2F3;UPF1;E2F4;POLQ;YTHDC1;TFDP1;BIRC5;POLA2;SMC2;CTCF;GSPT1;NOTCH2;DBF4;SMC1A;BRCA2;PURA;NCL;POLE,0.08620689655172413,0.07557864903164856,True,True,Huang_GSE214411,192,-0.34340005254374184,-1.6980342168977576,0.0016863406408094434,MEIS2;CCNB2;CDC25A;MAD2L1;BARD1;PURA;PTTG1;CDK1;XPO1;CDC20;PLK4;STMN1;KPNB1;RACGAP1;KIF23;TROAP;FANCC;RASAL2;HMGB3;CHEK1;ORC5;MCM3;HMMR;CENPE;CDC27;CENPF;NSD2;TMPO;EFNA5;E2F3;POLQ;AURKB;PBK;TOP2A;ORC6;MAP3K20;CENPA;NDC80;POLA2;CDKN3;PRC1;CDC7;KIF4A;CDC25B;DTYMK;ESPL1;TACC3;TRAIP;NUSAP1;BUB1;BIRC5;CDK4;TTK;TPX2;PLK1;SMC2;KIF20B;CTCF;CHAF1A;KIF2C;EXO1;MEIS1;HMGN2;FBXO5;INCENP;CBX1;KIF11;RBL1;CCNA2;CASP8AP2;KIF15;E2F2;BRCA2;MKI67;MARCKS;CCNF;KNL1,0.00578168362627197,0.006809090135330666,True,True,False,True,discordant
Mareckova_E-MTAB-14039,Immune_Lymphoid,HALLMARK_GLYCOLYSIS,147,-0.28868207724775974,-1.2939359068059098,0.05,NT5E;B4GALT7;HAX1;PAM;CLDN3;PGAM1;LDHA;PKM;GUSB;DLD;COG2;FKBP4;ZNF292;AGL;B3GAT3;PGLS;KDELR3;SAP30;HSPA5;NSDHL;SDC2;GOT1;AKR1A1;P4HA2;MPI;GALE;COPB2;PKP2;IDH1;CYB5A;NOL3;PPP2CB,0.14705882352941177,0.12121212121212123,True,True,Huang_GSE214411,178,0.2312423038458531,1.1783593714228238,0.11428571428571428,CTH;B4GALT1;HK2;IRS2;SLC16A3;SPAG4;HSPA5;BIK;LDHA;SOX9;VEGFA;DDIT4;P4HA1;STC2;CD44;SLC35A3;TGFA;STC1;PGK1;SOD1;CYB5A;PDK3;PRPS1;EGLN3;RRAGD;ERO1A;HOMER1;ARPP19;FAM162A,0.15037593984962405,0.15334382064060703,True,True,False,True,discordant
Mareckova_E-MTAB-14039,Immune_Lymphoid,HALLMARK_HEDGEHOG_SIGNALING,23,-0.3546481916927073,-1.110554658572175,0.319935691318328,TLE1;VLDLR;VEGFA;NF1;AMOT;RASA1;CRMP1;CELSR1;TLE3;NRCAM;NRP2,0.4847510474520121,0.4522059241248452,False,False,Huang_GSE214411,28,-0.35522788857314846,-1.2241932230227763,0.18021201413427562,GLI1;PTCH1;CRMP1;NRP1;THY1;UNC5C;DPYSL2,0.2252650176678445,0.229569444757039,True,True,True,False,not_significant_in_both
Mareckova_E-MTAB-14039,Immune_Lymphoid,HALLMARK_HEME_METABOLISM,140,-0.260009108340489,-1.1490717919691418,0.1865671641791045,SLC2A1;RNF19A;RNF123;BCAM;DCAF11;ALAD;HTATIP2;DAAM1;C3;TCEA1;PRDX2;PIGQ;MAP2K3;TSPAN5;MGST3;AGPAT4;FOXO3;FBXO34;KAT2B;NCOA4;LMO2;ISCA1;UROS;YPEL5;PSMD9;ENDOD1;SELENBP1;SLC11A2;BLVRB;NUDT4;ALDH6A1;BNIP3L;GLRX5;MARK3;SLC25A37;LAMP2;TENT5C;NFE2L1;TFRC;GCLC;LRP10;HEBP1;MKRN1;FBXO9;MOSPD1;GMPS;CDR2;BACH1;BTG2;SLC10A3;GDE1;PGLS;SLC30A1;UROD;BTRC;FECH;P4HA2;ATP6V0A1;SEC14L1;ACP5;BMP2K;FOXJ2,0.3587830080367394,0.3009147809340395,False,False,Huang_GSE214411,163,0.3432212632183372,1.7314059257123768,0.0025252525252525255,ELL2;CA2;RBM38;SDCBP;MAP2K3;BNIP3L;ISCA1;SLC2A1;YPEL5;MFHAS1;BPGM;EPOR;ACP5;KAT2B;MKRN1;SLC10A3;NUDT4;FBXO34;GCLM;KDM7A;GATA1;TOP1;NARF;NEK7;AGPAT4;NR3C1;RIOK3;TFRC;DCUN1D1;ADIPOR1;TENT5C;BMP2K;CPOX;BACH1;SEC14L1;TAL1;KHNYN;FOXJ2;AQP3;USP15;SIDT2;SLC25A38;SLC66A2;PICALM;ADD1;CIR1;FOXO3;ACSL6;SMOX;DCAF11;FBXO7;MXI1,0.00578168362627197,0.006809090135330666,True,True,False,False,not_significant_in_both
Mareckova_E-MTAB-14039,Immune_Lymphoid,HALLMARK_HYPOXIA,147,0.2723167918085704,1.3738257790460087,0.006622516556291391,CP;ETS1;CITED2;MT2A;PLAC8;PDK3;IGFBP3;PNRC1;PHKG1;BGN;RBPJ;PGM2;PIM1;RORA;B3GALT6;GPI;MYH9;TES;TGM2;CDKN1C;NR3C1;CDKN1B;DPYSL4;MT1E,0.03679175864606328,0.026757642651682387,True,True,Huang_GSE214411,178,0.38992060308567167,1.986948707547571,0.0025974025974025974,PRKCA;SERPINE1;HK2;IRS2;SIAH2;JMJD6;HS3ST1;BNIP3L;FOSL2;SLC2A1;HSPA5;LDHA;IDS;VEGFA;ERRFI1;NOCT;BHLHE40;DDIT4;P4HA1;STC2;PDK1;PLIN2;STC1;ALDOC;PGK1;WSB1;NDST2;TIPARP;CCNG2;NFIL3;PDK3;MAFF;ATP7A;RRAGD;CDKN1C;ERO1A;FAM162A;ZFP36;SDC4;PLAUR;NR3C1;CITED2;SLC2A3;PFKFB3;AMPD3;AK4;NEDD4L;GBE1;PLAC8;ANGPTL4;IL6;NDRG1;CDKN1A;ENO2;GPI;ALDOA;BTG1;TNFAIP3;MYH9;PGM2,0.00578168362627197,0.006809090135330666,True,True,True,True,concordant_positive
Mareckova_E-MTAB-14039,Immune_Lymphoid,HALLMARK_IL2_STAT5_SIGNALING,161,0.23728213564080197,1.2005829286676488,0.07947019867549669,CTLA4;FLT3LG;GBP4;PTGER2;SPP1;GPR65;TRAF1;HIPK2;ICOS;MAPKAPK2;GALM;LCLAT1;IL10RA;PIM1;RORA;CA2;DCPS;TNFRSF1B;PRAF2;CISH;PLSCR1;TGM2;CDKN1C;PDCD2L;CST7;SLC2A3;ADAM19;SELL;IL2RB;IL2RA,0.1892147587511826,0.1690855290968015,True,True,Huang_GSE214411,191,0.44920827059122104,2.2860332748996925,0.002631578947368421,SLC39A8;TNFRSF4;CD83;SNX9;CA2;HK2;IL1RL1;IRF8;LIF;PRNP;CSF2;MAPKAPK2;MAP3K8;PHLDA1;IKZF2;IL2RB;GADD45B;ABCB1;FURIN;CASP3;GABARAPL1;CDC42SE2;BHLHE40;IL13;AHR;P4HA1;CD44;PLIN2;DENND5A;HIPK2;TNFRSF18;SWAP70;MYC;NFIL3;MAFF;IL4R;IL18R1;RRAGD;CDKN1C;GATA1;CSF1;CD48;MXD1;CXCL10;DHRS3;ALCAM;CST7;SOCS2;PLSCR1;SLC2A3;SYNGR2;EMP1;IGF2R;HOPX;CCND2;MUC1;TIAM1;NDRG1;SNX14;SPRED2;ITGAE;NFKBIZ;GPR65;F2RL2;EOMES;IRF4;IFNGR1;TNFRSF9;RABGAP1L;RHOB;ARL4A;LRIG1;IL2RA;CDCP1;IL10RA;IRF6;BMP2;NOP2;IGF1R;ITGAV;TNFSF11,0.00578168362627197,0.006809090135330666,True,True,True,True,concordant_positive
Mareckova_E-MTAB-14039,Immune_Lymphoid,HALLMARK_IL6_JAK_STAT3_SIGNALING,59,0.38359883628523866,1.613851565895171,0.005747126436781609,IL2RG;PIK3R5;STAT2;A2M;CCR1;PIM1;ITGA4;TNFRSF1B;IL10RB;CBL;IFNAR1;CD38;TYK2;FAS;TGFB1;IL2RA;TNFRSF1A;LEPR;PTPN2;ACVRL1;IRF9;CSF1;IFNGR1;IL4R;MYD88;PTPN1;IL15RA,0.03679175864606328,0.02471882338400692,True,True,Huang_GSE214411,74,0.39021168133216044,1.73281411656584,0.002277904328018223,IRF1;TGFB1;CSF2;TNFRSF12A;MAP3K8;CXCL1;CSF2RB;CD44;CXCL3;IL4R;IL18R1;CD38;CSF1;CD9;CXCL10;CRLF2;IL2RG;IL6;PTPN2;IFNGR1;IL17RA;PTPN1;IL2RA;TNFRSF1B;PIK3R5;IL12RB1;HAX1;STAT3;GRB2;SOCS1;ACVR1B;BAK1;IL1R1;TYK2,0.00578168362627197,0.006809090135330666,True,True,True,True,concordant_positive
Mareckova_E-MTAB-14039,Immune_Lymphoid,HALLMARK_INFLAMMATORY_RESPONSE,119,0.26909033211340466,1.272883714816914,0.07761194029850746,RASGRP1;IL7R;PIK3R5;PTGER2;CXCR6;GPR183;TIMP1;ICAM1;IL10RA;LY6E;SLAMF1;LCP2;TNFRSF1B;CCL5;PTGER4;NLRP3;IFNAR1;NMUR1;PTPRE;LCK;STAB1;SELL;IL2RB;ABI1;LTA;APLNR,0.1892147587511826,0.16743845328728776,True,True,Huang_GSE214411,162,0.4848433095271381,2.4341647524530186,0.0026595744680851063,PTAFR;IRF7;RIPK2;SERPINE1;IRF1;GCH1;NFKB1;LIF;FFAR2;CCL20;IL2RB;C3AR1;ICAM1;SGMS2;CCR7;CD55;AHR;TAPBP;GNA15;ATP2A2;HRH1;ABCA1;ABI1;CX3CL1;NOD2;MYC;CXCL8;IL1A;HIF1A;IL4R;IL18R1;BST2;NAMPT;CSF1;CD48;CCRL2;MXD1;CXCL10;IL18;PLAUR;NFKBIA;PTPRE;SEMA4D;CD82;EDN1;LYN;ATP2C1;EMP3;IRAK2;HBEGF;IL6;CDKN1A;RNF144B;RELA;SPHK1;SLC4A4;IFITM1;CCL5;LTA;GPR183;RGS1;TNFRSF9;CSF3;ICOSLG;IL10RA;FZD5;SLC7A1;F3;SCN1B;GPR132;TNFRSF1B;PIK3R5;ADM;RHOG;GNAI3;NMUR1,0.00578168362627197,0.006819421713038734,True,True,True,True,concordant_positive
Mareckova_E-MTAB-14039,Immune_Lymphoid,HALLMARK_INTERFERON_ALPHA_RESPONSE,87,0.27874095894869105,1.265621983080302,0.08459214501510574,NUB1;GBP4;STAT2;TXNIP;LY6E;PSME1;PLSCR1;GBP2;IFI44L;SELL;PROCR;PARP14;LAP3;MX1;IRF9;PSME2;SP110;CSF1;TAP1;TRIM14;IL4R;IFITM2;ISG20;HERC6;SAMD9L;TMEM140;IRF1;OAS1;DDX60,0.19225487503433122,0.17441679384557887,True,True,Huang_GSE214411,93,0.3252107497555555,1.499944981137254,0.019559902200488997,TENT5A;IRF7;RIPK2;IRF1;CMPK2;OASL;IL4R;BST2;LAP3;GBP2;CD47;CSF1;CCRL2;CXCL10;PLSCR1;SLC25A28;ELF1;ISG15;GMPR;IFITM1;IFIH1;IFITM2;NCOA7;B2M;TRIM26;TAP1,0.03372396931118793,0.03401722121824174,True,True,True,True,concordant_positive
Mareckova_E-MTAB-14039,Immune_Lymphoid,HALLMARK_INTERFERON_GAMMA_RESPONSE,169,0.29947389146762105,1.5075652892801672,0.007751937984496124,STAT4;GBP4;MT2A;MTHFD2;STAT2;SLAMF7;ICAM1;TXNIP;IL10RA;PIM1;LY6E;LCP2;PSME1;HLA-B;RAPGEF6;CCL5;SAMHD1;XAF1;PLSCR1;CASP7;CD38;KLRK1;VAMP5;FAS;IFI44L;IL2RB;AUTS2;PARP14;LAP3;MX1;PTPN6;PTPN2;CFH;IRF9;PSME2;IRF4;SP110;PML;PSMB10;TAP1;TRIM14;IL4R;MYD88;PTPN1;IFITM2;IL15RA;ISG20;APOL6;HERC6;SAMD9L,0.03875968992248062,0.02832058906825262,True,True,Huang_GSE214411,186,0.3929664102877246,2.0122458301691526,0.002617801047120419,PTGS2;IRF7;RIPK2;GPR18;IRF1;GCH1;IRF8;NFKB1;UPP1;AUTS2;IL2RB;BPGM;CMPK2;CASP3;ICAM1;XCL1;TAPBP;CSF2RB;STAT4;HIF1A;HLA-A;OASL;IL4R;CD38;BST2;LAP3;NAMPT;PLA2G4A;CXCL10;NFKBIA;MTHFD2;PLSCR1;SLC25A28;IL6;CDKN1A;ISG15;LYSMD2;PTPN2;BTG1;CCL5;TNFAIP3;IFIH1;IRF4;SPPL2A;IFITM2;B2M;PTPN1;ARL4A;HLA-DRB1;TRIM26;TAP1;IL10RA;GZMA;HLA-B;LATS2;SAMHD1;TOR1B;NOD1;VAMP8;ITGB7;ST8SIA4;APOL6;RAPGEF6;ST3GAL5;PSMB10;TDRD7;FGL2;RSAD2;PNP;STAT3,0.00578168362627197,0.006809090135330666,True,True,True,True,concordant_positive
Mareckova_E-MTAB-14039,Immune_Lymphoid,HALLMARK_KRAS_SIGNALING_DN,51,-0.24147914407154825,-0.9180118694899335,0.6138279932546374,CAMK1D;HSD11B2;SNN;BARD1;NR4A2;MFSD6,0.6987983281086729,0.6950511580950163,False,False,Huang_GSE214411,89,0.19139771948330123,0.8748058844520562,0.7074340527577938,LFNG;ZBTB16;CCNA1;SKIL;KRT13;KRT1;PTPRJ;NR4A2;SGK1;SNN;EDN1;TENT5C;SIDT1;KRT5,0.7525894178274403,0.7525894178274403,False,False,False,False,not_significant_in_both
Mareckova_E-MTAB-14039,Immune_Lymphoid,HALLMARK_KRAS_SIGNALING_UP,136,-0.24652324484942778,-1.1070499032983356,0.27605633802816903,RABGAP1L;TOR1AIP2;EMP1;ZNF277;ATG10;NIN;CROT;MPZL2;FGF9;SCG5;PIGR;JUP;GPNMB;GPRC5B;SEMA3B;LIF;RBM4;RGS16;PRELID3B;PPP1R15A;DCBLD2;AVL9;PLAU;VWA5A;BIRC3;CSF2;GNG11,0.44525215810995006,0.40897235263432447,False,False,Huang_GSE214411,168,0.28833478776878496,1.456927295197872,0.0025974025974025974,PTGS2;ADAM8;CA2;VWA5A;IRF8;F2RL1;LIF;CSF2;LAT2;GALNT3;SATB1;WNT7A;CCL20;BPGM;ABCB1;SOX9;C3AR1;FCER1G;ID2;CD37;USP12;MMP9;MPZL2;KLF4;LAPTM5;SPRY2;ERO1A;CXCL10;PLAUR;IL2RG;DUSP6;YRDC;EMP1;TMEM176B;CCND2;HBEGF;GADD45G;ANGPTL4;CCSER2;TNFAIP3;PRELID3B;CTSS;RABGAP1L;GLRX;WDR33;ITGB2;IL10RA;ANKH;TRIB1;BMP2,0.00578168362627197,0.006809090135330666,True,True,False,False,not_significant_in_both
Mareckova_E-MTAB-14039,Immune_Lymphoid,HALLMARK_MITOTIC_SPINDLE,184,0.21386954847378115,1.090212978333903,0.21568627450980393,PREX1;CENPE;CENPF;RFC1;KIF11;FLNA;CDK1;WASF2;RAPGEF6;NCK1;MYH9;LMNB1;LLGL1;SMC4;TOP2A;MARK4;SASS6;ROCK1;ARHGEF2;ACTN4;KIF2C;NUSAP1;ABI1;CEP131;ARHGAP27;TPX2;CDK5RAP2;SUN2;ARHGDIA;RASA2;BIN1;KIF22;DOCK2;ARHGEF3;MYO9B;STK38L;PLK1;ARHGAP4;MAP1S,0.3989510099319273,0.34100596760443314,False,False,Huang_GSE214411,198,-0.3020661416584294,-1.4780589999217761,0.0016638935108153079,EPB41L2;DLG1;PIF1;WASF1;CDK1;RASA1;CEP192;ECT2;KPTN;NF1;RACGAP1;RABGAP1;KIF23;BCAR1;RASAL2;CDC42EP1;ALMS1;CENPE;CDC27;CENPF;RAPGEF5;TAOK2;MARK4;TUBGCP5;TOP2A;HDAC6;NDC80;PRC1;KIF4A;CCDC88A;MAP1S;WASL;MYH10;ESPL1;NUSAP1;CEP131;CKAP5;BUB1;BIRC5;APC;TTK;TPX2;DLGAP5;PLK1;SHROOM2;DST;KIF20B;FSCN1;KIF2C;PALLD;FBXO5;INCENP;ITSN1;SOS1;KIF11;SAC3D1;KIF15;SMC3;PKD2;FARP1;CDC42BPA;WASF2;BRCA2;MARCKS;DOCK4;CDC42EP2;ARHGAP29,0.00578168362627197,0.006809090135330666,True,True,False,False,not_significant_in_both
Mareckova_E-MTAB-14039,Immune_Lymphoid,HALLMARK_MTORC1_SIGNALING,181,-0.32701652958672184,-1.5258915530777941,0.0028089887640449437,NFKBIB;RDH11;HPRT1;VLDLR;SORD;QDPR;HSPD1;USO1;PIK3R3;PSMA4;SC5D;TFRC;GLA;GCLC;PSMD13;PSMG1;ELOVL5;HSPA9;RAB1A;EEF1E1;ACTR3;EBP;CDKN1A;GMPS;COPS5;CALR;PSMD12;IDI1;LDHA;ETF1;BTG2;LDLR;ATP6V1D;HMGCR;SLC7A5;DAPP1;PPA1;ATP5MC1;PSMB5;ATP2A2;PSMD14;HSPA5;HSPA4;GAPDH;GOT1;HSPE1;LTA4H;TM7SF2;NAMPT;GTF2H1;PPP1R15A;ACACA;IDH1;SEC11A;ACSL3;CD9;IFI30;SQLE;HMGCS1,0.028441410693970423,0.01611928269192021,True,True,Huang_GSE214411,197,0.40382406457434533,2.0644287546613467,0.002583979328165375,IFRD1;CTH;HK2;SLC7A5;MAP2K3;TUBA4A;IDI1;SERP1;HSPE1;SLC2A1;HSPA5;SQSTM1;LDHA;ACSL3;BHLHE40;DDIT4;P4HA1;UBE2D3;PDK1;ATP2A2;HSPA9;STC1;STARD4;HSPA4;HSPD1;DHCR7;PGK1;ETF1;NFIL3;UFM1;EDEM1;EGLN3;CACYBP;ERO1A;NAMPT;INSIG1;SKAP2;HPRT1;CD9;NFKBIB;RIT1;MTHFD2;TFRC;STIP1;SLC2A3;AK4;GBE1;HMGCR;CYP51A1;ELOVL5;CDKN1A;LTA4H;GGA2;GPI;ALDOA;ACACA;ADIPOR2;TBK1;CCNG1;GSR;GLRX;PNO1;SCD;ITGB2;GTF2H1;PSMD12;SLA;SHMT2;HMGCS1;ENO1;RPA1;PLOD2;SQLE;RAB1A;IDH1;TES;GLA;SLC1A5;GSK3B;CFP;M6PR;FGL2;PNP,0.00578168362627197,0.006809090135330666,True,True,False,True,discordant
Mareckova_E-MTAB-14039,Immune_Lymphoid,HALLMARK_MYC_TARGETS_V1,192,0.13130854903073255,0.6739190488489902,1.0,SNRPA;PA2G4;RRM1;EIF3J;HNRNPC;CCNA2;POLE3;STARD7;RPL6;MRPL9;FBL;HNRNPD;SSB;BUB3;PCBP1;GLO1;SNRPD2;ABCE1;EIF2S2;G3BP1;SET;HDGF;RPL34;PABPC1;ERH;SYNCRIP;KPNB1;CNBP;MCM2;CDC20;PPIA;NOP16;NCBP1,1.0,1.0,False,False,Huang_GSE214411,195,0.33305216839417184,1.710826114115575,0.002551020408163265,IFRD1;PABPC1;HSPE1;RPL34;LDHA;SRSF2;EIF4G2;RPL22;EIF1AX;PABPC4;EIF4E;DDX21;HSPD1;RPL14;PGK1;RPS6;ETF1;CCT4;MYC;DDX18;EEF1B2;RSL1D1;XPOT;SF3A1;HPRT1;HNRNPA1;AP3S1;PCBP1;GSPT1;RPS3;HNRNPA2B1;TCP1;DHX15;G3BP1;KPNA2;SSB;PTGES3;RPL18;RNPS1;GNL3;HSP90AB1;RPL6;NPM1;STARD7;EIF4H;HNRNPC,0.00578168362627197,0.006809090135330666,True,True,True,False,not_significant_in_both
Mareckova_E-MTAB-14039,Immune_Lymphoid,HALLMARK_MYC_TARGETS_V2,54,-0.2266078221326786,-0.87642739600677,0.7004680187207488,IMP4;MRTO4;IPO4;PRMT3;LAS1L;DUSP2;HSPE1;MPHOSPH10,0.7613782812182052,0.7676361848994507,False,False,Huang_GSE214411,57,0.2139294388275464,0.8890051789008077,0.6756152125279642,HK2;HSPE1;SUPV3L1;HSPD1;MYC;DDX18;WDR74;GNL3;PPRC1;NPM1;NOP2;NOP56;NOLC1;NIP7,0.7343643614434393,0.7264679704601765,False,False,False,False,not_significant_in_both
Mareckova_E-MTAB-14039,Immune_Lymphoid,HALLMARK_MYOGENESIS,103,-0.22722042083042693,-0.9785200293456522,0.5124087591240876,COL15A1;OCEL1;GSN;RB1;AGRN;SORBS3;MYOM2;MAPK12;PICK1;ACSL1;CHRNB1;SPDEF;BAG1;PTP4A3;GADD45B;TPD52L1;MEF2A;SSPN;ADAM12;CDKN1A;CRAT;MYL6B;EIF4A2;GAA;NQO1;AGL;CDH13;PDE4DIP;MRAS;FGF2;CLU;NAV2;AK1;TSC2,0.656934306569343,0.6246956288098877,False,False,Huang_GSE214411,147,-0.29160411058447666,-1.3773849587642506,0.023547880690737835,ITGB5;APLNR;APP;CRAT;SSPN;CFD;SORBS3;TEAD4;COL1A1;ADAM12;COL3A1;MRAS;SMTN;SPARC;MEF2C;PDLIM7;COL4A2;APOD;EFS;SVIL;COX7A1;IGFBP7;TPM2;COL6A2;CDH13;MYLK;MYO1C;AEBP1,0.0392464678178964,0.03957627006846695,True,True,True,False,not_significant_in_both
Mareckova_E-MTAB-14039,Immune_Lymphoid,HALLMARK_NOTCH_SIGNALING,27,-0.3812288683364564,-1.2367382774968012,0.1697792869269949,HES1;WNT2;RBX1;APH1A;DLL1;PPARD;DTX1;FZD1;WNT5A;SKP1;JAG1;SAP30;CCND1,0.3395585738539898,0.2829654782116582,False,False,Huang_GSE214411,32,0.3752931310107281,1.35883094902039,0.0966183574879227,PRKCA;DLL1;LFNG;NOTCH1;FZD7;JAG1;NOTCH2;SKP1;FZD5;FZD1;PSEN2,0.1305653479566523,0.13326669998334167,True,True,False,False,not_significant_in_both
Mareckova_E-MTAB-14039,Immune_Lymphoid,HALLMARK_OXIDATIVE_PHOSPHORYLATION,200,-0.2695911624825155,-1.275492558433587,0.05555555555555555,CS;COX7A2L;ATP5PF;UQCRFS1;VDAC3;MGST3;NDUFS1;COX11;SLC25A5;NDUFS8;ATP5PD;NDUFB2;HSD17B10;NDUFA4;ATP5F1A;PHYH;MRPS30;SLC25A11;ATP1B1;SUCLG1;ISCA1;BAX;SDHA;COX6C;ALAS1;TIMM13;ECI1;NDUFAB1;NDUFB8;ACADSB;COX7A2;NDUFB4;MRPS12;ALDH6A1;TOMM70;IDH3A;ATP5PO;NDUFS4;NDUFA9;NDUFS2;NDUFV2;HSPA9;ATP6V0B;CYCS;LDHA;DLD;MRPL11;TCIRG1;ABCB7;VDAC2;MRPS22;ATP6V1D;BDH2;PDP1;ATP5F1C;DLST;MTRF1;PDHA1;ATP5MC1;ACADVL;DLAT;NDUFC2;ECHS1;LDHB;ATP6V1G1;MTX2;IDH1;HADHB;HADHA;CYB5A;AIFM1,0.15432098765432098,0.13386880856760375,True,True,Huang_GSE214411,200,0.2260805921455326,1.1885230423767523,0.09585492227979274,OAT;ISCA1;ATP1B1;PDP1;CYCS;LDHA;ETFA;SUPV3L1;MRPS30;HSPA9;CYB5A;FDX1;GRPEL1;PHYH;UQCRB;ATP6V1G1;MRPS22;ISCU;VDAC2;GLUD1;GPI;COX7C;NDUFA1;MAOB;TCIRG1;TIMM17A;NDUFB6;SDHD;HADHB;SLC25A4;NDUFC2;DLST;CS;IDH1;COX17;ATP5MG;CPT1A;ATP6V1F;NDUFA3;TOMM22;ACADVL;OGDH;NDUFA5;ATP5F1E;POR;ETFDH;NDUFB4;UQCRH;ATP6V0C;COX7B;SLC25A3;SDHB;OPA1;NDUFB3;ATP6V1H;NDUFA2;NQO2;ALAS1;ATP6AP1,0.1305653479566523,0.13313183649971214,True,True,False,True,discordant
Mareckova_E-MTAB-14039,Immune_Lymphoid,HALLMARK_P53_PATHWAY,164,-0.3234026750319725,-1.482875837745593,0.0103397341211226,TPD52L1;RNF19B;APAF1;PVT1;CD81;PPM1D;TRIAP1;CDKN1A;SLC3A2;TNFSF9;CCP110;BTG2;RAB40C;MDM2;TM7SF3;ST14;PIDD1;CDH13;PLK3;HINT1;BAK1;MKNK2;RPS27L;LDHB;SAT1;DCXR;LIF;ABCC5;CCNK;RGS16;CSRNP2;EI24;GM2A;PPP1R15A;SERTAD3;BAIAP2;HEXIM1;IFI30;XPC;VWA5A;AK1,0.03976820815816384,0.033507853403141365,True,True,Huang_GSE214411,186,0.4229801764679303,2.1659360038396462,0.002617801047120419,RNF19B;DNTTIP2;VWA5A;HEXIM1;IER5;MKNK2;LIF;TRAF4;UPP1;SLC19A2;TGFB1;SLC35D1;ZBTB16;PLK2;CDKN2AIP;SLC3A2;RPS12;CEBPA;VDR;NOTCH1;DDIT4;S100A10;CSRNP2;RALGDS;SAT1;NINJ1;TGFA;RHBDF2;KLF4;GADD45A;ZFP36L1;IL1A;RAP2B;EPHA2;FAM162A;RXRA;MXD1;STOM;CGRRF1;CTSD;PTPRE;EPS8L2;CD82;ISCU;RRAD;CCND2;HBEGF;CDKN2B;NDRG1;CDKN1A;SPHK1;RCHY1;BTG1;TM7SF3;RPL18;PITPNC1;CCNG1;TAP1;PLK3;RPL36;BMP2;ERCC5;S100A4;GM2A;BAIAP2;MDM2;VAMP8;CCNK;FOXO3;TOB1;COQ8A;ABHD4;SESN1,0.00578168362627197,0.006809090135330666,True,True,False,True,discordant
Mareckova_E-MTAB-14039,Immune_Lymphoid,HALLMARK_PANCREAS_BETA_CELLS,13,-0.27505509049040666,-0.7651777439432067,0.7574171029668412,MAFB;SRP9;PAK3;LMO2;SRPRB;SRP14;SEC11A,0.8018585131894485,0.8122435420555938,False,False,Huang_GSE214411,16,-0.23641700063781257,-0.6910719699528807,0.8716981132075472,LMO2,0.8894878706199462,0.8872245427048826,False,False,True,False,not_significant_in_both
Mareckova_E-MTAB-14039,Immune_Lymphoid,HALLMARK_PEROXISOME,80,-0.2580497675379324,-1.072261623017011,0.34446130500758726,TSPO;RDH11;FIS1;ACSL1;CADM1;HSD17B4;NUDT19;ACSL4;ALDH1A1;CDK7;PEX2;ELOVL5;MSH2;CRAT;IDI1;ABCD3;SLC23A2;HMGCL;ACSL5;ABCC5;SEMA3C;HSD11B2;ECI2;IDH1,0.49271791899137746,0.4726572575082325,False,False,Huang_GSE214411,90,0.20563435560068224,0.9362328576103324,0.5862831858407079,PABPC1;IDI1;ABCB1;SOD1;ACSL1;DHRS3;SLC25A19;ACSL4;HSD17B11;ELOVL5;BCL10;SLC23A2;SLC25A4;SCP2;NUDT19;CDK7;IDH1;CNBP;SLC27A2;CADM1;CTBP1,0.6662308930008045,0.637264332435552,False,False,False,False,not_significant_in_both
Mareckova_E-MTAB-14039,Immune_Lymphoid,HALLMARK_PI3K_AKT_MTOR_SIGNALING,91,-0.2229253365680698,-0.9410804292455952,0.556732223903177,PIK3R3;PRKAG1;PPP2R1B;ECSIT;MKNK1;ACTR3;GRB2;CDKN1A;CALR;PIKFYVE;ITPR2;THEM4;MAPK9;DAPP1;MKNK2;MAPK10;PLA2G12A;MAP2K6;CLTC;ACACA;TSC2,0.6926406926406926,0.6588547028439965,False,False,Huang_GSE214411,99,0.35046976219113224,1.6441280437641757,0.004728132387706856,MAP2K3;MKNK2;SLC2A1;SQSTM1;UBE2D3;PDK1;EIF4E;CAB39;RPS6KA3;NFKBIB;RIT1;SMAD2;IL2RG;PIKFYVE;MAPK1;VAV3;FASLG;TIAM1;CDKN1A;PRKAR2A;ACACA;TBK1;RALB;GRK2;SLA;ARF1;NOD1;PRKCB;UBE2N;GSK3B;ARPC3;ATF1;GRB2;FGF22;AKT1,0.009456264775413711,0.009649249770830318,True,True,False,False,not_significant_in_both
Mareckova_E-MTAB-14039,Immune_Lymphoid,HALLMARK_PROTEIN_SECRETION,92,-0.34980526780661986,-1.4764293694196853,0.011976047904191617,KIF1B;EGFR;RAB2A;USO1;VPS45;LAMP2;GOSR2;GLA;TMED2;AP3S1;AP1G1;SGMS1;SEC24D;GOLGA4;SSPN;ABCA1;PAM;COG2;DST;CAV2;LMAN1;CD63;KRT18;TSG101;STX12;TOM1L1;CLTC;COPB2;ATP1A1;SNX2,0.04153686396677051,0.037425149700598806,True,True,Huang_GSE214411,93,0.2718109760356832,1.253653237567301,0.09290953545232274,GALC;RAB9A;AP1G1;ATP1A1;BNIP3;STAM;ARFGAP3;ABCA1;ADAM10;SOD1;ATP7A;RPS6KA3;AP3S1;IGF2R;MAPK1;RAB5A;NAPA;RAB22A;GNAS;ARF1;ARFGEF2;KRT18;GLA;VAMP7;SNX2;M6PR;SGMS1;DOP1A;TMX1;SNAP23;CLCN3;ANP32E,0.1305653479566523,0.13085850063707427,True,True,False,True,discordant
Mareckova_E-MTAB-14039,Immune_Lymphoid,HALLMARK_REACTIVE_OXYGEN_SPECIES_PATHWAY,46,-0.31184729227770236,-1.1674334104481514,0.2313915857605178,ATOX1;TXNRD2;JUNB;TXN;NDUFB4;ERCC2;NDUFS2;SCAF4;GCLC;PRDX4;GLRX2;NQO1;PRDX6;PDLIM1;FES,0.3989510099319273,0.35736152241006613,False,False,Huang_GSE214411,47,0.31252402728134615,1.2701364486846105,0.1328976034858388,PRNP;ABCC1;SOD1;GCLM;SBNO2;LSP1;OXSR1;GSR;GLRX;SCAF4;GLRX2;FTL;MSRA;PRDX6;NDUFB4;PDLIM1;MBP;FES;PFKP;JUNB;CDKN2D;TXNRD1;SELENOS;G6PD;HHEX;CAT;NDUFA6,0.17038154293056254,0.17602331587528317,True,True,False,False,not_significant_in_both
Mareckova_E-MTAB-14039,Immune_Lymphoid,HALLMARK_SPERMATOGENESIS,59,0.22083696664562463,0.9290906298880647,0.6149425287356322,GFI1;CDK1;PARP2;PGS1;PCSK1N;KIF2C;PHKG2;GSTM3;POMC;TLE4;BUB1;AURKA;SPATA6;TOPBP1;NCAPH;STRBP;IP6K1;DBF4;CSNK2A2,0.6987983281086729,0.6950511580950163,False,False,Huang_GSE214411,78,-0.269025813321505,-1.144593182825407,0.23426573426573427,NEFH;COIL;OAZ3;SPATA6;CDKN3;PACRG;NCAPH;IFT88;PARP2;BUB1;TTK;MTOR;SCG5;KIF2C;SHE;NPHP1;RPL39L;PCSK1N,0.2856899198362613,0.2919199180881424,False,False,False,False,not_significant_in_both
Mareckova_E-MTAB-14039,Immune_Lymphoid,HALLMARK_TGF_BETA_SIGNALING,49,-0.2860538542156941,-1.0728111311652966,0.3458401305057096,ID1;ARID4B;HDAC1;LTBP2;FKBP1A;JUNB;SKI;IFNGR2;RAB31;SMURF1;THBS1;KLF10;BMPR1A;ID3;FURIN;SMAD7;PPP1R15A,0.49271791899137746,0.4726572575082325,False,False,Huang_GSE214411,53,0.3683764540287308,1.5388580104223892,0.016985138004246284,SERPINE1;TGFB1;CTNNB1;SMAD7;FURIN;SKIL;BCAR3;ID2;UBE2D3;HIPK2;SKI;CDKN1C;THBS1;KLF10;TGIF1;TGFBR1;BMP2;CDH1;SMURF2;SLC20A1,0.03033060357901122,0.02992975859779081,True,True,False,False,not_significant_in_both
Mareckova_E-MTAB-14039,Immune_Lymphoid,HALLMARK_TNFA_SIGNALING_VIA_NFKB,158,-0.36296344992192137,-1.6759184006545895,0.0014265335235378032,VEGFA;FOS;CCNL1;IFNGR2;FJX1;ATP2B1;BIRC2;ACKR3;PER1;GADD45B;RNF19B;EGR2;SLC16A6;CD83;ABCA1;CXCL2;CDKN1A;DENND5A;SDC4;EGR3;TNFSF9;BTG3;BTG2;LDLR;MCL1;IFIT2;JAG1;KDM6B;KLF10;SAT1;DUSP2;CCND1;LIF;FOSB;TNF;DUSP4;TUBB2A;NAMPT;PPP1R15A;SNN;IL18;NR4A2;IER2;PLAU;RIPK2;BIRC3;NR4A1;CSF2;RHOB;EGR1,0.024691358024691357,0.011689070718877849,True,True,Huang_GSE214411,193,0.6851337401488008,3.5852561657507978,0.0024875621890547263,PTGS2;RNF19B;AREG;CD83;PHLDA2;NR4A3;B4GALT1;TUBB2A;RIPK2;NR4A1;SERPINE1;IRS2;IER5;IRF1;MAP2K3;GCH1;NFKB1;SPSB1;F2RL1;LIF;RELB;CSF2;ZC3H12A;EIF1;BIRC2;PLK2;MAP3K8;CXCL1;PHLDA1;FOSL2;KDM6B;EGR3;CCL20;SQSTM1;GADD45B;VEGFA;B4GALT5;ICAM1;LITAF;FOSB;BHLHE40;GEM;ID2;PANX1;PER1;CD44;SAT1;MCL1;NINJ1;DENND5A;ABCA1;BCL3;EHD1;KLF4;JAG1;MYC;GADD45A;IL1A;TIPARP;CXCL3;NFIL3;MAFF;FOSL1;KYNU;NR4A2;SERPINB8;NAMPT;ZFP36;SDC4;CSF1;PDLIM5;CCRL2;BCL2A1;MXD1;SGK1;NFKB2;CXCL10;IL18;PLAUR;NFKBIA;PTPRE;KLF10;IL23A;SIK1;YRDC;SLC2A3;PFKFB3;SNN;EDN1;REL;CEBPD;EGR2;ETS2;HBEGF;BTG3;IL6;CDKN1A;TGIF1;RELA;SPHK1;DUSP4;BCL6;DNAJB4;BTG1;CCL5;TNFAIP3;IFIH1;GPR183;TNFRSF9;RHOB;ICOSLG;NFKBIE;TAP1;TRIB1;CCNL1;BMP2,0.00578168362627197,0.006809090135330666,True,True,False,True,discordant
Mareckova_E-MTAB-14039,Immune_Lymphoid,HALLMARK_UNFOLDED_PROTEIN_RESPONSE,102,-0.30603050544485594,-1.3024768657126327,0.07186544342507645,FUS;EIF4EBP1;LSM1;DCP1A;DDIT4;NABP1;PAIP1;ATF4;CNOT2;DDX10;EIF2S1;EDC4;SRPRB;VEGFA;LSM4;EIF4A1;GOSR2;CEBPG;HSPA9;NFYA;WFS1;CALR;POP4;FKBP14;EIF2AK3;EIF4A2;SLC7A5;WIPI1;KDELR3;ATP6V0D1;HSPA5;CXXC1;HERPUD1;EIF4G1;TUBB2A;SEC11A,0.1891195879607275,0.16154001480783467,True,True,Huang_GSE214411,108,0.33564758903219627,1.5788939939382993,0.002403846153846154,TUBB2A;SLC7A5;DCP1A;EIF4A3;CNOT2;SERP1;HSPA5;DNAJB9;HERPUD1;VEGFA;EIF2AK3;DDIT4;STC2;BAG3;HSPA9;EIF4E;ATF4;EDEM1;KHSRP;ERO1A;XPOT;YWHAZ;MTHFD2;PAIP1;SLC30A5;NPM1;EEF2;HYOU1;DNAJA4;EIF4A1;DNAJC3;NOP56;LSM1;NOLC1;TSPYL2;CEBPB;SPCS3;CEBPG;EXOC2,0.00578168362627197,0.006809090135330666,True,True,False,True,discordant
Mareckova_E-MTAB-14039,Immune_Lymphoid,HALLMARK_UV_RESPONSE_DN,129,-0.24094299559591736,-1.0551538375060414,0.35807860262008734,RUNX1;ERBB2;COL1A2;PDLIM5;KIT;LPAR1;SRI;VLDLR;VAV2;PIAS3;FZD2;PIK3R3;CDK13;ADGRL2;EFEMP1;IRS1;ATP2B1;DDAH1;DMAC2L;FHL2;BCKDHB;PTPN21;LDLR;CDC42BPA;MIOS;BMPR1A;LTBP1;GRK5;APBB2;ANXA4;SDC2;SLC7A1;SMAD7;IGF1R;SIPA1L1;NR1D2;NFIB,0.49271791899137746,0.48226074426947785,False,False,Huang_GSE214411,135,-0.34887745757030575,-1.6682484230051426,0.0034482758620689655,MGLL;PLCB4;FZD2;SYNE1;PIAS3;LAMC1;PDGFRB;FHL2;SDC2;COL5A2;RBPMS;COL11A1;PLPP3;COL1A2;SPOP;APBB2;TOGARAM1;SNAI2;TJP1;ADGRL2;MAP1B;COL1A1;COL3A1;LTBP1;LPAR1;MAGI2;PTPN21;MMP16;CDC42BPA;NRP1;PMP22;TFPI;CAP2;DAB2;EFEMP1;IGFBP5;GJA1;FBLN5;AGGF1,0.007183908045977011,0.007297938332421091,True,True,True,False,not_significant_in_both
Mareckova_E-MTAB-14039,Immune_Lymphoid,HALLMARK_UV_RESPONSE_UP,125,-0.271050578787114,-1.2044998734922556,0.1287988422575977,FOS;CEBPG;PTPRD;TFRC;CASP3;SULT1A1;NPTXR;TGFBRAP1;CXCL2;DNAJA1;BTG3;EPCAM;PRPF3;BTG2;FKBP4;MSX1;BAK1;E2F5;UROD;EIF5;FURIN;FOSB;AMD1;DNAJB1;CHKA;TST;CREG1;HSPA2;NR4A1;RHOB,0.2683309213699952,0.23102931346654296,False,True,Huang_GSE214411,141,0.4037186601336795,2.002574828982315,0.0025188916876574307,CHKA;HSPA2;CA2;NR4A1;IRF1;GCH1;TUBA4A;KCNH2;SQSTM1;ABCB1;FGF18;FURIN;CASP3;ICAM1;FOSB;DNAJA1;BCL2L11;HSPA13;DDX21;NPTX2;NXF1;CDKN1C;AGO2;GRPEL1;AMD1;NFKBIA;PPP1R2;CLCN2;TFRC;STIP1;GLS;GRINA;LYN;RRAD;CDKN2B;BTG3;IL6;ENO2;CREG1;ALDOA;RAB27A;PRKCD;BTG1;ARRB2;EIF2S3;HLA-F;RHOB;TAP1;AQP3;BMP2;SLC25A4;POLG2;FKBP4;CHRNA5;BID;MARK2;EIF5,0.00578168362627197,0.006809090135330666,True,True,False,False,not_significant_in_both
Mareckova_E-MTAB-14039,Immune_Lymphoid,HALLMARK_WNT_BETA_CATENIN_SIGNALING,32,0.22469468573855184,0.8071936495804976,0.7697841726618705,HDAC5;RBPJ;JAG2;DVL2;LEF1;KAT2A;ADAM17;SKP2,0.8018585131894485,0.8189193326190112,False,False,Huang_GSE214411,39,0.38068876144713926,1.4764027727015512,0.04157043879907621,DLL1;CTNNB1;MAML1;NOTCH1;FRAT1;JAG1;MYC;AXIN1;TCF7;CCND2;NCSTN;HDAC5;FZD8;FZD1;PSEN2;HEY1;JAG2;RBPJ;PPARD,0.06495381062355658,0.06445029271174606,True,True,True,False,not_significant_in_both
Mareckova_E-MTAB-14039,Immune_Lymphoid,HALLMARK_XENOBIOTIC_METABOLISM,122,-0.22947338562094544,-1.0014404620864719,0.4488888888888889,UGDH;HPRT1;SAR1B;BLVRB;ENPEP;AHCY;FAH;PPARD;SERTAD1;GCLC;ELOVL5;LONP1;FBP1;CROT;PTS;LCAT;GSS;NQO1;JUP;GCNT2;ATP2A2;DCXR;MCCC2;PYCR1;NDRG2;BPHL;SLC35B1;IDH1;CNDP2;ASL;SPINT2;CYB5A;ESR1,0.5906432748538012,0.5736599219027334,False,False,Huang_GSE214411,146,0.21817645816581882,1.0800208526535855,0.2647058823529412,SERTAD1;CA2;SERPINE1;GCH1;IRF8;ADH1C;UPP1;SLC35D1;GABARAPL1;ID2;ATP2A2;NINJ1;PTS;CYB5A;EPHA2;KYNU;ARPP19;HPRT1;PDLIM5;TMEM176B;CYP26A1;ETS2;ELOVL5;AKR1C3;ABHD6;PTGES3;SPINT2;GSR;SHMT2;ARG2;DHRS1;AP4B1;IDH1;SMOX;GNMT;CNDP2;SLC1A5;TMBIM6;PSMB10;DHPS;POR;DDT;PPARD;SLC6A6;DHRS7;ETFDH;FBP1;IL1R1,0.31512605042016806,0.3226560673369184,False,False,False,False,not_significant_in_both
